order_id,order_date,channel,store_name,region,country,product_name,category,subcategory,quantity,revenue,cost,is_returned
1,2025-12-08,Online,Store 014,West,Spain,Product 071,Clothing,Clothing 4,9,1376.91,991.54,false
2,2025-01-03,Online,Store 031,North,France,Product 093,Garden,Garden 2,6,2825.94,2030.27,false
3,2023-03-18,Store,Store 002,South,Spain,Product 015,Garden,Garden 4,7,454.93,321.40,false
4,2024-12-29,Online,Store 036,North,Germany,Product 050,Home,Home 3,9,3311.91,1743.07,false
5,2024-03-13,Online,Store 009,West,Italy,Product 114,Sports,Sports 3,3,767.97,423.41,false
6,2023-04-26,Store,Store 032,South,Spain,Product 019,Electronics,Electronics 4,9,1916.91,1359.50,false
7,2025-09-20,Online,Store 036,North,Germany,Product 107,Clothing,Clothing 4,5,2464.95,1405.12,true
8,2023-01-14,Online,Store 004,West,Netherlands,Product 039,Garden,Garden 4,9,4112.91,2385.15,false
9,2024-07-22,Store,Store 027,South,Italy,Product 089,Clothing,Clothing 2,8,2583.92,1779.91,false
10,2025-04-12,Store,Store 006,North,Germany,Product 010,Toys,Toys 3,10,3759.90,2490.21,false
11,2025-08-09,Store,Store 036,North,Germany,Product 092,Home,Home 1,3,1301.97,724.31,false
12,2025-04-02,Store,Store 033,East,Italy,Product 107,Clothing,Clothing 4,5,2464.95,1857.37,false
13,2023-04-13,Store,Store 025,Central,France,Product 014,Home,Home 3,6,167.94,132.68,false
14,2024-03-05,Store,Store 011,North,United Kingdom,Product 071,Clothing,Clothing 4,3,458.97,286.34,false
15,2023-06-16,Store,Store 023,East,United Kingdom,Product 064,Toys,Toys 1,9,3509.91,2300.77,false
16,2024-05-03,Store,Store 002,South,Spain,Product 116,Home,Home 1,9,2969.91,2337.49,false
17,2023-12-20,Store,Store 020,Central,Spain,Product 009,Garden,Garden 2,10,3389.90,2323.71,false
18,2024-03-05,Store,Store 038,East,Spain,Product 103,Electronics,Electronics 4,1,344.99,254.95,false
19,2024-12-23,Store,Store 020,Central,Spain,Product 053,Clothing,Clothing 2,4,1915.96,1224.84,false
20,2023-06-24,Store,Store 033,East,Italy,Product 038,Home,Home 3,10,4199.90,2175.51,false
21,2023-07-10,Online,Store 012,South,Germany,Product 087,Garden,Garden 4,1,248.99,194.29,false
22,2024-05-11,Store,Store 030,Central,Germany,Product 036,Sports,Sports 1,2,691.98,486.33,false
23,2024-06-18,Online,Store 017,South,United Kingdom,Product 106,Toys,Toys 3,6,2735.94,1495.57,false
24,2023-05-08,Store,Store 014,West,Spain,Product 086,Home,Home 3,3,635.97,397.42,false
25,2024-12-18,Online,Store 001,North,France,Product 058,Toys,Toys 3,8,1343.92,831.84,false
26,2023-01-20,Online,Store 030,Central,Germany,Product 096,Sports,Sports 1,10,859.90,617.71,false
27,2024-04-17,Online,Store 017,South,United Kingdom,Product 004,Toys,Toys 1,3,461.97,366.27,false
28,2023-07-26,Store,Store 020,Central,Spain,Product 099,Garden,Garden 4,6,1181.94,655.03,false
29,2024-09-15,Store,Store 015,Central,Italy,Product 105,Garden,Garden 2,2,837.98,470.47,false
30,2025-01-15,Store,Store 037,South,France,Product 099,Garden,Garden 4,8,1575.92,845.11,false
31,2025-12-13,Online,Store 028,East,Netherlands,Product 093,Garden,Garden 2,6,2825.94,1885.57,false
32,2025-04-19,Online,Store 025,Central,France,Product 038,Home,Home 3,6,2519.94,1981.19,false
33,2024-03-16,Store,Store 004,West,Netherlands,Product 119,Clothing,Clothing 4,8,3527.92,2289.51,false
34,2024-10-18,Online,Store 029,West,United Kingdom,Product 017,Clothing,Clothing 2,4,555.96,420.84,false
35,2024-12-11,Online,Store 032,South,Spain,Product 120,Sports,Sports 1,3,1433.97,845.48,false
36,2023-07-19,Online,Store 005,Central,United Kingdom,Product 008,Home,Home 1,6,1811.94,1361.13,false
37,2024-08-20,Store,Store 029,West,United Kingdom,Product 060,Sports,Sports 1,1,241.99,151.64,false
38,2024-02-13,Online,Store 011,North,United Kingdom,Product 098,Home,Home 3,9,1439.91,764.24,false
39,2023-06-09,Online,Store 033,East,Italy,Product 025,Electronics,Electronics 2,10,4349.90,2907.23,false
40,2024-06-01,Store,Store 031,North,France,Product 114,Sports,Sports 3,10,2559.90,1985.46,false
41,2025-02-03,Online,Store 012,South,Germany,Product 106,Toys,Toys 3,5,2279.95,1604.75,false
42,2023-04-19,Store,Store 013,East,France,Product 105,Garden,Garden 2,4,1675.96,1168.84,false
43,2025-09-22,Store,Store 037,South,France,Product 050,Home,Home 3,7,2575.93,2046.47,false
44,2023-08-25,Store,Store 026,North,Spain,Product 111,Garden,Garden 4,1,144.99,88.30,false
45,2024-11-06,Online,Store 008,East,Spain,Product 119,Clothing,Clothing 4,3,1322.97,892.45,false
46,2025-02-16,Online,Store 038,East,Spain,Product 109,Electronics,Electronics 2,10,709.90,512.30,false
47,2023-11-28,Store,Store 022,South,Netherlands,Product 077,Clothing,Clothing 2,6,2249.94,1457.27,false
48,2024-02-28,Store,Store 032,South,Spain,Product 061,Electronics,Electronics 2,10,2789.90,1451.62,false
49,2024-07-05,Store,Store 002,South,Spain,Product 023,Clothing,Clothing 4,1,360.99,220.58,false
50,2025-01-26,Store,Store 015,Central,Italy,Product 027,Garden,Garden 4,1,12.99,8.91,false
51,2024-01-03,Online,Store 010,Central,Netherlands,Product 031,Electronics,Electronics 4,1,160.99,96.92,false
52,2023-01-28,Store,Store 007,South,France,Product 038,Home,Home 3,2,839.98,600.60,false
53,2023-05-02,Store,Store 039,West,Italy,Product 051,Garden,Garden 4,10,4049.90,2962.40,false
54,2023-08-23,Store,Store 020,Central,Spain,Product 044,Home,Home 1,5,729.95,507.61,false
55,2024-01-14,Store,Store 001,North,France,Product 067,Electronics,Electronics 4,4,2003.96,1124.15,false
56,2023-08-21,Online,Store 024,West,Germany,Product 005,Clothing,Clothing 2,9,1718.91,1030.45,false
57,2025-10-13,Store,Store 007,South,France,Product 098,Home,Home 3,9,1439.91,953.18,false
58,2024-07-28,Online,Store 025,Central,France,Product 116,Home,Home 1,2,659.98,374.91,false
59,2023-06-23,Store,Store 027,South,Italy,Product 061,Electronics,Electronics 2,8,2231.92,1472.57,false
60,2025-10-19,Online,Store 034,West,Netherlands,Product 017,Clothing,Clothing 2,5,694.95,481.05,false
61,2023-03-09,Online,Store 023,East,United Kingdom,Product 107,Clothing,Clothing 4,4,1971.96,1505.57,false
62,2025-05-03,Store,Store 019,West,France,Product 083,Clothing,Clothing 4,5,504.95,302.18,false
63,2023-10-28,Store,Store 002,South,Spain,Product 053,Clothing,Clothing 2,10,4789.90,3800.89,false
64,2024-12-19,Store,Store 024,West,Germany,Product 119,Clothing,Clothing 4,2,881.98,621.13,false
65,2023-03-06,Store,Store 025,Central,France,Product 049,Electronics,Electronics 2,7,2316.93,1756.40,false
66,2023-12-11,Store,Store 019,West,France,Product 061,Electronics,Electronics 2,2,557.98,321.30,false
67,2025-10-10,Store,Store 035,Central,United Kingdom,Product 068,Home,Home 1,8,335.92,189.78,false
68,2024-01-12,Online,Store 008,East,Spain,Product 036,Sports,Sports 1,10,3459.90,1929.93,false
69,2023-07-11,Online,Store 016,North,Netherlands,Product 015,Garden,Garden 4,1,64.99,49.28,false
70,2024-12-11,Store,Store 014,West,Spain,Product 011,Clothing,Clothing 4,10,4129.90,2603.82,false
71,2023-08-29,Online,Store 008,East,Spain,Product 064,Toys,Toys 1,6,2339.94,1604.01,false
72,2023-04-10,Store,Store 015,Central,Italy,Product 107,Clothing,Clothing 4,5,2464.95,1851.37,false
73,2023-11-10,Store,Store 015,Central,Italy,Product 047,Clothing,Clothing 4,8,2055.92,1389.19,false
74,2023-06-22,Online,Store 018,East,Germany,Product 115,Electronics,Electronics 4,2,585.98,389.68,false
75,2025-05-01,Store,Store 002,South,Spain,Product 092,Home,Home 1,3,1301.97,891.72,false
76,2024-03-12,Online,Store 039,West,Italy,Product 093,Garden,Garden 2,7,3296.93,1769.12,false
77,2024-04-03,Online,Store 021,North,Italy,Product 113,Clothing,Clothing 2,5,1094.95,819.34,false
78,2025-04-10,Store,Store 010,Central,Netherlands,Product 015,Garden,Garden 4,1,64.99,38.73,false
79,2025-04-18,Store,Store 009,West,Italy,Product 063,Garden,Garden 4,2,705.98,434.82,false
80,2023-06-24,Online,Store 036,North,Germany,Product 093,Garden,Garden 2,10,4709.90,3654.84,false
81,2024-12-23,Store,Store 005,Central,United Kingdom,Product 027,Garden,Garden 4,10,129.90,82.36,false
82,2024-03-15,Online,Store 034,West,Netherlands,Product 033,Garden,Garden 2,3,704.97,446.77,false
83,2024-03-01,Store,Store 008,East,Spain,Product 001,Electronics,Electronics 2,1,42.99,27.03,false
84,2024-02-09,Store,Store 026,North,Spain,Product 055,Electronics,Electronics 4,10,569.90,290.88,false
85,2025-05-24,Online,Store 031,North,France,Product 022,Toys,Toys 3,10,3239.90,2188.71,false
86,2024-12-24,Online,Store 025,Central,France,Product 052,Toys,Toys 1,6,2651.94,1398.85,false
87,2023-04-08,Store,Store 019,West,France,Product 089,Clothing,Clothing 2,8,2583.92,1551.18,false
88,2023-03-11,Store,Store 005,Central,United Kingdom,Product 100,Toys,Toys 1,5,1169.95,621.44,false
89,2025-08-19,Store,Store 005,Central,United Kingdom,Product 053,Clothing,Clothing 2,7,3352.93,1900.92,false
90,2025-02-03,Store,Store 032,South,Spain,Product 021,Garden,Garden 2,8,2295.92,1793.69,false
91,2023-10-14,Store,Store 005,Central,United Kingdom,Product 053,Clothing,Clothing 2,10,4789.90,3231.29,false
92,2025-10-06,Online,Store 040,Central,Netherlands,Product 051,Garden,Garden 4,9,3644.91,2695.21,false
93,2025-06-09,Store,Store 019,West,France,Product 003,Garden,Garden 4,10,1169.90,867.52,false
94,2023-08-03,Online,Store 018,East,Germany,Product 043,Electronics,Electronics 4,8,871.92,642.40,false
95,2025-01-24,Online,Store 013,East,France,Product 012,Sports,Sports 1,5,2249.95,1771.09,false
96,2025-01-27,Online,Store 038,East,Spain,Product 019,Electronics,Electronics 4,10,2129.90,1287.97,false
97,2025-04-10,Online,Store 018,East,Germany,Product 029,Clothing,Clothing 2,7,608.93,352.64,false
98,2025-09-14,Store,Store 034,West,Netherlands,Product 083,Clothing,Clothing 4,3,302.97,166.80,false
99,2023-04-18,Store,Store 032,South,Spain,Product 057,Garden,Garden 2,6,785.94,421.08,false
100,2025-09-11,Store,Store 019,West,France,Product 070,Toys,Toys 3,10,1159.90,648.51,false
101,2024-10-17,Online,Store 021,North,Italy,Product 059,Clothing,Clothing 4,2,409.98,301.26,false
102,2023-04-23,Store,Store 028,East,Netherlands,Product 005,Clothing,Clothing 2,3,572.97,325.78,false
103,2025-10-25,Store,Store 005,Central,United Kingdom,Product 017,Clothing,Clothing 2,6,833.94,618.00,false
104,2023-11-06,Store,Store 005,Central,United Kingdom,Product 006,Sports,Sports 3,4,911.96,665.99,false
105,2024-03-27,Online,Store 031,North,France,Product 084,Sports,Sports 1,10,1379.90,951.24,false
106,2025-05-29,Store,Store 036,North,Germany,Product 004,Toys,Toys 1,10,1539.90,1180.42,false
107,2023-01-24,Store,Store 015,Central,Italy,Product 041,Clothing,Clothing 2,7,244.93,159.35,false
108,2024-03-17,Online,Store 033,East,Italy,Product 058,Toys,Toys 3,7,1175.93,845.14,false
109,2025-03-30,Online,Store 028,East,Netherlands,Product 027,Garden,Garden 4,4,51.96,27.63,false
110,2025-10-08,Store,Store 004,West,Netherlands,Product 012,Sports,Sports 1,5,2249.95,1401.25,false
111,2025-06-16,Store,Store 029,West,United Kingdom,Product 069,Garden,Garden 2,8,631.92,388.07,false
112,2024-10-16,Store,Store 023,East,United Kingdom,Product 006,Sports,Sports 3,2,455.98,306.82,false
113,2023-08-03,Online,Store 011,North,United Kingdom,Product 078,Sports,Sports 3,3,1235.97,774.18,false
114,2023-06-17,Online,Store 039,West,Italy,Product 026,Home,Home 3,10,4719.90,2945.24,false
115,2023-10-20,Online,Store 027,South,Italy,Product 065,Clothing,Clothing 2,9,3842.91,2277.08,false
116,2023-11-06,Store,Store 014,West,Spain,Product 052,Toys,Toys 1,10,4419.90,3506.07,false
117,2024-04-19,Store,Store 035,Central,United Kingdom,Product 032,Home,Home 1,2,395.98,240.36,false
118,2025-04-21,Online,Store 008,East,Spain,Product 036,Sports,Sports 1,5,1729.95,952.62,false
119,2023-02-28,Store,Store 037,South,France,Product 042,Sports,Sports 3,2,143.98,80.36,false
120,2024-09-19,Store,Store 002,South,Spain,Product 091,Electronics,Electronics 4,3,1190.97,949.53,false
121,2025-10-16,Online,Store 020,Central,Spain,Product 037,Electronics,Electronics 2,1,382.99,290.28,false
122,2024-12-16,Store,Store 007,South,France,Product 035,Clothing,Clothing 4,7,2162.93,1259.28,false
123,2023-09-13,Online,Store 005,Central,United Kingdom,Product 117,Garden,Garden 2,8,2935.92,2258.77,false
124,2024-08-13,Store,Store 034,West,Netherlands,Product 057,Garden,Garden 2,9,1178.91,914.19,false
125,2023-02-19,Online,Store 014,West,Spain,Product 096,Sports,Sports 1,6,515.94,273.68,false
126,2024-07-22,Store,Store 033,East,Italy,Product 112,Toys,Toys 1,9,1637.91,1226.72,false
127,2024-01-30,Store,Store 023,East,United Kingdom,Product 057,Garden,Garden 2,10,1309.90,799.21,false
128,2025-06-22,Online,Store 004,West,Netherlands,Product 044,Home,Home 1,2,291.98,214.35,false
129,2024-05-18,Store,Store 009,West,Italy,Product 020,Home,Home 1,2,499.98,267.04,false
130,2023-07-08,Online,Store 016,North,Netherlands,Product 062,Home,Home 3,3,947.97,584.28,false
131,2025-02-20,Online,Store 018,East,Germany,Product 060,Sports,Sports 1,7,1693.93,1180.04,false
132,2024-08-14,Store,Store 035,Central,United Kingdom,Product 020,Home,Home 1,7,1749.93,920.44,false
133,2023-12-17,Store,Store 002,South,Spain,Product 064,Toys,Toys 1,4,1559.96,843.51,false
134,2025-11-23,Store,Store 031,North,France,Product 077,Clothing,Clothing 2,6,2249.94,1508.65,false
135,2023-02-06,Store,Store 034,West,Netherlands,Product 099,Garden,Garden 4,2,393.98,314.17,false
136,2025-11-24,Online,Store 027,South,Italy,Product 018,Sports,Sports 3,2,351.98,239.07,false
137,2025-04-05,Store,Store 033,East,Italy,Product 027,Garden,Garden 4,2,25.98,15.90,false
138,2025-02-07,Store,Store 018,East,Germany,Product 066,Sports,Sports 3,9,4175.91,2744.97,false
139,2023-10-12,Store,Store 019,West,France,Product 066,Sports,Sports 3,6,2783.94,2053.58,false
140,2025-06-10,Online,Store 003,East,Italy,Product 047,Clothing,Clothing 4,8,2055.92,1333.38,false
141,2024-12-20,Online,Store 026,North,Spain,Product 032,Home,Home 1,4,791.96,524.79,false
142,2023-09-06,Store,Store 007,South,France,Product 095,Clothing,Clothing 4,1,48.99,35.33,false
143,2025-10-01,Online,Store 010,Central,Netherlands,Product 012,Sports,Sports 1,10,4499.90,2926.34,false
144,2025-03-31,Store,Store 014,West,Spain,Product 094,Toys,Toys 3,6,71.94,52.40,false
145,2025-09-17,Online,Store 026,North,Spain,Product 041,Clothing,Clothing 2,4,139.96,95.75,false
146,2023-05-26,Store,Store 040,Central,Netherlands,Product 092,Home,Home 1,1,433.99,283.49,false
147,2024-04-10,Online,Store 004,West,Netherlands,Product 008,Home,Home 1,5,1509.95,788.55,false
148,2023-08-25,Store,Store 022,South,Netherlands,Product 066,Sports,Sports 3,3,1391.97,884.15,false
149,2023-04-05,Store,Store 005,Central,United Kingdom,Product 010,Toys,Toys 3,10,3759.90,2523.85,false
150,2023-06-14,Store,Store 022,South,Netherlands,Product 091,Electronics,Electronics 4,4,1587.96,900.37,false
151,2023-04-29,Store,Store 004,West,Netherlands,Product 066,Sports,Sports 3,3,1391.97,831.18,false
152,2025-03-25,Online,Store 011,North,United Kingdom,Product 111,Garden,Garden 4,10,1449.90,789.55,false
153,2024-08-12,Store,Store 007,South,France,Product 101,Clothing,Clothing 2,10,2709.90,1497.54,false
154,2025-09-14,Store,Store 023,East,United Kingdom,Product 084,Sports,Sports 1,9,1241.91,701.61,false
155,2024-04-16,Online,Store 001,North,France,Product 070,Toys,Toys 3,6,695.94,496.10,false
156,2025-06-21,Store,Store 017,South,United Kingdom,Product 018,Sports,Sports 3,5,879.95,667.93,false
157,2025-09-03,Online,Store 026,North,Spain,Product 117,Garden,Garden 2,9,3302.91,1704.17,false
158,2025-09-12,Online,Store 008,East,Spain,Product 069,Garden,Garden 2,1,78.99,45.97,false
159,2023-04-11,Store,Store 027,South,Italy,Product 045,Garden,Garden 2,1,182.99,101.55,false
160,2024-04-13,Store,Store 026,North,Spain,Product 099,Garden,Garden 4,1,196.99,108.99,false
161,2023-12-23,Store,Store 016,North,Netherlands,Product 034,Toys,Toys 3,1,271.99,153.26,false
162,2024-03-04,Online,Store 040,Central,Netherlands,Product 074,Home,Home 3,3,791.97,514.30,false
163,2025-02-08,Store,Store 040,Central,Netherlands,Product 021,Garden,Garden 2,5,1434.95,946.34,false
164,2025-02-20,Online,Store 018,East,Germany,Product 039,Garden,Garden 4,10,4569.90,3547.69,false
165,2024-08-14,Online,Store 026,North,Spain,Product 102,Sports,Sports 3,9,2771.91,1822.02,false
166,2023-04-07,Store,Store 020,Central,Spain,Product 032,Home,Home 1,4,791.96,467.70,false
167,2024-08-03,Store,Store 037,South,France,Product 068,Home,Home 1,6,251.94,199.68,false
168,2023-12-11,Online,Store 017,South,United Kingdom,Product 083,Clothing,Clothing 4,9,908.91,501.54,false
169,2025-03-18,Online,Store 031,North,France,Product 069,Garden,Garden 2,9,710.91,543.08,false
170,2023-07-19,Online,Store 004,West,Netherlands,Product 100,Toys,Toys 1,7,1637.93,1280.88,false
171,2025-11-12,Store,Store 009,West,Italy,Product 117,Garden,Garden 2,1,366.99,186.53,false
172,2023-04-21,Store,Store 037,South,France,Product 091,Electronics,Electronics 4,10,3969.90,2039.29,false
173,2024-08-17,Online,Store 029,West,United Kingdom,Product 027,Garden,Garden 4,5,64.95,38.54,true
174,2025-02-22,Online,Store 016,North,Netherlands,Product 042,Sports,Sports 3,1,71.99,44.10,false
175,2024-10-28,Store,Store 040,Central,Netherlands,Product 064,Toys,Toys 1,10,3899.90,2198.49,false
176,2023-06-02,Online,Store 021,North,Italy,Product 006,Sports,Sports 3,9,2051.91,1298.58,false
177,2025-02-13,Store,Store 011,North,United Kingdom,Product 105,Garden,Garden 2,5,2094.95,1249.31,false
178,2025-04-08,Online,Store 007,South,France,Product 047,Clothing,Clothing 4,9,2312.91,1463.76,false
179,2024-04-24,Online,Store 004,West,Netherlands,Product 029,Clothing,Clothing 2,6,521.94,410.89,false
180,2024-12-03,Store,Store 028,East,Netherlands,Product 102,Sports,Sports 3,8,2463.92,1726.29,false
181,2023-01-05,Online,Store 016,North,Netherlands,Product 058,Toys,Toys 3,6,1007.94,635.12,false
182,2023-06-11,Store,Store 004,West,Netherlands,Product 032,Home,Home 1,7,1385.93,964.43,false
183,2025-11-13,Store,Store 001,North,France,Product 011,Clothing,Clothing 4,5,2064.95,1095.05,false
184,2023-11-12,Online,Store 007,South,France,Product 054,Sports,Sports 3,5,99.95,78.05,false
185,2023-10-28,Online,Store 023,East,United Kingdom,Product 071,Clothing,Clothing 4,7,1070.93,702.27,false
186,2024-09-01,Store,Store 021,North,Italy,Product 117,Garden,Garden 2,9,3302.91,1948.35,false
187,2024-05-04,Store,Store 005,Central,United Kingdom,Product 044,Home,Home 1,10,1459.90,1015.09,false
188,2025-09-01,Online,Store 029,West,United Kingdom,Product 075,Garden,Garden 4,9,2708.91,1990.07,false
189,2025-07-15,Store,Store 031,North,France,Product 069,Garden,Garden 2,10,789.90,515.79,false
190,2023-12-23,Store,Store 016,North,Netherlands,Product 114,Sports,Sports 3,2,511.98,395.43,false
191,2023-08-12,Store,Store 024,West,Germany,Product 101,Clothing,Clothing 2,1,270.99,159.67,false
192,2023-06-18,Online,Store 009,West,Italy,Product 025,Electronics,Electronics 2,8,3479.92,2699.58,false
193,2024-12-13,Store,Store 014,West,Spain,Product 096,Sports,Sports 1,6,515.94,268.66,false
194,2023-10-05,Online,Store 027,South,Italy,Product 022,Toys,Toys 3,2,647.98,432.11,false
195,2023-10-27,Store,Store 021,North,Italy,Product 004,Toys,Toys 1,4,615.96,449.91,false
196,2025-05-03,Online,Store 012,South,Germany,Product 052,Toys,Toys 1,8,3535.92,2095.90,false
197,2023-09-05,Store,Store 026,North,Spain,Product 039,Garden,Garden 4,7,3198.93,2038.99,false
198,2025-07-14,Store,Store 013,East,France,Product 060,Sports,Sports 1,9,2177.91,1288.13,false
199,2025-12-04,Online,Store 004,West,Netherlands,Product 061,Electronics,Electronics 2,5,1394.95,775.26,false
200,2025-09-14,Store,Store 017,South,United Kingdom,Product 079,Electronics,Electronics 4,1,448.99,340.61,false
201,2024-09-11,Online,Store 033,East,Italy,Product 064,Toys,Toys 1,4,1559.96,780.59,false
202,2025-05-27,Store,Store 010,Central,Netherlands,Product 032,Home,Home 1,5,989.95,540.54,false
203,2024-11-11,Store,Store 034,West,Netherlands,Product 081,Garden,Garden 2,5,134.95,75.49,false
204,2023-03-16,Store,Store 006,North,Germany,Product 006,Sports,Sports 3,4,911.96,689.65,false
205,2024-12-27,Store,Store 036,North,Germany,Product 047,Clothing,Clothing 4,9,2312.91,1210.33,false
206,2023-07-19,Online,Store 004,West,Netherlands,Product 109,Electronics,Electronics 2,10,709.90,510.75,false
207,2024-02-15,Store,Store 040,Central,Netherlands,Product 075,Garden,Garden 4,6,1805.94,1114.79,false
208,2023-11-14,Store,Store 005,Central,United Kingdom,Product 050,Home,Home 3,6,2207.94,1446.77,false
209,2025-02-02,Online,Store 033,East,Italy,Product 034,Toys,Toys 3,8,2175.92,1581.04,false
210,2025-04-29,Store,Store 029,West,United Kingdom,Product 084,Sports,Sports 1,5,689.95,434.30,false
211,2025-12-19,Store,Store 030,Central,Germany,Product 041,Clothing,Clothing 2,10,349.90,188.54,false
212,2025-02-23,Store,Store 031,North,France,Product 050,Home,Home 3,6,2207.94,1235.91,false
213,2023-02-06,Store,Store 002,South,Spain,Product 080,Home,Home 1,4,1943.96,1520.83,false
214,2025-02-23,Online,Store 039,West,Italy,Product 092,Home,Home 1,6,2603.94,1451.67,false
215,2023-01-05,Store,Store 020,Central,Spain,Product 030,Sports,Sports 3,7,867.93,578.98,false
216,2025-01-11,Store,Store 020,Central,Spain,Product 002,Home,Home 3,1,79.99,52.27,false
217,2024-07-07,Online,Store 021,North,Italy,Product 102,Sports,Sports 3,8,2463.92,1476.23,false
218,2023-05-25,Online,Store 026,North,Spain,Product 055,Electronics,Electronics 4,4,227.96,135.94,false
219,2023-03-22,Online,Store 034,West,Netherlands,Product 052,Toys,Toys 1,9,3977.91,2090.78,false
220,2025-11-04,Online,Store 033,East,Italy,Product 014,Home,Home 3,1,27.99,21.00,false
221,2024-10-07,Store,Store 035,Central,United Kingdom,Product 058,Toys,Toys 3,6,1007.94,648.97,false
222,2024-12-13,Store,Store 022,South,Netherlands,Product 065,Clothing,Clothing 2,6,2561.94,1507.01,false
223,2024-08-04,Store,Store 014,West,Spain,Product 052,Toys,Toys 1,1,441.99,264.67,false
224,2023-03-17,Online,Store 004,West,Netherlands,Product 119,Clothing,Clothing 4,8,3527.92,2629.90,false
225,2023-06-09,Store,Store 004,West,Netherlands,Product 023,Clothing,Clothing 4,8,2887.92,1898.89,false
226,2023-06-08,Online,Store 027,South,Italy,Product 077,Clothing,Clothing 2,6,2249.94,1547.90,false
227,2025-04-22,Store,Store 031,North,France,Product 074,Home,Home 3,6,1583.94,1033.07,false
228,2024-09-28,Store,Store 034,West,Netherlands,Product 120,Sports,Sports 1,1,477.99,379.01,false
229,2023-05-15,Store,Store 023,East,United Kingdom,Product 042,Sports,Sports 3,7,503.93,349.83,false
230,2024-05-03,Online,Store 022,South,Netherlands,Product 001,Electronics,Electronics 2,4,171.96,126.50,false
231,2023-06-02,Online,Store 029,West,United Kingdom,Product 044,Home,Home 1,1,145.99,116.63,false
232,2024-09-04,Store,Store 010,Central,Netherlands,Product 004,Toys,Toys 1,1,153.99,96.59,true
233,2025-08-13,Online,Store 017,South,United Kingdom,Product 099,Garden,Garden 4,9,1772.91,914.51,false
234,2025-09-13,Store,Store 026,North,Spain,Product 090,Sports,Sports 3,3,1079.97,664.06,false
235,2025-07-28,Store,Store 012,South,Germany,Product 118,Toys,Toys 3,4,1615.96,906.50,false
236,2025-03-10,Store,Store 002,South,Spain,Product 056,Home,Home 1,3,281.97,201.20,false
237,2023-08-27,Store,Store 022,South,Netherlands,Product 075,Garden,Garden 4,10,3009.90,1965.49,false
238,2023-05-07,Online,Store 022,South,Netherlands,Product 021,Garden,Garden 2,1,286.99,155.36,false
239,2023-06-10,Store,Store 017,South,United Kingdom,Product 108,Sports,Sports 1,5,169.95,121.22,false
240,2025-04-04,Store,Store 033,East,Italy,Product 069,Garden,Garden 2,10,789.90,621.77,false
241,2025-03-15,Store,Store 026,North,Spain,Product 101,Clothing,Clothing 2,9,2438.91,1343.81,false
242,2024-08-05,Store,Store 034,West,Netherlands,Product 006,Sports,Sports 3,4,911.96,710.82,false
243,2023-08-12,Online,Store 003,East,Italy,Product 044,Home,Home 1,8,1167.92,837.24,false
244,2025-08-26,Store,Store 039,West,Italy,Product 115,Electronics,Electronics 4,9,2636.91,1453.04,true
245,2025-06-23,Online,Store 002,South,Spain,Product 108,Sports,Sports 1,4,135.96,94.31,false
246,2023-07-20,Store,Store 015,Central,Italy,Product 070,Toys,Toys 3,9,1043.91,769.18,false
247,2024-08-12,Online,Store 022,South,Netherlands,Product 040,Toys,Toys 1,10,4939.90,2631.97,false
248,2025-06-21,Store,Store 015,Central,Italy,Product 109,Electronics,Electronics 2,3,212.97,121.92,false
249,2023-12-27,Store,Store 012,South,Germany,Product 002,Home,Home 3,6,479.94,258.66,false
250,2025-03-12,Store,Store 039,West,Italy,Product 049,Electronics,Electronics 2,6,1985.94,1069.65,false
251,2024-05-17,Online,Store 034,West,Netherlands,Product 044,Home,Home 1,3,437.97,256.19,false
252,2024-03-19,Online,Store 001,North,France,Product 105,Garden,Garden 2,3,1256.97,891.12,true
253,2023-10-12,Store,Store 014,West,Spain,Product 104,Home,Home 1,10,3819.90,2284.70,false
254,2024-11-20,Store,Store 039,West,Italy,Product 064,Toys,Toys 1,4,1559.96,809.47,false
255,2024-08-25,Store,Store 038,East,Spain,Product 118,Toys,Toys 3,1,403.99,310.54,false
256,2024-12-13,Online,Store 012,South,Germany,Product 107,Clothing,Clothing 4,8,3943.92,2744.15,false
257,2024-04-15,Online,Store 013,East,France,Product 038,Home,Home 3,4,1679.96,1169.03,false
258,2024-12-19,Store,Store 023,East,United Kingdom,Product 030,Sports,Sports 3,3,371.97,289.40,false
259,2024-05-27,Online,Store 004,West,Netherlands,Product 031,Electronics,Electronics 4,3,482.97,266.45,false
260,2025-01-20,Store,Store 004,West,Netherlands,Product 018,Sports,Sports 3,1,175.99,118.46,false
261,2025-01-09,Store,Store 031,North,France,Product 009,Garden,Garden 2,4,1355.96,969.44,false
262,2025-08-04,Online,Store 031,North,France,Product 001,Electronics,Electronics 2,3,128.97,80.01,false
263,2024-10-26,Online,Store 029,West,United Kingdom,Product 053,Clothing,Clothing 2,9,4310.91,3006.99,false
264,2025-02-25,Online,Store 033,East,Italy,Product 110,Home,Home 3,3,323.97,258.74,false
265,2025-02-06,Store,Store 022,South,Netherlands,Product 005,Clothing,Clothing 2,7,1336.93,714.18,false
266,2023-02-01,Store,Store 040,Central,Netherlands,Product 012,Sports,Sports 1,1,449.99,320.25,false
267,2023-08-12,Store,Store 006,North,Germany,Product 110,Home,Home 3,1,107.99,71.49,false
268,2025-06-17,Store,Store 034,West,Netherlands,Product 015,Garden,Garden 4,8,519.92,297.58,false
269,2024-06-19,Store,Store 006,North,Germany,Product 081,Garden,Garden 2,4,107.96,58.05,false
270,2024-11-19,Store,Store 036,North,Germany,Product 064,Toys,Toys 1,9,3509.91,2603.52,false
271,2025-11-28,Online,Store 017,South,United Kingdom,Product 077,Clothing,Clothing 2,5,1874.95,1358.21,false
272,2025-11-25,Store,Store 020,Central,Spain,Product 095,Clothing,Clothing 4,4,195.96,113.88,false
273,2023-04-21,Store,Store 040,Central,Netherlands,Product 056,Home,Home 1,5,469.95,250.72,false
274,2024-08-20,Online,Store 008,East,Spain,Product 093,Garden,Garden 2,10,4709.90,3404.20,false
275,2023-10-24,Online,Store 037,South,France,Product 021,Garden,Garden 2,10,2869.90,1894.44,false
276,2024-07-24,Store,Store 005,Central,United Kingdom,Product 026,Home,Home 3,4,1887.96,1489.92,false
277,2024-05-16,Online,Store 027,South,Italy,Product 042,Sports,Sports 3,6,431.94,282.04,false
278,2025-05-05,Online,Store 030,Central,Germany,Product 105,Garden,Garden 2,7,2932.93,2253.76,false
279,2025-03-09,Store,Store 024,West,Germany,Product 063,Garden,Garden 4,4,1411.96,903.79,false
280,2024-03-06,Store,Store 017,South,United Kingdom,Product 059,Clothing,Clothing 4,1,204.99,145.63,false
281,2025-06-03,Online,Store 027,South,Italy,Product 077,Clothing,Clothing 2,1,374.99,288.87,false
282,2024-05-06,Store,Store 012,South,Germany,Product 084,Sports,Sports 1,9,1241.91,712.42,false
283,2023-06-17,Online,Store 013,East,France,Product 007,Electronics,Electronics 4,7,1854.93,1368.31,false
284,2023-03-12,Store,Store 001,North,France,Product 108,Sports,Sports 1,8,271.92,198.07,false
285,2024-04-01,Online,Store 019,West,France,Product 039,Garden,Garden 4,7,3198.93,1839.22,false
286,2025-06-16,Store,Store 029,West,United Kingdom,Product 105,Garden,Garden 2,4,1675.96,1045.05,false
287,2025-09-12,Online,Store 029,West,United Kingdom,Product 029,Clothing,Clothing 2,7,608.93,324.06,false
288,2024-04-19,Online,Store 038,East,Spain,Product 118,Toys,Toys 3,6,2423.94,1266.77,false
289,2024-12-04,Store,Store 034,West,Netherlands,Product 041,Clothing,Clothing 2,10,349.90,237.87,false
290,2024-09-13,Store,Store 016,North,Netherlands,Product 104,Home,Home 1,10,3819.90,2524.91,false
291,2025-10-23,Online,Store 024,West,Germany,Product 028,Toys,Toys 1,3,149.97,101.50,false
292,2024-04-19,Online,Store 018,East,Germany,Product 106,Toys,Toys 3,6,2735.94,2068.50,false
293,2024-07-07,Store,Store 002,South,Spain,Product 114,Sports,Sports 3,6,1535.94,1088.90,false
294,2025-06-01,Store,Store 025,Central,France,Product 002,Home,Home 3,2,159.98,81.96,false
295,2024-09-07,Store,Store 023,East,United Kingdom,Product 090,Sports,Sports 3,10,3599.90,1838.42,false
296,2025-02-03,Store,Store 022,South,Netherlands,Product 112,Toys,Toys 1,4,727.96,453.73,false
297,2023-05-22,Store,Store 017,South,United Kingdom,Product 063,Garden,Garden 4,7,2470.93,1541.98,false
298,2024-02-03,Online,Store 037,South,France,Product 042,Sports,Sports 3,6,431.94,229.97,false
299,2025-11-07,Online,Store 040,Central,Netherlands,Product 078,Sports,Sports 3,6,2471.94,1920.22,false
300,2025-09-03,Online,Store 015,Central,Italy,Product 109,Electronics,Electronics 2,7,496.93,268.26,false
301,2024-06-10,Store,Store 015,Central,Italy,Product 024,Sports,Sports 1,6,2387.94,1553.97,false
302,2025-08-14,Store,Store 023,East,United Kingdom,Product 010,Toys,Toys 3,9,3383.91,2385.03,false
303,2024-08-03,Store,Store 014,West,Spain,Product 006,Sports,Sports 3,5,1139.95,752.88,false
304,2023-09-25,Store,Store 005,Central,United Kingdom,Product 028,Toys,Toys 1,3,149.97,119.75,false
305,2023-09-05,Store,Store 021,North,Italy,Product 089,Clothing,Clothing 2,10,3229.90,2046.57,false
306,2024-06-07,Store,Store 031,North,France,Product 059,Clothing,Clothing 4,8,1639.92,1110.57,false
307,2025-04-21,Store,Store 021,North,Italy,Product 004,Toys,Toys 1,8,1231.92,785.14,false
308,2025-09-16,Store,Store 014,West,Spain,Product 119,Clothing,Clothing 4,7,3086.93,2424.57,false
309,2023-08-23,Online,Store 035,Central,United Kingdom,Product 073,Electronics,Electronics 2,4,907.96,709.37,false
310,2025-01-03,Store,Store 025,Central,France,Product 007,Electronics,Electronics 4,3,794.97,521.46,false
311,2024-03-20,Store,Store 031,North,France,Product 031,Electronics,Electronics 4,8,1287.92,824.83,false
312,2025-10-17,Store,Store 031,North,France,Product 023,Clothing,Clothing 4,3,1082.97,673.51,false
313,2023-07-04,Store,Store 036,North,Germany,Product 024,Sports,Sports 1,5,1989.95,1031.38,false
314,2024-06-01,Online,Store 018,East,Germany,Product 099,Garden,Garden 4,10,1969.90,1517.03,false
315,2023-06-15,Store,Store 017,South,United Kingdom,Product 041,Clothing,Clothing 2,5,174.95,88.73,false
316,2025-03-20,Store,Store 035,Central,United Kingdom,Product 030,Sports,Sports 3,8,991.92,693.75,false
317,2024-07-15,Store,Store 005,Central,United Kingdom,Product 099,Garden,Garden 4,6,1181.94,701.72,false
318,2025-07-24,Store,Store 002,South,Spain,Product 096,Sports,Sports 1,8,687.92,510.36,false
319,2023-10-19,Online,Store 039,West,Italy,Product 016,Toys,Toys 1,9,917.91,661.35,false
320,2025-06-08,Online,Store 023,East,United Kingdom,Product 043,Electronics,Electronics 4,5,544.95,290.56,false
321,2024-12-22,Store,Store 023,East,United Kingdom,Product 101,Clothing,Clothing 2,2,541.98,380.07,false
322,2025-09-17,Online,Store 031,North,France,Product 100,Toys,Toys 1,5,1169.95,774.88,false
323,2023-09-28,Online,Store 002,South,Spain,Product 061,Electronics,Electronics 2,9,2510.91,1914.97,false
324,2023-07-12,Online,Store 004,West,Netherlands,Product 059,Clothing,Clothing 4,2,409.98,205.44,false
325,2025-05-04,Online,Store 009,West,Italy,Product 095,Clothing,Clothing 4,2,97.98,69.56,false
326,2024-01-08,Store,Store 015,Central,Italy,Product 037,Electronics,Electronics 2,1,382.99,268.85,false
327,2023-07-02,Store,Store 007,South,France,Product 013,Electronics,Electronics 2,1,486.99,257.35,false
328,2024-03-17,Online,Store 010,Central,Netherlands,Product 014,Home,Home 3,9,251.91,136.84,false
329,2023-03-30,Online,Store 027,South,Italy,Product 104,Home,Home 1,7,2673.93,1837.28,false
330,2023-01-09,Store,Store 002,South,Spain,Product 047,Clothing,Clothing 4,7,1798.93,1365.92,false
331,2023-03-21,Store,Store 031,North,France,Product 112,Toys,Toys 1,2,363.98,201.16,false
332,2024-09-09,Store,Store 006,North,Germany,Product 043,Electronics,Electronics 4,9,980.91,742.41,false
333,2024-02-28,Store,Store 024,West,Germany,Product 067,Electronics,Electronics 4,5,2504.95,1707.27,false
334,2023-08-17,Store,Store 030,Central,Germany,Product 062,Home,Home 3,3,947.97,738.25,false
335,2024-10-23,Online,Store 028,East,Netherlands,Product 097,Electronics,Electronics 2,3,368.97,262.78,false
336,2025-01-29,Store,Store 009,West,Italy,Product 088,Toys,Toys 1,6,1715.94,1142.04,false
337,2025-05-11,Store,Store 013,East,France,Product 119,Clothing,Clothing 4,6,2645.94,1969.05,false
338,2023-06-13,Online,Store 014,West,Spain,Product 018,Sports,Sports 3,3,527.97,370.89,false
339,2025-06-06,Store,Store 026,North,Spain,Product 015,Garden,Garden 4,8,519.92,348.55,false
340,2024-02-22,Store,Store 015,Central,Italy,Product 101,Clothing,Clothing 2,8,2167.92,1545.33,true
341,2024-05-06,Store,Store 020,Central,Spain,Product 024,Sports,Sports 1,2,795.98,452.81,false
342,2024-09-26,Online,Store 029,West,United Kingdom,Product 002,Home,Home 3,7,559.93,288.65,false
343,2023-04-24,Store,Store 040,Central,Netherlands,Product 008,Home,Home 1,5,1509.95,953.85,false
344,2023-06-09,Store,Store 027,South,Italy,Product 064,Toys,Toys 1,6,2339.94,1846.34,false
345,2025-07-11,Store,Store 011,North,United Kingdom,Product 119,Clothing,Clothing 4,6,2645.94,1917.31,false
346,2025-07-10,Online,Store 003,East,Italy,Product 035,Clothing,Clothing 4,2,617.98,416.04,false
347,2024-07-10,Store,Store 019,West,France,Product 038,Home,Home 3,4,1679.96,977.16,false
348,2025-10-11,Store,Store 016,North,Netherlands,Product 118,Toys,Toys 3,3,1211.97,851.01,false
349,2025-07-25,Store,Store 012,South,Germany,Product 118,Toys,Toys 3,3,1211.97,686.95,false
350,2025-12-05,Online,Store 038,East,Spain,Product 077,Clothing,Clothing 2,1,374.99,245.84,false
351,2023-07-20,Store,Store 001,North,France,Product 082,Toys,Toys 3,5,319.95,170.82,false
352,2023-07-17,Online,Store 009,West,Italy,Product 018,Sports,Sports 3,5,879.95,613.15,false
353,2025-05-26,Online,Store 002,South,Spain,Product 001,Electronics,Electronics 2,5,214.95,151.04,false
354,2023-01-09,Store,Store 029,West,United Kingdom,Product 036,Sports,Sports 1,8,2767.92,1509.42,false
355,2024-08-13,Store,Store 033,East,Italy,Product 013,Electronics,Electronics 2,4,1947.96,1495.19,false
356,2025-07-30,Store,Store 017,South,United Kingdom,Product 062,Home,Home 3,2,631.98,447.85,false
357,2025-09-28,Store,Store 025,Central,France,Product 090,Sports,Sports 3,1,359.99,258.64,false
358,2023-03-06,Online,Store 039,West,Italy,Product 080,Home,Home 1,5,2429.95,1738.08,false
359,2023-04-24,Store,Store 001,North,France,Product 031,Electronics,Electronics 4,2,321.98,210.71,false
360,2025-02-05,Online,Store 038,East,Spain,Product 014,Home,Home 3,7,195.93,126.37,false
361,2024-09-13,Store,Store 007,South,France,Product 018,Sports,Sports 3,10,1759.90,1331.74,false
362,2025-02-21,Store,Store 022,South,Netherlands,Product 101,Clothing,Clothing 2,2,541.98,410.34,false
363,2025-08-09,Store,Store 006,North,Germany,Product 056,Home,Home 1,5,469.95,251.17,false
364,2024-05-13,Store,Store 001,North,France,Product 100,Toys,Toys 1,3,701.97,514.02,false
365,2025-08-15,Store,Store 012,South,Germany,Product 074,Home,Home 3,4,1055.96,751.15,false
366,2024-11-01,Store,Store 014,West,Spain,Product 086,Home,Home 3,2,423.98,251.29,false
367,2023-01-04,Store,Store 010,Central,Netherlands,Product 085,Electronics,Electronics 2,4,699.96,552.39,false
368,2023-10-22,Online,Store 040,Central,Netherlands,Product 111,Garden,Garden 4,8,1159.92,677.76,false
369,2024-04-18,Online,Store 017,South,United Kingdom,Product 087,Garden,Garden 4,1,248.99,137.70,false
370,2023-04-05,Online,Store 020,Central,Spain,Product 028,Toys,Toys 1,2,99.98,64.32,false
371,2023-03-04,Online,Store 012,South,Germany,Product 107,Clothing,Clothing 4,9,4436.91,2873.88,false
372,2025-02-18,Store,Store 002,South,Spain,Product 024,Sports,Sports 1,7,2785.93,2089.20,false
373,2023-10-16,Online,Store 022,South,Netherlands,Product 033,Garden,Garden 2,5,1174.95,867.93,false
374,2025-12-11,Store,Store 026,North,Spain,Product 046,Toys,Toys 3,3,659.97,423.81,false
375,2025-11-23,Store,Store 018,East,Germany,Product 106,Toys,Toys 3,6,2735.94,1425.46,false
376,2025-08-19,Store,Store 010,Central,Netherlands,Product 076,Toys,Toys 1,6,2027.94,1026.27,false
377,2024-03-09,Store,Store 016,North,Netherlands,Product 031,Electronics,Electronics 4,2,321.98,165.99,false
378,2025-02-02,Online,Store 035,Central,United Kingdom,Product 095,Clothing,Clothing 4,2,97.98,77.91,false
379,2025-09-14,Online,Store 015,Central,Italy,Product 083,Clothing,Clothing 4,2,201.98,137.60,false
380,2025-12-22,Store,Store 003,East,Italy,Product 108,Sports,Sports 1,10,339.90,170.11,false
381,2024-01-18,Store,Store 015,Central,Italy,Product 018,Sports,Sports 3,4,703.96,555.75,false
382,2025-01-05,Store,Store 025,Central,France,Product 070,Toys,Toys 3,4,463.96,310.01,false
383,2024-09-06,Store,Store 005,Central,United Kingdom,Product 106,Toys,Toys 3,4,1823.96,1194.50,false
384,2024-03-29,Store,Store 033,East,Italy,Product 100,Toys,Toys 1,4,935.96,588.32,false
385,2025-01-26,Store,Store 015,Central,Italy,Product 072,Sports,Sports 1,3,569.97,298.00,false
386,2023-01-01,Store,Store 001,North,France,Product 061,Electronics,Electronics 2,10,2789.90,1675.94,false
387,2024-07-03,Online,Store 038,East,Spain,Product 039,Garden,Garden 4,7,3198.93,2041.05,false
388,2024-02-28,Store,Store 005,Central,United Kingdom,Product 060,Sports,Sports 1,9,2177.91,1380.02,false
389,2023-11-22,Online,Store 001,North,France,Product 091,Electronics,Electronics 4,5,1984.95,1224.53,false
390,2025-03-06,Online,Store 009,West,Italy,Product 119,Clothing,Clothing 4,6,2645.94,2079.34,false
391,2024-09-25,Online,Store 015,Central,Italy,Product 011,Clothing,Clothing 4,6,2477.94,1642.03,false
392,2024-03-02,Store,Store 006,North,Germany,Product 001,Electronics,Electronics 2,7,300.93,215.62,false
393,2025-06-03,Store,Store 015,Central,Italy,Product 032,Home,Home 1,1,197.99,118.25,false
394,2025-03-02,Online,Store 023,East,United Kingdom,Product 042,Sports,Sports 3,10,719.90,372.85,false
395,2023-05-08,Online,Store 034,West,Netherlands,Product 077,Clothing,Clothing 2,2,749.98,598.39,false
396,2025-07-14,Store,Store 034,West,Netherlands,Product 108,Sports,Sports 1,6,203.94,153.91,false
397,2024-04-07,Online,Store 005,Central,United Kingdom,Product 032,Home,Home 1,5,989.95,761.47,false
398,2023-06-28,Store,Store 004,West,Netherlands,Product 106,Toys,Toys 3,10,4559.90,2618.90,false
399,2023-05-05,Online,Store 022,South,Netherlands,Product 086,Home,Home 3,1,211.99,122.64,false
400,2025-10-18,Store,Store 007,South,France,Product 010,Toys,Toys 3,5,1879.95,1487.95,false
401,2023-07-11,Online,Store 012,South,Germany,Product 076,Toys,Toys 1,6,2027.94,1593.60,false
402,2023-11-20,Online,Store 023,East,United Kingdom,Product 086,Home,Home 3,1,211.99,142.90,false
403,2025-12-16,Store,Store 008,East,Spain,Product 028,Toys,Toys 1,2,99.98,73.82,false
404,2024-10-05,Online,Store 006,North,Germany,Product 019,Electronics,Electronics 4,9,1916.91,1105.61,false
405,2023-04-24,Online,Store 013,East,France,Product 001,Electronics,Electronics 2,10,429.90,288.04,false
406,2023-03-05,Online,Store 021,North,Italy,Product 008,Home,Home 1,9,2717.91,1653.06,false
407,2023-11-03,Online,Store 008,East,Spain,Product 049,Electronics,Electronics 2,2,661.98,396.65,false
408,2024-04-15,Store,Store 025,Central,France,Product 029,Clothing,Clothing 2,2,173.98,128.78,false
409,2024-02-03,Online,Store 028,East,Netherlands,Product 038,Home,Home 3,1,419.99,219.23,false
410,2024-05-05,Store,Store 007,South,France,Product 077,Clothing,Clothing 2,6,2249.94,1675.23,false
411,2024-08-19,Online,Store 027,South,Italy,Product 029,Clothing,Clothing 2,5,434.95,305.73,false
412,2024-07-13,Store,Store 019,West,France,Product 055,Electronics,Electronics 4,1,56.99,33.56,false
413,2025-08-28,Store,Store 039,West,Italy,Product 094,Toys,Toys 3,2,23.98,14.19,false
414,2025-07-01,Store,Store 004,West,Netherlands,Product 062,Home,Home 3,3,947.97,573.48,false
415,2024-05-27,Online,Store 020,Central,Spain,Product 060,Sports,Sports 1,4,967.96,672.89,false
416,2025-05-30,Store,Store 036,North,Germany,Product 062,Home,Home 3,6,1895.94,1292.59,false
417,2025-01-08,Store,Store 001,North,France,Product 081,Garden,Garden 2,7,188.93,128.51,false
418,2024-03-31,Store,Store 019,West,France,Product 119,Clothing,Clothing 4,5,2204.95,1360.89,false
419,2024-10-24,Store,Store 006,North,Germany,Product 104,Home,Home 1,3,1145.97,754.99,true
420,2025-12-27,Online,Store 016,North,Netherlands,Product 015,Garden,Garden 4,9,584.91,382.08,false
421,2025-06-12,Store,Store 027,South,Italy,Product 099,Garden,Garden 4,8,1575.92,1164.25,false
422,2023-01-22,Online,Store 021,North,Italy,Product 094,Toys,Toys 3,1,11.99,9.56,false
423,2024-05-26,Online,Store 020,Central,Spain,Product 106,Toys,Toys 3,2,911.98,725.24,false
424,2024-07-07,Online,Store 025,Central,France,Product 031,Electronics,Electronics 4,9,1448.91,921.28,false
425,2024-04-19,Store,Store 028,East,Netherlands,Product 003,Garden,Garden 4,9,1052.91,539.24,false
426,2025-11-14,Online,Store 018,East,Germany,Product 086,Home,Home 3,10,2119.90,1414.26,false
427,2023-09-02,Store,Store 010,Central,Netherlands,Product 003,Garden,Garden 4,4,467.96,264.47,false
428,2025-09-08,Store,Store 018,East,Germany,Product 021,Garden,Garden 2,2,573.98,430.54,false
429,2024-05-08,Store,Store 013,East,France,Product 007,Electronics,Electronics 4,1,264.99,177.77,false
430,2024-07-20,Store,Store 015,Central,Italy,Product 050,Home,Home 3,7,2575.93,1764.25,false
431,2024-12-24,Store,Store 025,Central,France,Product 102,Sports,Sports 3,10,3079.90,1940.17,false
432,2023-02-22,Store,Store 030,Central,Germany,Product 102,Sports,Sports 3,10,3079.90,2398.07,false
433,2023-03-06,Online,Store 040,Central,Netherlands,Product 042,Sports,Sports 3,2,143.98,112.44,false
434,2025-08-22,Online,Store 012,South,Germany,Product 008,Home,Home 1,5,1509.95,1081.72,false
435,2023-01-05,Online,Store 031,North,France,Product 076,Toys,Toys 1,2,675.98,352.67,false
436,2023-07-01,Store,Store 034,West,Netherlands,Product 099,Garden,Garden 4,10,1969.90,1335.78,false
437,2025-07-11,Online,Store 039,West,Italy,Product 077,Clothing,Clothing 2,2,749.98,576.73,true
438,2023-07-04,Store,Store 033,East,Italy,Product 060,Sports,Sports 1,6,1451.94,1055.85,false
439,2023-07-04,Store,Store 003,East,Italy,Product 082,Toys,Toys 3,5,319.95,203.41,false
440,2024-01-22,Store,Store 016,North,Netherlands,Product 062,Home,Home 3,10,3159.90,2466.26,true
441,2023-12-31,Store,Store 016,North,Netherlands,Product 080,Home,Home 1,10,4859.90,3083.98,false
442,2025-04-24,Online,Store 016,North,Netherlands,Product 069,Garden,Garden 2,5,394.95,308.54,false
443,2025-06-26,Store,Store 024,West,Germany,Product 053,Clothing,Clothing 2,10,4789.90,2761.03,false
444,2023-06-09,Store,Store 014,West,Spain,Product 075,Garden,Garden 4,4,1203.96,839.13,false
445,2024-05-01,Store,Store 019,West,France,Product 098,Home,Home 3,10,1599.90,825.34,false
446,2023-10-06,Store,Store 001,North,France,Product 006,Sports,Sports 3,4,911.96,722.14,false
447,2024-11-03,Online,Store 014,West,Spain,Product 090,Sports,Sports 3,10,3599.90,2170.20,true
448,2025-08-18,Online,Store 036,North,Germany,Product 104,Home,Home 1,1,381.99,211.59,false
449,2023-02-15,Online,Store 030,Central,Germany,Product 035,Clothing,Clothing 4,3,926.97,570.81,false
450,2023-06-13,Store,Store 021,North,Italy,Product 007,Electronics,Electronics 4,7,1854.93,1360.55,false
451,2023-09-16,Online,Store 029,West,United Kingdom,Product 039,Garden,Garden 4,4,1827.96,1427.19,false
452,2025-08-19,Online,Store 029,West,United Kingdom,Product 032,Home,Home 1,4,791.96,467.57,false
453,2023-08-24,Online,Store 036,North,Germany,Product 081,Garden,Garden 2,1,26.99,20.82,false
454,2025-04-09,Store,Store 035,Central,United Kingdom,Product 037,Electronics,Electronics 2,10,3829.90,2403.87,false
455,2024-01-31,Online,Store 014,West,Spain,Product 069,Garden,Garden 2,2,157.98,112.53,false
456,2023-03-03,Online,Store 037,South,France,Product 085,Electronics,Electronics 2,5,874.95,475.85,false
457,2024-07-14,Store,Store 007,South,France,Product 083,Clothing,Clothing 4,7,706.93,471.40,false
458,2025-09-16,Store,Store 007,South,France,Product 054,Sports,Sports 3,8,159.92,100.38,false
459,2023-02-17,Online,Store 015,Central,Italy,Product 091,Electronics,Electronics 4,8,3175.92,2471.62,false
460,2023-05-12,Store,Store 040,Central,Netherlands,Product 095,Clothing,Clothing 4,2,97.98,52.37,false
461,2025-03-23,Online,Store 007,South,France,Product 015,Garden,Garden 4,5,324.95,213.23,false
462,2023-12-21,Online,Store 030,Central,Germany,Product 018,Sports,Sports 3,4,703.96,369.87,false
463,2023-08-13,Store,Store 009,West,Italy,Product 104,Home,Home 1,5,1909.95,1460.74,false
464,2025-06-04,Store,Store 012,South,Germany,Product 059,Clothing,Clothing 4,2,409.98,246.24,false
465,2025-11-04,Online,Store 024,West,Germany,Product 076,Toys,Toys 1,2,675.98,438.85,false
466,2023-03-28,Online,Store 012,South,Germany,Product 081,Garden,Garden 2,10,269.90,149.48,false
467,2024-11-21,Store,Store 002,South,Spain,Product 063,Garden,Garden 4,1,352.99,232.07,false
468,2024-10-30,Store,Store 001,North,France,Product 020,Home,Home 1,8,1999.92,1435.83,false
469,2024-02-29,Store,Store 031,North,France,Product 029,Clothing,Clothing 2,5,434.95,338.73,false
470,2023-07-12,Store,Store 012,South,Germany,Product 115,Electronics,Electronics 4,1,292.99,169.89,false
471,2024-11-19,Online,Store 019,West,France,Product 108,Sports,Sports 1,6,203.94,110.90,false
472,2025-10-04,Store,Store 010,Central,Netherlands,Product 050,Home,Home 3,3,1103.97,713.62,false
473,2024-05-30,Store,Store 004,West,Netherlands,Product 002,Home,Home 3,6,479.94,280.09,false
474,2025-10-29,Store,Store 010,Central,Netherlands,Product 038,Home,Home 3,1,419.99,274.15,false
475,2025-06-30,Store,Store 039,West,Italy,Product 017,Clothing,Clothing 2,6,833.94,548.06,false
476,2023-09-28,Online,Store 027,South,Italy,Product 115,Electronics,Electronics 4,8,2343.92,1279.67,true
477,2024-09-05,Store,Store 006,North,Germany,Product 107,Clothing,Clothing 4,6,2957.94,2130.16,false
478,2024-10-05,Store,Store 037,South,France,Product 094,Toys,Toys 3,1,11.99,8.74,false
479,2023-06-29,Store,Store 013,East,France,Product 051,Garden,Garden 4,5,2024.95,1029.43,false
480,2023-10-10,Store,Store 030,Central,Germany,Product 106,Toys,Toys 3,5,2279.95,1292.17,false
481,2024-10-05,Store,Store 032,South,Spain,Product 103,Electronics,Electronics 4,2,689.98,436.71,false
482,2023-11-15,Online,Store 005,Central,United Kingdom,Product 092,Home,Home 1,10,4339.90,2702.74,false
483,2025-04-24,Store,Store 039,West,Italy,Product 095,Clothing,Clothing 4,6,293.94,168.30,false
484,2025-06-13,Store,Store 029,West,United Kingdom,Product 075,Garden,Garden 4,3,902.97,504.39,false
485,2024-04-30,Store,Store 040,Central,Netherlands,Product 100,Toys,Toys 1,4,935.96,678.21,false
486,2025-09-10,Store,Store 018,East,Germany,Product 102,Sports,Sports 3,8,2463.92,1704.00,false
487,2024-03-20,Online,Store 038,East,Spain,Product 118,Toys,Toys 3,7,2827.93,1881.61,false
488,2025-03-19,Store,Store 012,South,Germany,Product 059,Clothing,Clothing 4,9,1844.91,1274.17,false
489,2024-03-25,Store,Store 018,East,Germany,Product 045,Garden,Garden 2,1,182.99,112.26,false
490,2024-10-10,Store,Store 026,North,Spain,Product 012,Sports,Sports 1,2,899.98,683.92,false
491,2023-10-19,Online,Store 037,South,France,Product 049,Electronics,Electronics 2,8,2647.92,1910.24,false
492,2024-10-01,Store,Store 023,East,United Kingdom,Product 009,Garden,Garden 2,9,3050.91,1723.77,false
493,2023-02-09,Store,Store 017,South,United Kingdom,Product 046,Toys,Toys 3,8,1759.92,1272.23,false
494,2024-06-24,Online,Store 036,North,Germany,Product 080,Home,Home 1,2,971.98,725.21,false
495,2025-07-01,Online,Store 038,East,Spain,Product 034,Toys,Toys 3,10,2719.90,1679.53,false
496,2023-01-16,Online,Store 004,West,Netherlands,Product 091,Electronics,Electronics 4,4,1587.96,866.18,false
497,2023-04-08,Store,Store 019,West,France,Product 091,Electronics,Electronics 4,1,396.99,236.07,false
498,2024-05-29,Online,Store 024,West,Germany,Product 050,Home,Home 3,8,2943.92,1972.41,false
499,2025-11-17,Online,Store 024,West,Germany,Product 013,Electronics,Electronics 2,5,2434.95,1789.63,false
500,2025-08-05,Online,Store 014,West,Spain,Product 048,Sports,Sports 1,7,2057.93,1163.08,false
501,2025-03-12,Store,Store 028,East,Netherlands,Product 057,Garden,Garden 2,3,392.97,286.83,false
502,2025-09-21,Store,Store 019,West,France,Product 105,Garden,Garden 2,1,418.99,245.13,false
503,2024-12-13,Store,Store 026,North,Spain,Product 083,Clothing,Clothing 4,9,908.91,546.11,false
504,2023-07-05,Online,Store 001,North,France,Product 002,Home,Home 3,3,239.97,128.94,false
505,2024-10-23,Store,Store 013,East,France,Product 061,Electronics,Electronics 2,3,836.97,466.68,false
506,2024-08-20,Store,Store 013,East,France,Product 103,Electronics,Electronics 4,9,3104.91,1850.56,false
507,2025-08-28,Store,Store 028,East,Netherlands,Product 043,Electronics,Electronics 4,8,871.92,611.60,false
508,2023-03-15,Store,Store 001,North,France,Product 005,Clothing,Clothing 2,3,572.97,305.10,false
509,2023-01-19,Online,Store 004,West,Netherlands,Product 076,Toys,Toys 1,10,3379.90,1761.09,false
510,2025-04-04,Store,Store 027,South,Italy,Product 028,Toys,Toys 1,7,349.93,270.73,false
511,2023-04-30,Online,Store 002,South,Spain,Product 019,Electronics,Electronics 4,5,1064.95,580.80,false
512,2025-06-13,Store,Store 032,South,Spain,Product 022,Toys,Toys 3,7,2267.93,1274.40,false
513,2023-08-06,Store,Store 007,South,France,Product 108,Sports,Sports 1,8,271.92,158.78,false
514,2024-12-25,Online,Store 040,Central,Netherlands,Product 097,Electronics,Electronics 2,6,737.94,481.71,false
515,2023-10-11,Store,Store 031,North,France,Product 099,Garden,Garden 4,2,393.98,283.68,false
516,2025-10-12,Store,Store 032,South,Spain,Product 026,Home,Home 3,1,471.99,300.72,false
517,2024-05-11,Store,Store 026,North,Spain,Product 119,Clothing,Clothing 4,7,3086.93,2212.63,false
518,2024-03-13,Online,Store 038,East,Spain,Product 070,Toys,Toys 3,7,811.93,518.78,false
519,2024-09-13,Online,Store 018,East,Germany,Product 065,Clothing,Clothing 2,10,4269.90,3368.61,false
520,2024-07-05,Online,Store 014,West,Spain,Product 119,Clothing,Clothing 4,6,2645.94,1417.30,false
521,2024-05-29,Online,Store 020,Central,Spain,Product 076,Toys,Toys 1,10,3379.90,2487.87,false
522,2023-04-29,Store,Store 020,Central,Spain,Product 073,Electronics,Electronics 2,10,2269.90,1576.46,false
523,2025-08-08,Online,Store 019,West,France,Product 014,Home,Home 3,8,223.92,120.94,false
524,2024-07-31,Online,Store 002,South,Spain,Product 060,Sports,Sports 1,9,2177.91,1287.91,false
525,2025-06-27,Store,Store 023,East,United Kingdom,Product 023,Clothing,Clothing 4,6,2165.94,1725.78,false
526,2024-08-19,Store,Store 028,East,Netherlands,Product 116,Home,Home 1,5,1649.95,1115.21,false
527,2023-10-17,Store,Store 038,East,Spain,Product 095,Clothing,Clothing 4,5,244.95,181.68,false
528,2023-03-09,Store,Store 038,East,Spain,Product 007,Electronics,Electronics 4,2,529.98,265.42,false
529,2025-03-15,Store,Store 015,Central,Italy,Product 091,Electronics,Electronics 4,1,396.99,198.69,false
530,2025-11-22,Store,Store 030,Central,Germany,Product 032,Home,Home 1,9,1781.91,1315.76,false
531,2025-05-16,Online,Store 018,East,Germany,Product 084,Sports,Sports 1,6,827.94,420.07,false
532,2023-10-23,Store,Store 009,West,Italy,Product 086,Home,Home 3,7,1483.93,907.11,false
533,2023-09-27,Online,Store 001,North,France,Product 053,Clothing,Clothing 2,9,4310.91,2424.85,false
534,2024-07-29,Online,Store 010,Central,Netherlands,Product 044,Home,Home 1,4,583.96,362.43,false
535,2023-01-15,Online,Store 017,South,United Kingdom,Product 038,Home,Home 3,6,2519.94,1612.45,false
536,2025-06-13,Store,Store 022,South,Netherlands,Product 020,Home,Home 1,5,1249.95,887.49,false
537,2025-01-18,Store,Store 038,East,Spain,Product 120,Sports,Sports 1,1,477.99,249.00,false
538,2025-10-06,Online,Store 029,West,United Kingdom,Product 024,Sports,Sports 1,2,795.98,598.96,false
539,2025-10-20,Store,Store 026,North,Spain,Product 060,Sports,Sports 1,10,2419.90,1910.55,false
540,2023-04-30,Store,Store 016,North,Netherlands,Product 059,Clothing,Clothing 4,3,614.97,409.93,false
541,2023-01-30,Online,Store 026,North,Spain,Product 020,Home,Home 1,3,749.97,550.93,false
542,2024-07-30,Online,Store 030,Central,Germany,Product 096,Sports,Sports 1,3,257.97,147.63,false
543,2024-06-27,Store,Store 009,West,Italy,Product 073,Electronics,Electronics 2,6,1361.94,1057.73,false
544,2024-04-01,Store,Store 006,North,Germany,Product 094,Toys,Toys 3,10,119.90,84.26,false
545,2023-06-10,Store,Store 008,East,Spain,Product 003,Garden,Garden 4,4,467.96,322.83,false
546,2023-01-19,Online,Store 033,East,Italy,Product 094,Toys,Toys 3,9,107.91,65.79,false
547,2023-04-16,Online,Store 037,South,France,Product 080,Home,Home 1,3,1457.97,849.78,false
548,2025-10-28,Store,Store 038,East,Spain,Product 098,Home,Home 3,6,959.94,660.18,false
549,2023-12-04,Store,Store 017,South,United Kingdom,Product 045,Garden,Garden 2,7,1280.93,934.83,true
550,2023-11-01,Online,Store 012,South,Germany,Product 008,Home,Home 1,5,1509.95,887.25,false
551,2025-08-28,Store,Store 037,South,France,Product 003,Garden,Garden 4,4,467.96,273.80,false
552,2024-08-24,Store,Store 012,South,Germany,Product 027,Garden,Garden 4,9,116.91,92.97,false
553,2025-02-14,Online,Store 013,East,France,Product 116,Home,Home 1,2,659.98,412.74,false
554,2023-04-22,Store,Store 022,South,Netherlands,Product 025,Electronics,Electronics 2,6,2609.94,1978.00,false
555,2024-07-30,Store,Store 023,East,United Kingdom,Product 090,Sports,Sports 3,3,1079.97,656.27,false
556,2023-11-04,Online,Store 004,West,Netherlands,Product 033,Garden,Garden 2,8,1879.92,1385.99,false
557,2025-07-15,Store,Store 033,East,Italy,Product 035,Clothing,Clothing 4,9,2780.91,1696.81,false
558,2024-05-05,Online,Store 025,Central,France,Product 050,Home,Home 3,9,3311.91,1894.55,false
559,2025-08-06,Online,Store 005,Central,United Kingdom,Product 086,Home,Home 3,1,211.99,168.13,false
560,2025-05-16,Store,Store 039,West,Italy,Product 045,Garden,Garden 2,9,1646.91,1094.59,false
561,2025-09-27,Online,Store 036,North,Germany,Product 010,Toys,Toys 3,1,375.99,244.94,false
562,2023-10-04,Store,Store 027,South,Italy,Product 045,Garden,Garden 2,6,1097.94,597.22,false
563,2024-02-27,Online,Store 023,East,United Kingdom,Product 070,Toys,Toys 3,1,115.99,86.77,false
564,2023-04-16,Online,Store 025,Central,France,Product 057,Garden,Garden 2,2,261.98,205.73,false
565,2024-06-27,Store,Store 016,North,Netherlands,Product 042,Sports,Sports 3,4,287.96,171.82,false
566,2023-03-07,Online,Store 026,North,Spain,Product 086,Home,Home 3,10,2119.90,1080.27,false
567,2025-05-08,Online,Store 025,Central,France,Product 115,Electronics,Electronics 4,9,2636.91,1942.17,false
568,2023-03-02,Store,Store 022,South,Netherlands,Product 055,Electronics,Electronics 4,7,398.93,215.62,false
569,2024-10-29,Online,Store 008,East,Spain,Product 034,Toys,Toys 3,5,1359.95,1087.56,false
570,2025-06-01,Store,Store 040,Central,Netherlands,Product 064,Toys,Toys 1,10,3899.90,2284.26,false
571,2024-07-05,Store,Store 016,North,Netherlands,Product 102,Sports,Sports 3,10,3079.90,1596.04,false
572,2023-11-20,Online,Store 011,North,United Kingdom,Product 048,Sports,Sports 1,3,881.97,476.95,false
573,2024-11-20,Online,Store 033,East,Italy,Product 098,Home,Home 3,8,1279.92,648.74,false
574,2025-11-13,Store,Store 014,West,Spain,Product 087,Garden,Garden 4,5,1244.95,956.43,false
575,2024-10-14,Store,Store 038,East,Spain,Product 048,Sports,Sports 1,6,1763.94,935.64,false
576,2023-02-14,Online,Store 008,East,Spain,Product 033,Garden,Garden 2,9,2114.91,1476.99,true
577,2023-03-19,Store,Store 014,West,Spain,Product 098,Home,Home 3,8,1279.92,663.13,false
578,2025-04-26,Store,Store 033,East,Italy,Product 074,Home,Home 3,5,1319.95,931.47,false
579,2025-11-12,Store,Store 018,East,Germany,Product 067,Electronics,Electronics 4,10,5009.90,2779.61,false
580,2023-08-19,Store,Store 022,South,Netherlands,Product 019,Electronics,Electronics 4,7,1490.93,1021.59,false
581,2025-01-12,Online,Store 019,West,France,Product 044,Home,Home 1,2,291.98,155.69,false
582,2025-04-17,Store,Store 038,East,Spain,Product 104,Home,Home 1,8,3055.92,1836.56,false
583,2024-07-02,Online,Store 003,East,Italy,Product 070,Toys,Toys 3,1,115.99,86.19,false
584,2024-02-17,Store,Store 040,Central,Netherlands,Product 040,Toys,Toys 1,5,2469.95,1926.40,false
585,2023-01-22,Store,Store 007,South,France,Product 072,Sports,Sports 1,3,569.97,300.58,false
586,2023-12-28,Store,Store 025,Central,France,Product 033,Garden,Garden 2,7,1644.93,832.18,false
587,2024-05-24,Online,Store 035,Central,United Kingdom,Product 093,Garden,Garden 2,2,941.98,497.57,false
588,2023-07-05,Store,Store 009,West,Italy,Product 077,Clothing,Clothing 2,1,374.99,236.47,false
589,2024-09-30,Online,Store 006,North,Germany,Product 031,Electronics,Electronics 4,6,965.94,566.14,true
590,2023-12-01,Store,Store 008,East,Spain,Product 053,Clothing,Clothing 2,7,3352.93,2045.88,false
591,2024-10-04,Online,Store 026,North,Spain,Product 019,Electronics,Electronics 4,7,1490.93,1149.00,false
592,2023-03-21,Online,Store 036,North,Germany,Product 082,Toys,Toys 3,3,191.97,121.75,false
593,2023-03-07,Online,Store 001,North,France,Product 007,Electronics,Electronics 4,8,2119.92,1377.06,false
594,2024-01-01,Store,Store 040,Central,Netherlands,Product 081,Garden,Garden 2,6,161.94,81.91,false
595,2024-02-20,Store,Store 037,South,France,Product 028,Toys,Toys 1,6,299.94,239.76,false
596,2025-06-04,Store,Store 006,North,Germany,Product 036,Sports,Sports 1,2,691.98,517.05,false
597,2025-06-09,Store,Store 036,North,Germany,Product 025,Electronics,Electronics 2,2,869.98,461.51,false
598,2024-06-09,Online,Store 012,South,Germany,Product 029,Clothing,Clothing 2,8,695.92,514.06,false
599,2024-05-08,Store,Store 019,West,France,Product 021,Garden,Garden 2,5,1434.95,820.38,false
600,2024-12-16,Store,Store 012,South,Germany,Product 038,Home,Home 3,3,1259.97,793.41,false
601,2024-05-18,Store,Store 005,Central,United Kingdom,Product 071,Clothing,Clothing 4,2,305.98,238.80,false
602,2025-01-27,Online,Store 038,East,Spain,Product 005,Clothing,Clothing 2,3,572.97,364.12,false
603,2023-03-09,Store,Store 023,East,United Kingdom,Product 066,Sports,Sports 3,1,463.99,295.58,false
604,2025-02-21,Store,Store 011,North,United Kingdom,Product 066,Sports,Sports 3,1,463.99,284.92,false
605,2024-08-06,Store,Store 020,Central,Spain,Product 022,Toys,Toys 3,1,323.99,186.02,false
606,2025-05-24,Online,Store 024,West,Germany,Product 062,Home,Home 3,8,2527.92,1873.86,false
607,2023-06-17,Online,Store 004,West,Netherlands,Product 080,Home,Home 1,10,4859.90,2540.38,false
608,2024-03-02,Store,Store 018,East,Germany,Product 008,Home,Home 1,7,2113.93,1305.09,false
609,2023-08-29,Store,Store 039,West,Italy,Product 045,Garden,Garden 2,4,731.96,580.79,false
610,2023-06-08,Store,Store 028,East,Netherlands,Product 070,Toys,Toys 3,6,695.94,368.61,false
611,2024-02-20,Online,Store 031,North,France,Product 016,Toys,Toys 1,9,917.91,649.26,false
612,2025-02-18,Online,Store 011,North,United Kingdom,Product 065,Clothing,Clothing 2,2,853.98,510.82,false
613,2024-01-16,Online,Store 007,South,France,Product 065,Clothing,Clothing 2,2,853.98,680.62,false
614,2025-12-18,Store,Store 001,North,France,Product 109,Electronics,Electronics 2,2,141.98,77.64,false
615,2024-11-17,Online,Store 020,Central,Spain,Product 017,Clothing,Clothing 2,2,277.98,156.57,false
616,2024-11-23,Store,Store 008,East,Spain,Product 091,Electronics,Electronics 4,7,2778.93,2164.01,false
617,2024-06-07,Store,Store 023,East,United Kingdom,Product 094,Toys,Toys 3,10,119.90,94.88,false
618,2024-06-13,Online,Store 034,West,Netherlands,Product 009,Garden,Garden 2,8,2711.92,1450.22,false
619,2025-05-17,Online,Store 025,Central,France,Product 077,Clothing,Clothing 2,2,749.98,574.54,false
620,2023-08-30,Store,Store 040,Central,Netherlands,Product 080,Home,Home 1,10,4859.90,3106.86,false
621,2025-12-21,Store,Store 020,Central,Spain,Product 033,Garden,Garden 2,4,939.96,527.14,false
622,2024-07-16,Store,Store 039,West,Italy,Product 044,Home,Home 1,8,1167.92,789.25,false
623,2024-10-10,Store,Store 036,North,Germany,Product 008,Home,Home 1,3,905.97,636.91,false
624,2023-01-03,Online,Store 017,South,United Kingdom,Product 109,Electronics,Electronics 2,9,638.91,430.23,false
625,2025-04-13,Online,Store 006,North,Germany,Product 020,Home,Home 1,7,1749.93,1038.37,false
626,2024-11-10,Store,Store 012,South,Germany,Product 029,Clothing,Clothing 2,5,434.95,253.49,false
627,2023-10-28,Store,Store 012,South,Germany,Product 095,Clothing,Clothing 4,1,48.99,28.08,false
628,2024-02-13,Store,Store 003,East,Italy,Product 028,Toys,Toys 1,6,299.94,181.72,false
629,2025-09-24,Store,Store 040,Central,Netherlands,Product 018,Sports,Sports 3,9,1583.91,1003.43,false
630,2023-02-07,Online,Store 024,West,Germany,Product 031,Electronics,Electronics 4,8,1287.92,812.35,false
631,2025-12-01,Online,Store 002,South,Spain,Product 042,Sports,Sports 3,2,143.98,83.92,false
632,2025-01-21,Store,Store 024,West,Germany,Product 002,Home,Home 3,6,479.94,334.76,false
633,2023-06-04,Online,Store 014,West,Spain,Product 030,Sports,Sports 3,1,123.99,63.74,false
634,2023-04-23,Store,Store 017,South,United Kingdom,Product 107,Clothing,Clothing 4,4,1971.96,1149.91,false
635,2025-09-03,Online,Store 028,East,Netherlands,Product 081,Garden,Garden 2,7,188.93,117.11,false
636,2025-10-04,Store,Store 031,North,France,Product 009,Garden,Garden 2,9,3050.91,1786.57,false
637,2025-11-29,Store,Store 034,West,Netherlands,Product 043,Electronics,Electronics 4,3,326.97,219.55,false
638,2023-07-14,Online,Store 021,North,Italy,Product 038,Home,Home 3,10,4199.90,2985.16,false
639,2024-07-25,Store,Store 024,West,Germany,Product 068,Home,Home 1,6,251.94,199.13,false
640,2023-11-25,Store,Store 033,East,Italy,Product 045,Garden,Garden 2,4,731.96,530.65,false
641,2025-11-13,Online,Store 029,West,United Kingdom,Product 015,Garden,Garden 4,8,519.92,264.59,false
642,2025-09-26,Store,Store 005,Central,United Kingdom,Product 104,Home,Home 1,1,381.99,256.86,false
643,2024-04-15,Online,Store 001,North,France,Product 094,Toys,Toys 3,4,47.96,33.39,false
644,2024-10-29,Store,Store 012,South,Germany,Product 017,Clothing,Clothing 2,5,694.95,486.24,true
645,2025-07-11,Online,Store 001,North,France,Product 086,Home,Home 3,4,847.96,586.79,false
646,2025-12-31,Online,Store 021,North,Italy,Product 106,Toys,Toys 3,6,2735.94,1767.49,false
647,2025-04-02,Store,Store 004,West,Netherlands,Product 069,Garden,Garden 2,1,78.99,58.52,false
648,2023-08-13,Store,Store 040,Central,Netherlands,Product 021,Garden,Garden 2,9,2582.91,1353.80,false
649,2023-07-09,Store,Store 012,South,Germany,Product 099,Garden,Garden 4,7,1378.93,923.71,false
650,2025-04-22,Store,Store 028,East,Netherlands,Product 099,Garden,Garden 4,6,1181.94,896.35,false
651,2024-05-05,Store,Store 040,Central,Netherlands,Product 113,Clothing,Clothing 2,3,656.97,438.69,false
652,2023-05-24,Online,Store 008,East,Spain,Product 076,Toys,Toys 1,5,1689.95,1078.33,false
653,2024-10-23,Online,Store 032,South,Spain,Product 073,Electronics,Electronics 2,5,1134.95,702.98,false
654,2025-12-09,Store,Store 012,South,Germany,Product 067,Electronics,Electronics 4,2,1001.98,539.13,false
655,2023-09-24,Online,Store 036,North,Germany,Product 119,Clothing,Clothing 4,6,2645.94,2083.86,false
656,2025-12-24,Store,Store 033,East,Italy,Product 072,Sports,Sports 1,2,379.98,211.26,false
657,2025-01-09,Store,Store 009,West,Italy,Product 068,Home,Home 1,1,41.99,27.63,true
658,2025-11-02,Store,Store 021,North,Italy,Product 097,Electronics,Electronics 2,8,983.92,696.84,false
659,2023-12-08,Online,Store 015,Central,Italy,Product 024,Sports,Sports 1,3,1193.97,750.10,false
660,2023-07-25,Store,Store 006,North,Germany,Product 016,Toys,Toys 1,9,917.91,706.38,false
661,2025-10-19,Online,Store 010,Central,Netherlands,Product 070,Toys,Toys 3,1,115.99,70.40,false
662,2023-12-19,Store,Store 007,South,France,Product 113,Clothing,Clothing 2,3,656.97,522.38,false
663,2024-07-15,Store,Store 010,Central,Netherlands,Product 039,Garden,Garden 4,3,1370.97,800.91,false
664,2025-07-01,Store,Store 040,Central,Netherlands,Product 101,Clothing,Clothing 2,9,2438.91,1803.97,false
665,2024-04-27,Store,Store 024,West,Germany,Product 047,Clothing,Clothing 4,7,1798.93,1060.75,false
666,2023-08-05,Store,Store 001,North,France,Product 066,Sports,Sports 3,5,2319.95,1784.18,false
667,2023-08-21,Online,Store 017,South,United Kingdom,Product 037,Electronics,Electronics 2,10,3829.90,2443.48,false
668,2025-03-10,Store,Store 039,West,Italy,Product 075,Garden,Garden 4,7,2106.93,1152.47,false
669,2023-11-26,Online,Store 027,South,Italy,Product 055,Electronics,Electronics 4,7,398.93,312.74,false
670,2024-09-16,Store,Store 038,East,Spain,Product 095,Clothing,Clothing 4,8,391.92,210.30,false
671,2024-07-27,Store,Store 019,West,France,Product 031,Electronics,Electronics 4,3,482.97,327.76,false
672,2024-09-03,Online,Store 026,North,Spain,Product 071,Clothing,Clothing 4,8,1223.92,876.92,false
673,2023-04-18,Store,Store 028,East,Netherlands,Product 014,Home,Home 3,9,251.91,174.45,false
674,2024-08-25,Store,Store 034,West,Netherlands,Product 090,Sports,Sports 3,6,2159.94,1421.15,false
675,2023-12-13,Store,Store 035,Central,United Kingdom,Product 053,Clothing,Clothing 2,5,2394.95,1550.23,false
676,2025-08-31,Store,Store 040,Central,Netherlands,Product 105,Garden,Garden 2,1,418.99,265.35,false
677,2024-07-30,Online,Store 037,South,France,Product 072,Sports,Sports 1,3,569.97,300.60,false
678,2023-08-08,Store,Store 014,West,Spain,Product 025,Electronics,Electronics 2,4,1739.96,967.70,false
679,2025-04-10,Online,Store 031,North,France,Product 033,Garden,Garden 2,8,1879.92,1501.10,false
680,2024-04-16,Online,Store 035,Central,United Kingdom,Product 064,Toys,Toys 1,10,3899.90,2801.78,false
681,2024-08-12,Store,Store 030,Central,Germany,Product 103,Electronics,Electronics 4,9,3104.91,2042.03,false
682,2024-10-09,Online,Store 006,North,Germany,Product 117,Garden,Garden 2,2,733.98,580.76,false
683,2025-12-22,Online,Store 006,North,Germany,Product 028,Toys,Toys 1,1,49.99,32.06,false
684,2024-09-04,Store,Store 005,Central,United Kingdom,Product 097,Electronics,Electronics 2,3,368.97,260.70,false
685,2024-07-20,Online,Store 034,West,Netherlands,Product 096,Sports,Sports 1,1,85.99,64.71,false
686,2024-04-25,Store,Store 025,Central,France,Product 093,Garden,Garden 2,4,1883.96,1200.09,false
687,2024-01-20,Online,Store 011,North,United Kingdom,Product 022,Toys,Toys 3,10,3239.90,2319.86,false
688,2024-04-29,Store,Store 017,South,United Kingdom,Product 018,Sports,Sports 3,2,351.98,193.20,false
689,2023-01-27,Store,Store 015,Central,Italy,Product 047,Clothing,Clothing 4,2,513.98,393.77,false
690,2025-07-24,Store,Store 022,South,Netherlands,Product 028,Toys,Toys 1,6,299.94,182.95,false
691,2024-11-25,Online,Store 023,East,United Kingdom,Product 043,Electronics,Electronics 4,9,980.91,607.93,false
692,2023-07-29,Online,Store 020,Central,Spain,Product 044,Home,Home 1,4,583.96,371.05,false
693,2025-07-06,Online,Store 037,South,France,Product 001,Electronics,Electronics 2,9,386.91,302.36,false
694,2024-01-25,Online,Store 026,North,Spain,Product 010,Toys,Toys 3,4,1503.96,880.84,false
695,2025-09-10,Online,Store 020,Central,Spain,Product 070,Toys,Toys 3,5,579.95,419.18,false
696,2024-11-14,Online,Store 031,North,France,Product 108,Sports,Sports 1,5,169.95,88.54,false
697,2024-09-03,Online,Store 023,East,United Kingdom,Product 049,Electronics,Electronics 2,7,2316.93,1805.33,false
698,2025-05-25,Online,Store 009,West,Italy,Product 090,Sports,Sports 3,10,3599.90,1815.48,false
699,2023-07-19,Store,Store 030,Central,Germany,Product 049,Electronics,Electronics 2,10,3309.90,2448.94,false
700,2025-12-28,Online,Store 010,Central,Netherlands,Product 061,Electronics,Electronics 2,5,1394.95,1018.18,false
701,2023-04-25,Store,Store 002,South,Spain,Product 017,Clothing,Clothing 2,2,277.98,150.45,false
702,2024-12-07,Store,Store 011,North,United Kingdom,Product 113,Clothing,Clothing 2,5,1094.95,853.59,false
703,2025-08-01,Store,Store 031,North,France,Product 075,Garden,Garden 4,6,1805.94,1123.69,false
704,2023-05-11,Online,Store 023,East,United Kingdom,Product 074,Home,Home 3,6,1583.94,1036.14,false
705,2024-08-17,Online,Store 010,Central,Netherlands,Product 021,Garden,Garden 2,10,2869.90,1639.77,false
706,2024-07-23,Online,Store 022,South,Netherlands,Product 107,Clothing,Clothing 4,9,4436.91,2492.88,false
707,2024-11-30,Store,Store 026,North,Spain,Product 107,Clothing,Clothing 4,2,985.98,702.47,false
708,2023-04-18,Store,Store 031,North,France,Product 019,Electronics,Electronics 4,3,638.97,361.70,false
709,2025-12-06,Online,Store 027,South,Italy,Product 088,Toys,Toys 1,6,1715.94,935.65,false
710,2023-11-08,Online,Store 033,East,Italy,Product 029,Clothing,Clothing 2,6,521.94,371.40,false
711,2024-11-20,Store,Store 008,East,Spain,Product 056,Home,Home 1,6,563.94,292.76,false
712,2024-11-06,Online,Store 024,West,Germany,Product 068,Home,Home 1,10,419.90,211.07,false
713,2025-02-22,Online,Store 023,East,United Kingdom,Product 050,Home,Home 3,7,2575.93,1461.90,false
714,2024-08-19,Store,Store 029,West,United Kingdom,Product 096,Sports,Sports 1,2,171.98,92.05,false
715,2024-12-03,Online,Store 039,West,Italy,Product 035,Clothing,Clothing 4,1,308.99,159.65,false
716,2024-03-01,Online,Store 032,South,Spain,Product 076,Toys,Toys 1,5,1689.95,1322.73,false
717,2023-10-13,Store,Store 021,North,Italy,Product 009,Garden,Garden 2,5,1694.95,944.46,false
718,2023-05-14,Store,Store 011,North,United Kingdom,Product 014,Home,Home 3,7,195.93,128.15,false
719,2025-01-27,Store,Store 030,Central,Germany,Product 059,Clothing,Clothing 4,5,1024.95,672.98,false
720,2023-09-04,Online,Store 025,Central,France,Product 032,Home,Home 1,10,1979.90,1411.11,false
721,2025-04-21,Store,Store 016,North,Netherlands,Product 054,Sports,Sports 3,3,59.97,37.11,true
722,2025-10-30,Store,Store 003,East,Italy,Product 060,Sports,Sports 1,1,241.99,173.44,false
723,2024-09-19,Online,Store 016,North,Netherlands,Product 108,Sports,Sports 1,1,33.99,18.41,false
724,2025-09-22,Store,Store 034,West,Netherlands,Product 046,Toys,Toys 3,8,1759.92,1049.73,false
725,2023-07-22,Store,Store 024,West,Germany,Product 035,Clothing,Clothing 4,5,1544.95,1166.10,false
726,2023-12-26,Store,Store 017,South,United Kingdom,Product 094,Toys,Toys 3,5,59.95,31.75,false
727,2024-04-29,Online,Store 037,South,France,Product 112,Toys,Toys 1,1,181.99,105.95,false
728,2024-09-24,Store,Store 010,Central,Netherlands,Product 010,Toys,Toys 3,8,3007.92,2221.14,false
729,2024-04-14,Online,Store 024,West,Germany,Product 098,Home,Home 3,2,319.98,161.97,false
730,2025-06-12,Online,Store 015,Central,Italy,Product 069,Garden,Garden 2,1,78.99,53.39,false
731,2025-01-22,Online,Store 026,North,Spain,Product 119,Clothing,Clothing 4,1,440.99,305.91,false
732,2024-02-15,Online,Store 025,Central,France,Product 041,Clothing,Clothing 2,6,209.94,159.09,false
733,2024-08-01,Online,Store 032,South,Spain,Product 073,Electronics,Electronics 2,2,453.98,345.25,false
734,2023-08-13,Store,Store 003,East,Italy,Product 101,Clothing,Clothing 2,7,1896.93,950.43,false
735,2025-12-16,Online,Store 022,South,Netherlands,Product 100,Toys,Toys 1,3,701.97,534.37,false
736,2023-07-06,Online,Store 008,East,Spain,Product 002,Home,Home 3,6,479.94,355.32,false
737,2023-02-27,Online,Store 034,West,Netherlands,Product 101,Clothing,Clothing 2,6,1625.94,1010.06,false
738,2025-04-18,Store,Store 025,Central,France,Product 113,Clothing,Clothing 2,5,1094.95,676.43,false
739,2024-03-29,Store,Store 001,North,France,Product 067,Electronics,Electronics 4,5,2504.95,1684.13,false
740,2023-07-02,Online,Store 015,Central,Italy,Product 092,Home,Home 1,5,2169.95,1580.46,false
741,2023-06-10,Online,Store 029,West,United Kingdom,Product 073,Electronics,Electronics 2,7,1588.93,846.00,false
742,2024-02-17,Online,Store 012,South,Germany,Product 069,Garden,Garden 2,10,789.90,537.63,false
743,2024-07-22,Store,Store 002,South,Spain,Product 118,Toys,Toys 3,9,3635.91,2795.17,false
744,2024-05-11,Store,Store 001,North,France,Product 020,Home,Home 1,2,499.98,292.86,false
745,2025-01-05,Online,Store 005,Central,United Kingdom,Product 120,Sports,Sports 1,6,2867.94,2112.05,false
746,2024-09-04,Store,Store 034,West,Netherlands,Product 058,Toys,Toys 3,5,839.95,560.44,false
747,2025-09-04,Online,Store 035,Central,United Kingdom,Product 037,Electronics,Electronics 2,3,1148.97,735.03,false
748,2025-10-29,Store,Store 030,Central,Germany,Product 112,Toys,Toys 1,8,1455.92,759.03,false
749,2025-01-23,Online,Store 032,South,Spain,Product 069,Garden,Garden 2,7,552.93,434.79,false
750,2023-11-24,Store,Store 033,East,Italy,Product 003,Garden,Garden 4,6,701.94,527.75,false
751,2024-03-02,Store,Store 040,Central,Netherlands,Product 005,Clothing,Clothing 2,10,1909.90,1046.95,false
752,2023-06-07,Store,Store 003,East,Italy,Product 112,Toys,Toys 1,8,1455.92,936.59,false
753,2025-09-25,Store,Store 008,East,Spain,Product 034,Toys,Toys 3,5,1359.95,963.40,false
754,2024-07-04,Online,Store 028,East,Netherlands,Product 099,Garden,Garden 4,5,984.95,597.25,false
755,2024-11-18,Store,Store 033,East,Italy,Product 044,Home,Home 1,10,1459.90,1011.79,false
756,2025-02-04,Online,Store 040,Central,Netherlands,Product 004,Toys,Toys 1,1,153.99,83.04,false
757,2025-02-19,Store,Store 023,East,United Kingdom,Product 076,Toys,Toys 1,3,1013.97,773.78,false
758,2024-05-08,Online,Store 023,East,United Kingdom,Product 078,Sports,Sports 3,1,411.99,247.87,false
759,2023-03-15,Store,Store 036,North,Germany,Product 096,Sports,Sports 1,3,257.97,164.77,false
760,2025-11-30,Store,Store 015,Central,Italy,Product 091,Electronics,Electronics 4,6,2381.94,1883.17,false
761,2024-02-22,Store,Store 026,North,Spain,Product 096,Sports,Sports 1,10,859.90,570.00,false
762,2024-03-14,Store,Store 030,Central,Germany,Product 100,Toys,Toys 1,1,233.99,176.30,true
763,2025-02-15,Online,Store 015,Central,Italy,Product 049,Electronics,Electronics 2,9,2978.91,1585.30,false
764,2024-05-02,Online,Store 024,West,Germany,Product 015,Garden,Garden 4,1,64.99,49.70,false
765,2023-01-06,Store,Store 006,North,Germany,Product 053,Clothing,Clothing 2,4,1915.96,1328.65,false
766,2025-11-25,Store,Store 024,West,Germany,Product 111,Garden,Garden 4,5,724.95,574.73,false
767,2025-10-16,Store,Store 021,North,Italy,Product 081,Garden,Garden 2,7,188.93,136.26,false
768,2024-05-28,Online,Store 039,West,Italy,Product 119,Clothing,Clothing 4,5,2204.95,1293.46,false
769,2024-02-25,Online,Store 033,East,Italy,Product 097,Electronics,Electronics 2,4,491.96,328.50,false
770,2024-01-27,Store,Store 007,South,France,Product 037,Electronics,Electronics 2,10,3829.90,2497.88,false
771,2024-02-15,Store,Store 025,Central,France,Product 054,Sports,Sports 3,1,19.99,15.05,false
772,2023-07-02,Store,Store 013,East,France,Product 052,Toys,Toys 1,1,441.99,337.69,false
773,2024-07-09,Online,Store 037,South,France,Product 023,Clothing,Clothing 4,8,2887.92,1973.03,false
774,2023-01-31,Online,Store 020,Central,Spain,Product 081,Garden,Garden 2,2,53.98,40.19,false
775,2024-02-01,Online,Store 005,Central,United Kingdom,Product 081,Garden,Garden 2,6,161.94,95.20,false
776,2024-07-29,Store,Store 002,South,Spain,Product 042,Sports,Sports 3,7,503.93,358.98,false
777,2023-11-23,Online,Store 023,East,United Kingdom,Product 017,Clothing,Clothing 2,2,277.98,149.62,false
778,2025-05-30,Store,Store 013,East,France,Product 071,Clothing,Clothing 4,2,305.98,221.60,false
779,2025-03-24,Online,Store 020,Central,Spain,Product 091,Electronics,Electronics 4,9,3572.91,1941.80,false
780,2023-08-20,Store,Store 007,South,France,Product 005,Clothing,Clothing 2,1,190.99,139.39,false
781,2024-03-31,Store,Store 038,East,Spain,Product 100,Toys,Toys 1,9,2105.91,1308.47,false
782,2024-07-06,Store,Store 014,West,Spain,Product 013,Electronics,Electronics 2,8,3895.92,1956.73,false
783,2024-07-17,Store,Store 036,North,Germany,Product 061,Electronics,Electronics 2,1,278.99,213.31,false
784,2024-04-07,Online,Store 012,South,Germany,Product 118,Toys,Toys 3,5,2019.95,1272.49,false
785,2024-08-09,Online,Store 019,West,France,Product 099,Garden,Garden 4,2,393.98,238.77,false
786,2023-10-31,Store,Store 036,North,Germany,Product 078,Sports,Sports 3,9,3707.91,2106.33,false
787,2024-06-29,Online,Store 014,West,Spain,Product 115,Electronics,Electronics 4,6,1757.94,1236.80,false
788,2023-10-28,Store,Store 022,South,Netherlands,Product 047,Clothing,Clothing 4,4,1027.96,774.26,false
789,2025-10-25,Online,Store 035,Central,United Kingdom,Product 074,Home,Home 3,1,263.99,205.30,false
790,2024-10-20,Store,Store 027,South,Italy,Product 014,Home,Home 3,3,83.97,52.85,false
791,2023-11-13,Online,Store 025,Central,France,Product 006,Sports,Sports 3,9,2051.91,1348.96,false
792,2025-11-29,Store,Store 040,Central,Netherlands,Product 077,Clothing,Clothing 2,3,1124.97,640.39,false
793,2023-04-21,Online,Store 026,North,Spain,Product 079,Electronics,Electronics 4,3,1346.97,810.77,false
794,2025-08-29,Online,Store 026,North,Spain,Product 002,Home,Home 3,9,719.91,546.21,false
795,2025-03-29,Store,Store 039,West,Italy,Product 019,Electronics,Electronics 4,6,1277.94,942.10,true
796,2023-11-13,Store,Store 033,East,Italy,Product 059,Clothing,Clothing 4,4,819.96,521.35,false
797,2024-05-27,Online,Store 012,South,Germany,Product 039,Garden,Garden 4,6,2741.94,1849.34,false
798,2024-12-30,Store,Store 008,East,Spain,Product 115,Electronics,Electronics 4,3,878.97,535.29,false
799,2023-02-28,Store,Store 026,North,Spain,Product 009,Garden,Garden 2,1,338.99,222.37,false
800,2024-05-13,Store,Store 013,East,France,Product 005,Clothing,Clothing 2,2,381.98,246.29,false
801,2023-03-09,Store,Store 007,South,France,Product 024,Sports,Sports 1,3,1193.97,641.28,false
802,2024-03-31,Store,Store 027,South,Italy,Product 002,Home,Home 3,4,319.96,170.27,false
803,2023-06-28,Online,Store 004,West,Netherlands,Product 040,Toys,Toys 1,10,4939.90,3222.95,false
804,2024-06-22,Online,Store 001,North,France,Product 024,Sports,Sports 1,10,3979.90,2910.55,false
805,2024-01-01,Online,Store 011,North,United Kingdom,Product 078,Sports,Sports 3,9,3707.91,2311.04,false
806,2023-02-15,Store,Store 027,South,Italy,Product 025,Electronics,Electronics 2,9,3914.91,2846.59,false
807,2025-11-07,Store,Store 012,South,Germany,Product 043,Electronics,Electronics 4,9,980.91,748.08,true
808,2025-08-20,Store,Store 038,East,Spain,Product 087,Garden,Garden 4,5,1244.95,661.32,false
809,2023-11-04,Store,Store 023,East,United Kingdom,Product 081,Garden,Garden 2,6,161.94,126.90,false
810,2024-10-13,Store,Store 012,South,Germany,Product 108,Sports,Sports 1,8,271.92,203.10,false
811,2024-02-02,Online,Store 008,East,Spain,Product 043,Electronics,Electronics 4,10,1089.90,602.64,false
812,2023-08-18,Store,Store 034,West,Netherlands,Product 030,Sports,Sports 3,2,247.98,137.68,false
813,2025-05-28,Online,Store 014,West,Spain,Product 099,Garden,Garden 4,7,1378.93,838.66,true
814,2024-10-25,Store,Store 035,Central,United Kingdom,Product 087,Garden,Garden 4,5,1244.95,863.06,false
815,2023-12-19,Store,Store 013,East,France,Product 077,Clothing,Clothing 2,1,374.99,297.21,false
816,2025-03-17,Online,Store 027,South,Italy,Product 101,Clothing,Clothing 2,7,1896.93,1037.85,false
817,2025-08-12,Store,Store 039,West,Italy,Product 101,Clothing,Clothing 2,10,2709.90,1777.63,false
818,2024-10-31,Store,Store 029,West,United Kingdom,Product 086,Home,Home 3,1,211.99,113.50,false
819,2024-10-20,Online,Store 009,West,Italy,Product 001,Electronics,Electronics 2,7,300.93,200.88,false
820,2025-02-05,Online,Store 021,North,Italy,Product 022,Toys,Toys 3,8,2591.92,2047.14,false
821,2025-09-08,Online,Store 020,Central,Spain,Product 030,Sports,Sports 3,9,1115.91,666.32,false
822,2023-10-02,Store,Store 035,Central,United Kingdom,Product 117,Garden,Garden 2,1,366.99,267.56,false
823,2025-06-21,Store,Store 002,South,Spain,Product 045,Garden,Garden 2,2,365.98,237.72,false
824,2023-05-13,Online,Store 019,West,France,Product 054,Sports,Sports 3,3,59.97,41.87,false
825,2023-11-04,Online,Store 016,North,Netherlands,Product 050,Home,Home 3,7,2575.93,1706.53,false
826,2024-04-20,Store,Store 006,North,Germany,Product 030,Sports,Sports 3,9,1115.91,653.96,false
827,2025-11-17,Store,Store 014,West,Spain,Product 005,Clothing,Clothing 2,4,763.96,461.02,true
828,2025-10-12,Store,Store 039,West,Italy,Product 089,Clothing,Clothing 2,1,322.99,221.35,false
829,2025-05-31,Online,Store 030,Central,Germany,Product 100,Toys,Toys 1,8,1871.92,969.84,false
830,2023-02-07,Store,Store 032,South,Spain,Product 057,Garden,Garden 2,2,261.98,157.90,false
831,2025-08-01,Online,Store 032,South,Spain,Product 014,Home,Home 3,1,27.99,20.33,false
832,2025-01-28,Online,Store 036,North,Germany,Product 003,Garden,Garden 4,10,1169.90,714.24,false
833,2023-10-07,Store,Store 040,Central,Netherlands,Product 120,Sports,Sports 1,9,4301.91,2982.43,false
834,2025-08-05,Online,Store 008,East,Spain,Product 105,Garden,Garden 2,1,418.99,266.63,false
835,2023-12-12,Online,Store 015,Central,Italy,Product 073,Electronics,Electronics 2,3,680.97,391.01,false
836,2023-08-16,Online,Store 011,North,United Kingdom,Product 056,Home,Home 1,6,563.94,366.99,false
837,2024-01-21,Store,Store 011,North,United Kingdom,Product 010,Toys,Toys 3,5,1879.95,1308.85,false
838,2024-10-20,Store,Store 013,East,France,Product 014,Home,Home 3,10,279.90,196.11,false
839,2023-02-01,Online,Store 003,East,Italy,Product 098,Home,Home 3,5,799.95,436.19,false
840,2024-10-11,Store,Store 031,North,France,Product 066,Sports,Sports 3,7,3247.93,1986.89,false
841,2025-11-03,Online,Store 009,West,Italy,Product 118,Toys,Toys 3,8,3231.92,2480.35,false
842,2024-04-23,Store,Store 004,West,Netherlands,Product 113,Clothing,Clothing 2,3,656.97,452.15,false
843,2023-08-28,Store,Store 001,North,France,Product 099,Garden,Garden 4,5,984.95,681.56,false
844,2025-06-01,Store,Store 023,East,United Kingdom,Product 093,Garden,Garden 2,2,941.98,742.70,false
845,2023-06-08,Store,Store 023,East,United Kingdom,Product 119,Clothing,Clothing 4,2,881.98,519.48,false
846,2023-06-09,Online,Store 022,South,Netherlands,Product 032,Home,Home 1,4,791.96,576.56,false
847,2025-10-18,Store,Store 037,South,France,Product 051,Garden,Garden 4,2,809.98,432.64,false
848,2023-02-09,Store,Store 023,East,United Kingdom,Product 049,Electronics,Electronics 2,3,992.97,606.72,false
849,2025-04-05,Store,Store 033,East,Italy,Product 109,Electronics,Electronics 2,9,638.91,478.32,false
850,2025-10-02,Store,Store 003,East,Italy,Product 095,Clothing,Clothing 4,8,391.92,248.21,false
851,2023-12-04,Online,Store 028,East,Netherlands,Product 079,Electronics,Electronics 4,5,2244.95,1420.16,false
852,2025-09-03,Online,Store 027,South,Italy,Product 085,Electronics,Electronics 2,5,874.95,632.88,false
853,2025-12-04,Store,Store 020,Central,Spain,Product 118,Toys,Toys 3,4,1615.96,1006.84,false
854,2025-06-06,Online,Store 034,West,Netherlands,Product 106,Toys,Toys 3,1,455.99,342.03,false
855,2024-02-02,Online,Store 010,Central,Netherlands,Product 098,Home,Home 3,8,1279.92,735.50,false
856,2025-12-05,Online,Store 007,South,France,Product 005,Clothing,Clothing 2,3,572.97,432.53,false
857,2025-01-30,Store,Store 035,Central,United Kingdom,Product 100,Toys,Toys 1,4,935.96,566.32,false
858,2024-02-09,Store,Store 031,North,France,Product 116,Home,Home 1,3,989.97,519.88,false
859,2023-09-02,Store,Store 024,West,Germany,Product 001,Electronics,Electronics 2,3,128.97,95.74,false
860,2024-12-27,Online,Store 028,East,Netherlands,Product 015,Garden,Garden 4,8,519.92,289.11,false
861,2024-12-12,Online,Store 032,South,Spain,Product 077,Clothing,Clothing 2,9,3374.91,2602.78,false
862,2024-12-15,Store,Store 023,East,United Kingdom,Product 050,Home,Home 3,7,2575.93,1471.31,false
863,2023-01-28,Store,Store 024,West,Germany,Product 099,Garden,Garden 4,5,984.95,731.00,false
864,2025-10-02,Online,Store 023,East,United Kingdom,Product 094,Toys,Toys 3,9,107.91,57.55,false
865,2023-01-05,Online,Store 021,North,Italy,Product 103,Electronics,Electronics 4,3,1034.97,781.40,false
866,2023-12-06,Online,Store 022,South,Netherlands,Product 051,Garden,Garden 4,2,809.98,478.90,false
867,2024-04-20,Online,Store 032,South,Spain,Product 074,Home,Home 3,8,2111.92,1085.41,false
868,2023-09-29,Online,Store 011,North,United Kingdom,Product 017,Clothing,Clothing 2,7,972.93,486.76,false
869,2023-07-17,Online,Store 019,West,France,Product 044,Home,Home 1,2,291.98,209.33,false
870,2023-08-13,Store,Store 012,South,Germany,Product 096,Sports,Sports 1,1,85.99,47.74,false
871,2024-12-20,Online,Store 020,Central,Spain,Product 071,Clothing,Clothing 4,10,1529.90,934.68,false
872,2023-10-25,Online,Store 023,East,United Kingdom,Product 120,Sports,Sports 1,8,3823.92,2799.46,true
873,2023-07-20,Store,Store 008,East,Spain,Product 094,Toys,Toys 3,4,47.96,38.05,false
874,2023-08-23,Store,Store 015,Central,Italy,Product 035,Clothing,Clothing 4,6,1853.94,1138.57,false
875,2024-02-28,Online,Store 036,North,Germany,Product 110,Home,Home 3,7,755.93,556.04,false
876,2025-04-15,Online,Store 030,Central,Germany,Product 015,Garden,Garden 4,9,584.91,404.56,false
877,2024-08-07,Online,Store 029,West,United Kingdom,Product 103,Electronics,Electronics 4,7,2414.93,1523.07,false
878,2025-04-21,Online,Store 034,West,Netherlands,Product 088,Toys,Toys 1,9,2573.91,1290.49,false
879,2024-03-30,Online,Store 027,South,Italy,Product 026,Home,Home 3,6,2831.94,2019.31,false
880,2025-01-03,Online,Store 012,South,Germany,Product 109,Electronics,Electronics 2,2,141.98,102.30,false
881,2024-02-20,Online,Store 012,South,Germany,Product 034,Toys,Toys 3,6,1631.94,911.75,false
882,2025-03-07,Store,Store 007,South,France,Product 064,Toys,Toys 1,4,1559.96,1032.90,false
883,2025-07-24,Store,Store 034,West,Netherlands,Product 064,Toys,Toys 1,6,2339.94,1573.57,false
884,2025-11-08,Online,Store 016,North,Netherlands,Product 003,Garden,Garden 4,8,935.92,679.28,true
885,2023-08-14,Store,Store 002,South,Spain,Product 034,Toys,Toys 3,7,1903.93,1414.72,false
886,2023-07-28,Store,Store 026,North,Spain,Product 040,Toys,Toys 1,8,3951.92,2243.30,false
887,2024-05-26,Store,Store 013,East,France,Product 073,Electronics,Electronics 2,6,1361.94,1065.89,false
888,2023-01-08,Store,Store 012,South,Germany,Product 045,Garden,Garden 2,3,548.97,380.39,false
889,2025-12-17,Store,Store 025,Central,France,Product 098,Home,Home 3,10,1599.90,1037.13,false
890,2024-09-19,Store,Store 016,North,Netherlands,Product 117,Garden,Garden 2,1,366.99,268.31,false
891,2024-05-13,Online,Store 032,South,Spain,Product 006,Sports,Sports 3,3,683.97,496.58,false
892,2023-06-02,Store,Store 009,West,Italy,Product 097,Electronics,Electronics 2,2,245.98,177.23,false
893,2023-10-15,Online,Store 019,West,France,Product 108,Sports,Sports 1,8,271.92,205.61,false
894,2024-07-18,Online,Store 023,East,United Kingdom,Product 041,Clothing,Clothing 2,7,244.93,188.61,false
895,2025-10-22,Store,Store 011,North,United Kingdom,Product 023,Clothing,Clothing 4,1,360.99,260.84,false
896,2023-10-23,Store,Store 035,Central,United Kingdom,Product 058,Toys,Toys 3,1,167.99,103.77,false
897,2024-06-11,Online,Store 021,North,Italy,Product 024,Sports,Sports 1,2,795.98,550.74,false
898,2025-05-13,Online,Store 031,North,France,Product 079,Electronics,Electronics 4,5,2244.95,1204.46,false
899,2023-06-27,Store,Store 029,West,United Kingdom,Product 072,Sports,Sports 1,6,1139.94,888.93,false
900,2023-08-20,Store,Store 034,West,Netherlands,Product 072,Sports,Sports 1,5,949.95,741.88,false
901,2025-11-17,Online,Store 013,East,France,Product 080,Home,Home 1,1,485.99,300.65,false
902,2024-09-09,Online,Store 021,North,Italy,Product 060,Sports,Sports 1,3,725.97,580.23,false
903,2024-10-31,Online,Store 034,West,Netherlands,Product 093,Garden,Garden 2,8,3767.92,2907.17,false
904,2023-01-04,Store,Store 001,North,France,Product 084,Sports,Sports 1,7,965.93,670.73,false
905,2023-07-18,Store,Store 020,Central,Spain,Product 096,Sports,Sports 1,1,85.99,61.42,false
906,2023-08-17,Online,Store 024,West,Germany,Product 066,Sports,Sports 3,1,463.99,356.55,false
907,2023-03-29,Online,Store 030,Central,Germany,Product 013,Electronics,Electronics 2,6,2921.94,1712.96,false
908,2024-12-11,Store,Store 002,South,Spain,Product 049,Electronics,Electronics 2,1,330.99,242.17,false
909,2024-05-01,Online,Store 012,South,Germany,Product 090,Sports,Sports 3,2,719.98,403.37,false
910,2023-03-20,Store,Store 007,South,France,Product 092,Home,Home 1,2,867.98,458.62,false
911,2025-03-08,Online,Store 028,East,Netherlands,Product 117,Garden,Garden 2,1,366.99,206.76,false
912,2025-10-13,Store,Store 014,West,Spain,Product 117,Garden,Garden 2,6,2201.94,1451.81,false
913,2024-09-27,Store,Store 021,North,Italy,Product 107,Clothing,Clothing 4,6,2957.94,1835.94,false
914,2024-12-20,Store,Store 009,West,Italy,Product 115,Electronics,Electronics 4,5,1464.95,1082.99,false
915,2024-09-24,Store,Store 010,Central,Netherlands,Product 086,Home,Home 3,4,847.96,537.01,false
916,2023-02-11,Store,Store 035,Central,United Kingdom,Product 088,Toys,Toys 1,5,1429.95,1062.86,false
917,2023-11-13,Store,Store 027,South,Italy,Product 057,Garden,Garden 2,8,1047.92,576.13,false
918,2024-05-06,Online,Store 006,North,Germany,Product 025,Electronics,Electronics 2,6,2609.94,1451.81,false
919,2025-02-14,Store,Store 008,East,Spain,Product 014,Home,Home 3,10,279.90,141.08,false
920,2023-03-23,Online,Store 015,Central,Italy,Product 034,Toys,Toys 3,10,2719.90,1773.96,false
921,2025-08-28,Store,Store 014,West,Spain,Product 054,Sports,Sports 3,5,99.95,69.77,false
922,2025-01-03,Store,Store 028,East,Netherlands,Product 097,Electronics,Electronics 2,4,491.96,318.00,false
923,2025-11-17,Online,Store 031,North,France,Product 117,Garden,Garden 2,6,2201.94,1488.33,false
924,2023-11-04,Store,Store 019,West,France,Product 024,Sports,Sports 1,10,3979.90,3020.79,false
925,2025-04-14,Store,Store 005,Central,United Kingdom,Product 001,Electronics,Electronics 2,8,343.92,194.65,false
926,2023-03-16,Store,Store 013,East,France,Product 085,Electronics,Electronics 2,8,1399.92,1017.21,false
927,2024-11-15,Online,Store 014,West,Spain,Product 004,Toys,Toys 1,5,769.95,569.18,false
928,2023-03-17,Store,Store 018,East,Germany,Product 118,Toys,Toys 3,2,807.98,475.46,false
929,2024-01-29,Store,Store 011,North,United Kingdom,Product 019,Electronics,Electronics 4,7,1490.93,1162.83,false
930,2025-08-25,Store,Store 038,East,Spain,Product 092,Home,Home 1,2,867.98,594.17,false
931,2023-10-30,Store,Store 027,South,Italy,Product 102,Sports,Sports 3,3,923.97,679.66,false
932,2025-09-20,Store,Store 024,West,Germany,Product 073,Electronics,Electronics 2,7,1588.93,1034.57,false
933,2025-06-01,Online,Store 025,Central,France,Product 095,Clothing,Clothing 4,4,195.96,143.92,false
934,2024-09-06,Online,Store 039,West,Italy,Product 048,Sports,Sports 1,2,587.98,456.63,false
935,2024-02-05,Store,Store 036,North,Germany,Product 097,Electronics,Electronics 2,6,737.94,454.95,false
936,2024-01-28,Online,Store 016,North,Netherlands,Product 022,Toys,Toys 3,1,323.99,174.25,true
937,2023-11-26,Store,Store 017,South,United Kingdom,Product 108,Sports,Sports 1,9,305.91,224.84,false
938,2025-04-05,Online,Store 032,South,Spain,Product 095,Clothing,Clothing 4,10,489.90,336.03,false
939,2024-09-22,Store,Store 028,East,Netherlands,Product 066,Sports,Sports 3,3,1391.97,892.24,false
940,2025-06-16,Store,Store 034,West,Netherlands,Product 073,Electronics,Electronics 2,4,907.96,708.93,false
941,2025-06-14,Online,Store 018,East,Germany,Product 053,Clothing,Clothing 2,10,4789.90,3785.65,false
942,2024-01-30,Store,Store 027,South,Italy,Product 097,Electronics,Electronics 2,3,368.97,262.67,false
943,2023-01-04,Store,Store 037,South,France,Product 061,Electronics,Electronics 2,7,1952.93,1007.63,false
944,2025-08-21,Store,Store 003,East,Italy,Product 090,Sports,Sports 3,6,2159.94,1097.87,false
945,2024-08-27,Online,Store 006,North,Germany,Product 044,Home,Home 1,6,875.94,537.80,false
946,2025-03-29,Store,Store 032,South,Spain,Product 015,Garden,Garden 4,2,129.98,103.02,false
947,2024-10-04,Online,Store 020,Central,Spain,Product 097,Electronics,Electronics 2,9,1106.91,792.49,false
948,2023-06-29,Online,Store 017,South,United Kingdom,Product 015,Garden,Garden 4,7,454.93,343.14,false
949,2024-08-05,Online,Store 035,Central,United Kingdom,Product 066,Sports,Sports 3,7,3247.93,2073.10,false
950,2023-05-20,Online,Store 008,East,Spain,Product 099,Garden,Garden 4,6,1181.94,789.30,false
951,2024-02-25,Online,Store 019,West,France,Product 046,Toys,Toys 3,5,1099.95,685.64,false
952,2025-11-08,Store,Store 037,South,France,Product 042,Sports,Sports 3,3,215.97,121.32,false
953,2025-01-30,Online,Store 023,East,United Kingdom,Product 073,Electronics,Electronics 2,7,1588.93,865.39,false
954,2024-08-30,Store,Store 006,North,Germany,Product 100,Toys,Toys 1,5,1169.95,723.08,false
955,2024-12-21,Store,Store 038,East,Spain,Product 022,Toys,Toys 3,9,2915.91,2160.30,false
956,2023-06-21,Store,Store 035,Central,United Kingdom,Product 049,Electronics,Electronics 2,7,2316.93,1535.06,false
957,2025-09-16,Store,Store 013,East,France,Product 012,Sports,Sports 1,1,449.99,274.66,false
958,2025-06-05,Store,Store 019,West,France,Product 115,Electronics,Electronics 4,10,2929.90,1648.79,false
959,2024-10-31,Store,Store 004,West,Netherlands,Product 079,Electronics,Electronics 4,6,2693.94,1934.87,false
960,2023-02-08,Online,Store 012,South,Germany,Product 105,Garden,Garden 2,5,2094.95,1360.49,false
961,2023-11-25,Online,Store 006,North,Germany,Product 094,Toys,Toys 3,6,71.94,47.32,false
962,2025-02-01,Online,Store 040,Central,Netherlands,Product 046,Toys,Toys 3,5,1099.95,857.13,false
963,2024-12-05,Store,Store 011,North,United Kingdom,Product 064,Toys,Toys 1,7,2729.93,1617.20,false
964,2025-08-16,Store,Store 011,North,United Kingdom,Product 101,Clothing,Clothing 2,7,1896.93,975.04,false
965,2025-09-11,Store,Store 007,South,France,Product 106,Toys,Toys 3,4,1823.96,1349.86,false
966,2023-01-28,Store,Store 036,North,Germany,Product 103,Electronics,Electronics 4,1,344.99,176.43,false
967,2025-10-19,Store,Store 029,West,United Kingdom,Product 083,Clothing,Clothing 4,2,201.98,107.44,false
968,2024-12-21,Store,Store 035,Central,United Kingdom,Product 016,Toys,Toys 1,1,101.99,80.16,false
969,2025-11-28,Online,Store 004,West,Netherlands,Product 088,Toys,Toys 1,7,2001.93,1561.85,false
970,2023-08-16,Store,Store 029,West,United Kingdom,Product 001,Electronics,Electronics 2,1,42.99,28.87,false
971,2024-07-18,Store,Store 037,South,France,Product 076,Toys,Toys 1,4,1351.96,720.52,false
972,2024-03-16,Store,Store 002,South,Spain,Product 072,Sports,Sports 1,6,1139.94,619.45,false
973,2025-02-04,Store,Store 003,East,Italy,Product 104,Home,Home 1,7,2673.93,1541.52,false
974,2024-11-17,Store,Store 010,Central,Netherlands,Product 103,Electronics,Electronics 4,2,689.98,370.35,false
975,2024-04-07,Online,Store 029,West,United Kingdom,Product 077,Clothing,Clothing 2,7,2624.93,2078.58,false
976,2025-10-05,Store,Store 014,West,Spain,Product 078,Sports,Sports 3,3,1235.97,903.52,false
977,2024-03-24,Online,Store 019,West,France,Product 033,Garden,Garden 2,2,469.98,297.17,false
978,2024-11-14,Store,Store 040,Central,Netherlands,Product 071,Clothing,Clothing 4,4,611.96,425.14,false
979,2025-08-31,Online,Store 037,South,France,Product 117,Garden,Garden 2,2,733.98,494.99,false
980,2025-05-16,Online,Store 033,East,Italy,Product 115,Electronics,Electronics 4,4,1171.96,603.51,false
981,2024-05-21,Store,Store 006,North,Germany,Product 002,Home,Home 3,5,399.95,200.49,false
982,2025-02-27,Online,Store 029,West,United Kingdom,Product 104,Home,Home 1,9,3437.91,2384.14,false
983,2024-07-28,Online,Store 039,West,Italy,Product 088,Toys,Toys 1,6,1715.94,1323.75,false
984,2025-10-08,Store,Store 027,South,Italy,Product 103,Electronics,Electronics 4,9,3104.91,1987.36,false
985,2023-11-15,Store,Store 025,Central,France,Product 100,Toys,Toys 1,9,2105.91,1620.68,false
986,2023-01-15,Store,Store 014,West,Spain,Product 062,Home,Home 3,9,2843.91,1665.87,false
987,2025-01-16,Store,Store 040,Central,Netherlands,Product 117,Garden,Garden 2,9,3302.91,1986.17,false
988,2025-09-20,Store,Store 008,East,Spain,Product 067,Electronics,Electronics 4,4,2003.96,1321.78,false
989,2024-09-18,Online,Store 034,West,Netherlands,Product 061,Electronics,Electronics 2,9,2510.91,1766.40,false
990,2023-02-16,Online,Store 020,Central,Spain,Product 018,Sports,Sports 3,4,703.96,533.61,false
991,2025-10-08,Online,Store 018,East,Germany,Product 070,Toys,Toys 3,1,115.99,75.09,false
992,2023-08-07,Store,Store 031,North,France,Product 075,Garden,Garden 4,5,1504.95,910.51,false
993,2024-10-28,Online,Store 017,South,United Kingdom,Product 017,Clothing,Clothing 2,1,138.99,80.78,false
994,2025-09-01,Store,Store 039,West,Italy,Product 065,Clothing,Clothing 2,5,2134.95,1611.38,false
995,2024-10-30,Store,Store 018,East,Germany,Product 058,Toys,Toys 3,9,1511.91,1151.66,false
996,2024-03-28,Online,Store 005,Central,United Kingdom,Product 040,Toys,Toys 1,5,2469.95,1803.61,false
997,2025-11-18,Online,Store 026,North,Spain,Product 053,Clothing,Clothing 2,5,2394.95,1368.44,false
998,2024-01-14,Online,Store 039,West,Italy,Product 091,Electronics,Electronics 4,10,3969.90,2053.93,false
999,2024-04-17,Online,Store 033,East,Italy,Product 095,Clothing,Clothing 4,8,391.92,207.84,false
1000,2023-05-18,Store,Store 038,East,Spain,Product 027,Garden,Garden 4,6,77.94,41.67,false
1001,2023-12-09,Store,Store 024,West,Germany,Product 111,Garden,Garden 4,5,724.95,534.87,false
1002,2023-04-17,Store,Store 021,North,Italy,Product 022,Toys,Toys 3,6,1943.94,1274.66,false
1003,2025-03-18,Store,Store 012,South,Germany,Product 066,Sports,Sports 3,6,2783.94,1736.66,false
1004,2024-10-09,Store,Store 010,Central,Netherlands,Product 056,Home,Home 1,9,845.91,496.20,false
1005,2024-03-16,Store,Store 035,Central,United Kingdom,Product 051,Garden,Garden 4,6,2429.94,1515.44,false
1006,2025-10-21,Store,Store 032,South,Spain,Product 009,Garden,Garden 2,5,1694.95,1276.26,false
1007,2023-06-04,Store,Store 020,Central,Spain,Product 090,Sports,Sports 3,8,2879.92,1621.15,false
1008,2023-09-10,Store,Store 023,East,United Kingdom,Product 047,Clothing,Clothing 4,5,1284.95,865.46,false
1009,2025-02-17,Store,Store 021,North,Italy,Product 017,Clothing,Clothing 2,7,972.93,586.77,false
1010,2025-01-20,Store,Store 018,East,Germany,Product 013,Electronics,Electronics 2,4,1947.96,1075.33,false
1011,2025-03-10,Online,Store 014,West,Spain,Product 068,Home,Home 1,6,251.94,185.92,false
1012,2024-07-30,Store,Store 030,Central,Germany,Product 013,Electronics,Electronics 2,4,1947.96,1434.98,false
1013,2023-03-09,Store,Store 037,South,France,Product 005,Clothing,Clothing 2,6,1145.94,669.06,false
1014,2023-09-04,Online,Store 011,North,United Kingdom,Product 067,Electronics,Electronics 4,6,3005.94,1936.71,false
1015,2024-02-05,Store,Store 031,North,France,Product 001,Electronics,Electronics 2,8,343.92,247.27,false
1016,2023-02-03,Online,Store 015,Central,Italy,Product 048,Sports,Sports 1,6,1763.94,1406.94,false
1017,2025-03-12,Store,Store 019,West,France,Product 044,Home,Home 1,7,1021.93,625.00,false
1018,2025-02-20,Online,Store 028,East,Netherlands,Product 029,Clothing,Clothing 2,10,869.90,686.72,false
1019,2025-06-07,Online,Store 008,East,Spain,Product 026,Home,Home 3,8,3775.92,2096.81,false
1020,2024-07-24,Store,Store 013,East,France,Product 029,Clothing,Clothing 2,1,86.99,44.43,false
1021,2024-10-20,Online,Store 036,North,Germany,Product 090,Sports,Sports 3,5,1799.95,915.38,false
1022,2024-01-02,Online,Store 019,West,France,Product 108,Sports,Sports 1,7,237.93,158.77,false
1023,2024-07-21,Online,Store 007,South,France,Product 093,Garden,Garden 2,1,470.99,273.22,false
1024,2024-02-24,Online,Store 040,Central,Netherlands,Product 100,Toys,Toys 1,9,2105.91,1621.11,false
1025,2025-04-03,Online,Store 029,West,United Kingdom,Product 044,Home,Home 1,1,145.99,98.43,false
1026,2024-06-10,Store,Store 009,West,Italy,Product 044,Home,Home 1,3,437.97,281.44,false
1027,2023-06-06,Online,Store 013,East,France,Product 103,Electronics,Electronics 4,2,689.98,424.99,false
1028,2023-08-07,Store,Store 030,Central,Germany,Product 021,Garden,Garden 2,9,2582.91,1581.77,false
1029,2025-07-30,Online,Store 036,North,Germany,Product 086,Home,Home 3,2,423.98,253.26,false
1030,2025-03-24,Store,Store 004,West,Netherlands,Product 084,Sports,Sports 1,10,1379.90,773.88,false
1031,2024-08-24,Online,Store 020,Central,Spain,Product 074,Home,Home 3,2,527.98,385.14,false
1032,2023-08-27,Online,Store 036,North,Germany,Product 072,Sports,Sports 1,9,1709.91,1140.66,false
1033,2023-02-05,Store,Store 002,South,Spain,Product 014,Home,Home 3,5,139.95,107.80,false
1034,2024-10-17,Online,Store 012,South,Germany,Product 033,Garden,Garden 2,4,939.96,712.01,false
1035,2023-08-26,Store,Store 032,South,Spain,Product 030,Sports,Sports 3,5,619.95,406.83,false
1036,2024-06-05,Store,Store 039,West,Italy,Product 005,Clothing,Clothing 2,1,190.99,113.09,false
1037,2023-02-17,Store,Store 035,Central,United Kingdom,Product 041,Clothing,Clothing 2,4,139.96,75.94,false
1038,2024-01-13,Store,Store 033,East,Italy,Product 023,Clothing,Clothing 4,2,721.98,443.80,false
1039,2025-08-09,Online,Store 019,West,France,Product 046,Toys,Toys 3,10,2199.90,1697.16,false
1040,2024-05-26,Store,Store 001,North,France,Product 098,Home,Home 3,8,1279.92,956.12,false
1041,2025-10-05,Online,Store 013,East,France,Product 058,Toys,Toys 3,2,335.98,194.88,false
1042,2025-05-24,Online,Store 024,West,Germany,Product 068,Home,Home 1,10,419.90,222.60,false
1043,2024-09-05,Online,Store 035,Central,United Kingdom,Product 107,Clothing,Clothing 4,5,2464.95,1678.82,false
1044,2024-02-07,Store,Store 005,Central,United Kingdom,Product 105,Garden,Garden 2,7,2932.93,2152.41,false
1045,2023-01-11,Store,Store 005,Central,United Kingdom,Product 119,Clothing,Clothing 4,5,2204.95,1432.62,false
1046,2023-01-21,Online,Store 032,South,Spain,Product 109,Electronics,Electronics 2,3,212.97,123.51,false
1047,2024-09-13,Store,Store 040,Central,Netherlands,Product 039,Garden,Garden 4,3,1370.97,970.90,false
1048,2025-02-10,Online,Store 013,East,France,Product 103,Electronics,Electronics 4,10,3449.90,1976.48,false
1049,2023-11-10,Store,Store 026,North,Spain,Product 010,Toys,Toys 3,5,1879.95,1396.00,false
1050,2025-02-06,Store,Store 037,South,France,Product 085,Electronics,Electronics 2,8,1399.92,973.63,false
1051,2025-02-13,Store,Store 015,Central,Italy,Product 054,Sports,Sports 3,4,79.96,43.31,true
1052,2024-11-19,Online,Store 038,East,Spain,Product 091,Electronics,Electronics 4,3,1190.97,784.68,true
1053,2024-05-21,Online,Store 011,North,United Kingdom,Product 018,Sports,Sports 3,7,1231.93,948.04,false
1054,2023-03-28,Store,Store 021,North,Italy,Product 009,Garden,Garden 2,9,3050.91,2026.82,false
1055,2024-01-01,Store,Store 034,West,Netherlands,Product 061,Electronics,Electronics 2,3,836.97,571.57,false
1056,2024-12-19,Online,Store 004,West,Netherlands,Product 087,Garden,Garden 4,10,2489.90,1286.40,false
1057,2024-05-28,Store,Store 021,North,Italy,Product 037,Electronics,Electronics 2,6,2297.94,1807.84,false
1058,2023-06-14,Store,Store 011,North,United Kingdom,Product 031,Electronics,Electronics 4,8,1287.92,838.86,false
1059,2023-11-20,Store,Store 004,West,Netherlands,Product 089,Clothing,Clothing 2,5,1614.95,1225.02,false
1060,2024-01-20,Store,Store 029,West,United Kingdom,Product 061,Electronics,Electronics 2,4,1115.96,566.55,true
1061,2023-04-17,Online,Store 003,East,Italy,Product 101,Clothing,Clothing 2,3,812.97,595.50,false
1062,2024-12-14,Online,Store 040,Central,Netherlands,Product 061,Electronics,Electronics 2,1,278.99,196.68,false
1063,2023-02-27,Store,Store 022,South,Netherlands,Product 092,Home,Home 1,5,2169.95,1271.27,false
1064,2024-03-04,Store,Store 022,South,Netherlands,Product 091,Electronics,Electronics 4,8,3175.92,2138.78,false
1065,2023-04-02,Online,Store 009,West,Italy,Product 046,Toys,Toys 3,5,1099.95,849.94,false
1066,2025-04-17,Store,Store 028,East,Netherlands,Product 082,Toys,Toys 3,2,127.98,65.07,false
1067,2025-02-14,Online,Store 010,Central,Netherlands,Product 092,Home,Home 1,1,433.99,275.11,false
1068,2025-11-09,Online,Store 033,East,Italy,Product 049,Electronics,Electronics 2,7,2316.93,1583.60,false
1069,2024-08-04,Online,Store 009,West,Italy,Product 069,Garden,Garden 2,6,473.94,358.17,false
1070,2024-03-13,Store,Store 018,East,Germany,Product 030,Sports,Sports 3,1,123.99,69.20,false
1071,2025-11-08,Store,Store 006,North,Germany,Product 104,Home,Home 1,6,2291.94,1436.79,false
1072,2025-03-19,Store,Store 017,South,United Kingdom,Product 078,Sports,Sports 3,5,2059.95,1046.66,false
1073,2024-07-28,Online,Store 033,East,Italy,Product 016,Toys,Toys 1,6,611.94,336.74,false
1074,2023-11-11,Store,Store 006,North,Germany,Product 074,Home,Home 3,2,527.98,315.10,false
1075,2025-11-04,Online,Store 029,West,United Kingdom,Product 062,Home,Home 3,5,1579.95,1244.12,false
1076,2025-03-21,Online,Store 010,Central,Netherlands,Product 103,Electronics,Electronics 4,1,344.99,270.30,false
1077,2024-07-02,Online,Store 009,West,Italy,Product 087,Garden,Garden 4,9,2240.91,1156.48,false
1078,2025-12-31,Store,Store 029,West,United Kingdom,Product 023,Clothing,Clothing 4,7,2526.93,1450.70,false
1079,2024-04-21,Store,Store 017,South,United Kingdom,Product 091,Electronics,Electronics 4,10,3969.90,2699.74,false
1080,2024-05-13,Online,Store 022,South,Netherlands,Product 098,Home,Home 3,8,1279.92,658.27,false
1081,2024-09-04,Store,Store 001,North,France,Product 112,Toys,Toys 1,3,545.97,343.38,false
1082,2025-03-13,Online,Store 002,South,Spain,Product 063,Garden,Garden 4,9,3176.91,1629.53,false
1083,2025-06-04,Online,Store 022,South,Netherlands,Product 068,Home,Home 1,2,83.98,61.16,false
1084,2025-09-15,Store,Store 031,North,France,Product 038,Home,Home 3,8,3359.92,2354.34,false
1085,2024-04-08,Store,Store 028,East,Netherlands,Product 010,Toys,Toys 3,5,1879.95,1075.60,false
1086,2024-10-21,Online,Store 033,East,Italy,Product 006,Sports,Sports 3,10,2279.90,1609.66,false
1087,2025-02-03,Online,Store 006,North,Germany,Product 065,Clothing,Clothing 2,6,2561.94,1430.67,false
1088,2023-03-29,Online,Store 004,West,Netherlands,Product 102,Sports,Sports 3,7,2155.93,1207.92,false
1089,2025-03-06,Store,Store 012,South,Germany,Product 072,Sports,Sports 1,10,1899.90,1321.99,false
1090,2024-01-01,Store,Store 007,South,France,Product 019,Electronics,Electronics 4,8,1703.92,882.22,false
1091,2025-06-25,Store,Store 037,South,France,Product 070,Toys,Toys 3,7,811.93,464.02,false
1092,2024-11-25,Store,Store 038,East,Spain,Product 025,Electronics,Electronics 2,2,869.98,578.91,false
1093,2025-02-18,Online,Store 001,North,France,Product 068,Home,Home 1,1,41.99,31.07,false
1094,2024-09-24,Store,Store 023,East,United Kingdom,Product 120,Sports,Sports 1,9,4301.91,2225.30,true
1095,2023-10-13,Store,Store 032,South,Spain,Product 029,Clothing,Clothing 2,1,86.99,50.77,false
1096,2024-11-17,Store,Store 021,North,Italy,Product 018,Sports,Sports 3,4,703.96,487.96,false
1097,2023-04-12,Store,Store 017,South,United Kingdom,Product 004,Toys,Toys 1,10,1539.90,1190.35,false
1098,2023-05-04,Store,Store 012,South,Germany,Product 113,Clothing,Clothing 2,6,1313.94,851.81,false
1099,2025-03-28,Store,Store 014,West,Spain,Product 045,Garden,Garden 2,6,1097.94,556.10,false
1100,2023-07-09,Store,Store 014,West,Spain,Product 113,Clothing,Clothing 2,6,1313.94,792.27,false
1101,2024-06-14,Online,Store 025,Central,France,Product 064,Toys,Toys 1,4,1559.96,1062.78,false
1102,2023-02-18,Store,Store 018,East,Germany,Product 018,Sports,Sports 3,1,175.99,136.36,false
1103,2023-06-19,Store,Store 028,East,Netherlands,Product 055,Electronics,Electronics 4,6,341.94,176.26,false
1104,2025-02-24,Store,Store 030,Central,Germany,Product 019,Electronics,Electronics 4,2,425.98,218.46,false
1105,2023-12-30,Online,Store 023,East,United Kingdom,Product 062,Home,Home 3,1,315.99,207.97,false
1106,2024-08-24,Online,Store 023,East,United Kingdom,Product 020,Home,Home 1,5,1249.95,806.50,false
1107,2024-07-01,Store,Store 006,North,Germany,Product 033,Garden,Garden 2,8,1879.92,1168.36,false
1108,2024-11-29,Store,Store 016,North,Netherlands,Product 096,Sports,Sports 1,6,515.94,411.78,false
1109,2023-10-17,Store,Store 030,Central,Germany,Product 091,Electronics,Electronics 4,2,793.98,490.99,false
1110,2023-03-06,Store,Store 009,West,Italy,Product 006,Sports,Sports 3,4,911.96,514.80,false
1111,2025-12-05,Store,Store 029,West,United Kingdom,Product 085,Electronics,Electronics 2,3,524.97,406.31,false
1112,2025-08-08,Online,Store 040,Central,Netherlands,Product 103,Electronics,Electronics 4,2,689.98,351.83,false
1113,2024-05-18,Store,Store 024,West,Germany,Product 052,Toys,Toys 1,4,1767.96,1317.60,false
1114,2025-01-04,Online,Store 030,Central,Germany,Product 014,Home,Home 3,9,251.91,185.64,false
1115,2023-05-07,Store,Store 010,Central,Netherlands,Product 070,Toys,Toys 3,5,579.95,324.21,false
1116,2024-10-14,Store,Store 029,West,United Kingdom,Product 060,Sports,Sports 1,6,1451.94,967.80,false
1117,2025-11-03,Online,Store 006,North,Germany,Product 075,Garden,Garden 4,4,1203.96,793.70,false
1118,2023-04-07,Online,Store 012,South,Germany,Product 082,Toys,Toys 3,6,383.94,197.95,false
1119,2024-08-27,Store,Store 032,South,Spain,Product 116,Home,Home 1,3,989.97,582.56,false
1120,2025-08-10,Online,Store 024,West,Germany,Product 114,Sports,Sports 3,7,1791.93,1217.66,false
1121,2025-09-07,Store,Store 032,South,Spain,Product 110,Home,Home 3,8,863.92,510.72,false
1122,2023-03-18,Store,Store 008,East,Spain,Product 055,Electronics,Electronics 4,8,455.92,269.49,false
1123,2025-08-22,Store,Store 017,South,United Kingdom,Product 025,Electronics,Electronics 2,9,3914.91,2147.88,false
1124,2025-03-20,Online,Store 013,East,France,Product 088,Toys,Toys 1,6,1715.94,970.39,false
1125,2023-12-23,Online,Store 021,North,Italy,Product 042,Sports,Sports 3,10,719.90,559.55,false
1126,2025-12-22,Store,Store 025,Central,France,Product 091,Electronics,Electronics 4,6,2381.94,1800.96,false
1127,2025-09-04,Store,Store 034,West,Netherlands,Product 104,Home,Home 1,8,3055.92,2044.00,false
1128,2025-10-23,Store,Store 021,North,Italy,Product 055,Electronics,Electronics 4,4,227.96,121.17,false
1129,2023-08-10,Store,Store 001,North,France,Product 065,Clothing,Clothing 2,9,3842.91,2323.13,false
1130,2024-07-10,Online,Store 025,Central,France,Product 118,Toys,Toys 3,8,3231.92,2319.58,false
1131,2025-10-04,Store,Store 020,Central,Spain,Product 023,Clothing,Clothing 4,7,2526.93,2018.81,false
1132,2025-06-27,Store,Store 010,Central,Netherlands,Product 028,Toys,Toys 1,9,449.91,250.18,false
1133,2024-05-30,Store,Store 003,East,Italy,Product 024,Sports,Sports 1,7,2785.93,1936.73,false
1134,2023-05-22,Store,Store 008,East,Spain,Product 053,Clothing,Clothing 2,8,3831.92,2479.07,false
1135,2025-04-06,Store,Store 037,South,France,Product 065,Clothing,Clothing 2,7,2988.93,1569.78,false
1136,2025-06-26,Online,Store 023,East,United Kingdom,Product 101,Clothing,Clothing 2,4,1083.96,576.82,false
1137,2024-05-23,Store,Store 030,Central,Germany,Product 112,Toys,Toys 1,5,909.95,677.70,false
1138,2024-04-12,Store,Store 007,South,France,Product 046,Toys,Toys 3,3,659.97,465.90,false
1139,2023-02-16,Store,Store 040,Central,Netherlands,Product 029,Clothing,Clothing 2,10,869.90,513.54,false
1140,2025-09-25,Store,Store 033,East,Italy,Product 108,Sports,Sports 1,3,101.97,73.46,false
1141,2024-08-11,Online,Store 011,North,United Kingdom,Product 046,Toys,Toys 3,4,879.96,588.66,false
1142,2023-10-16,Online,Store 024,West,Germany,Product 061,Electronics,Electronics 2,4,1115.96,844.87,false
1143,2024-09-26,Store,Store 017,South,United Kingdom,Product 072,Sports,Sports 1,4,759.96,527.83,false
1144,2024-09-25,Online,Store 007,South,France,Product 118,Toys,Toys 3,4,1615.96,987.93,false
1145,2024-12-19,Online,Store 032,South,Spain,Product 081,Garden,Garden 2,3,80.97,49.92,false
1146,2023-07-20,Store,Store 015,Central,Italy,Product 032,Home,Home 1,5,989.95,766.64,false
1147,2024-03-19,Store,Store 030,Central,Germany,Product 081,Garden,Garden 2,3,80.97,49.61,false
1148,2023-05-14,Online,Store 011,North,United Kingdom,Product 082,Toys,Toys 3,4,255.96,142.52,false
1149,2023-02-01,Online,Store 008,East,Spain,Product 070,Toys,Toys 3,3,347.97,240.32,false
1150,2024-02-19,Online,Store 017,South,United Kingdom,Product 108,Sports,Sports 1,4,135.96,92.37,false
1151,2023-11-29,Store,Store 012,South,Germany,Product 010,Toys,Toys 3,1,375.99,247.34,false
1152,2023-05-15,Online,Store 003,East,Italy,Product 025,Electronics,Electronics 2,4,1739.96,953.81,false
1153,2023-04-16,Online,Store 024,West,Germany,Product 066,Sports,Sports 3,10,4639.90,2442.70,false
1154,2024-04-17,Online,Store 039,West,Italy,Product 048,Sports,Sports 1,1,293.99,170.80,false
1155,2023-01-20,Store,Store 030,Central,Germany,Product 070,Toys,Toys 3,4,463.96,289.36,false
1156,2023-07-30,Online,Store 013,East,France,Product 099,Garden,Garden 4,2,393.98,237.97,false
1157,2023-08-08,Online,Store 010,Central,Netherlands,Product 028,Toys,Toys 1,8,399.92,218.15,false
1158,2023-08-25,Store,Store 016,North,Netherlands,Product 021,Garden,Garden 2,8,2295.92,1436.24,false
1159,2025-07-20,Online,Store 039,West,Italy,Product 024,Sports,Sports 1,5,1989.95,1103.29,false
1160,2024-12-23,Store,Store 023,East,United Kingdom,Product 081,Garden,Garden 2,3,80.97,54.00,false
1161,2023-09-15,Store,Store 019,West,France,Product 016,Toys,Toys 1,3,305.97,212.82,false
1162,2023-01-28,Store,Store 015,Central,Italy,Product 097,Electronics,Electronics 2,5,614.95,432.41,false
1163,2024-07-07,Store,Store 009,West,Italy,Product 119,Clothing,Clothing 4,2,881.98,520.97,false
1164,2024-11-30,Online,Store 032,South,Spain,Product 062,Home,Home 3,10,3159.90,2207.25,false
1165,2023-07-15,Store,Store 030,Central,Germany,Product 116,Home,Home 1,9,2969.91,2045.07,false
1166,2025-01-26,Store,Store 015,Central,Italy,Product 056,Home,Home 1,7,657.93,478.07,false
1167,2025-01-07,Store,Store 021,North,Italy,Product 103,Electronics,Electronics 4,10,3449.90,1804.58,false
1168,2023-03-16,Store,Store 024,West,Germany,Product 010,Toys,Toys 3,2,751.98,544.14,false
1169,2025-08-08,Store,Store 014,West,Spain,Product 105,Garden,Garden 2,6,2513.94,1583.80,false
1170,2025-06-13,Online,Store 022,South,Netherlands,Product 016,Toys,Toys 1,4,407.96,274.42,false
1171,2023-04-05,Store,Store 021,North,Italy,Product 032,Home,Home 1,6,1187.94,765.78,false
1172,2025-10-04,Store,Store 028,East,Netherlands,Product 002,Home,Home 3,6,479.94,269.17,false
1173,2025-05-29,Store,Store 027,South,Italy,Product 104,Home,Home 1,10,3819.90,2759.39,false
1174,2024-05-11,Store,Store 030,Central,Germany,Product 025,Electronics,Electronics 2,1,434.99,315.60,false
1175,2025-03-08,Online,Store 002,South,Spain,Product 018,Sports,Sports 3,2,351.98,201.92,false
1176,2025-12-27,Store,Store 022,South,Netherlands,Product 025,Electronics,Electronics 2,2,869.98,693.46,false
1177,2024-09-25,Store,Store 012,South,Germany,Product 094,Toys,Toys 3,5,59.95,34.74,false
1178,2025-05-30,Online,Store 013,East,France,Product 110,Home,Home 3,5,539.95,346.44,false
1179,2024-04-04,Store,Store 010,Central,Netherlands,Product 052,Toys,Toys 1,3,1325.97,796.06,false
1180,2023-03-01,Store,Store 028,East,Netherlands,Product 049,Electronics,Electronics 2,6,1985.94,1462.78,false
1181,2023-02-04,Store,Store 018,East,Germany,Product 091,Electronics,Electronics 4,3,1190.97,758.28,false
1182,2025-03-26,Store,Store 011,North,United Kingdom,Product 098,Home,Home 3,2,319.98,166.15,false
1183,2024-09-01,Online,Store 018,East,Germany,Product 081,Garden,Garden 2,1,26.99,17.99,false
1184,2023-05-23,Store,Store 019,West,France,Product 086,Home,Home 3,4,847.96,461.60,false
1185,2024-11-24,Online,Store 010,Central,Netherlands,Product 011,Clothing,Clothing 4,8,3303.92,1995.82,false
1186,2024-12-26,Store,Store 009,West,Italy,Product 031,Electronics,Electronics 4,7,1126.93,857.82,false
1187,2023-11-24,Store,Store 003,East,Italy,Product 089,Clothing,Clothing 2,10,3229.90,1726.70,false
1188,2025-12-27,Store,Store 018,East,Germany,Product 001,Electronics,Electronics 2,3,128.97,75.60,false
1189,2024-07-14,Online,Store 010,Central,Netherlands,Product 009,Garden,Garden 2,5,1694.95,1012.70,false
1190,2023-09-02,Online,Store 009,West,Italy,Product 063,Garden,Garden 4,1,352.99,248.30,true
1191,2025-07-25,Store,Store 040,Central,Netherlands,Product 042,Sports,Sports 3,1,71.99,49.60,false
1192,2025-02-12,Store,Store 031,North,France,Product 023,Clothing,Clothing 4,1,360.99,214.27,false
1193,2024-06-10,Online,Store 032,South,Spain,Product 023,Clothing,Clothing 4,5,1804.95,1018.22,false
1194,2025-02-07,Store,Store 033,East,Italy,Product 008,Home,Home 1,3,905.97,644.71,false
1195,2024-10-01,Store,Store 038,East,Spain,Product 094,Toys,Toys 3,6,71.94,40.43,false
1196,2025-05-23,Store,Store 026,North,Spain,Product 072,Sports,Sports 1,9,1709.91,1002.09,false
1197,2025-09-17,Store,Store 036,North,Germany,Product 095,Clothing,Clothing 4,4,195.96,156.18,false
1198,2025-03-02,Store,Store 034,West,Netherlands,Product 112,Toys,Toys 1,8,1455.92,915.59,false
1199,2023-10-13,Online,Store 019,West,France,Product 007,Electronics,Electronics 4,6,1589.94,881.37,false
1200,2023-12-27,Online,Store 010,Central,Netherlands,Product 086,Home,Home 3,8,1695.92,1210.76,false
1201,2023-01-16,Store,Store 007,South,France,Product 049,Electronics,Electronics 2,4,1323.96,1054.60,false
1202,2024-06-23,Store,Store 013,East,France,Product 101,Clothing,Clothing 2,2,541.98,274.59,false
1203,2023-03-10,Online,Store 024,West,Germany,Product 077,Clothing,Clothing 2,8,2999.92,2198.01,false
1204,2023-04-23,Store,Store 031,North,France,Product 034,Toys,Toys 3,6,1631.94,1178.40,false
1205,2024-09-30,Online,Store 007,South,France,Product 107,Clothing,Clothing 4,10,4929.90,2526.80,false
1206,2023-08-03,Store,Store 010,Central,Netherlands,Product 043,Electronics,Electronics 4,1,108.99,64.34,false
1207,2024-11-28,Store,Store 002,South,Spain,Product 007,Electronics,Electronics 4,10,2649.90,1823.58,false
1208,2024-04-08,Store,Store 025,Central,France,Product 109,Electronics,Electronics 2,2,141.98,95.71,false
1209,2023-09-06,Store,Store 016,North,Netherlands,Product 074,Home,Home 3,6,1583.94,1015.83,false
1210,2024-06-19,Store,Store 025,Central,France,Product 020,Home,Home 1,5,1249.95,729.11,false
1211,2025-06-15,Store,Store 006,North,Germany,Product 077,Clothing,Clothing 2,6,2249.94,1557.99,false
1212,2024-06-18,Store,Store 029,West,United Kingdom,Product 071,Clothing,Clothing 4,3,458.97,324.24,false
1213,2023-08-08,Online,Store 001,North,France,Product 092,Home,Home 1,10,4339.90,2359.43,false
1214,2024-06-06,Store,Store 019,West,France,Product 035,Clothing,Clothing 4,2,617.98,427.26,false
1215,2024-03-14,Online,Store 037,South,France,Product 062,Home,Home 3,9,2843.91,1623.88,false
1216,2024-09-01,Online,Store 008,East,Spain,Product 013,Electronics,Electronics 2,8,3895.92,2553.83,true
1217,2024-03-24,Store,Store 006,North,Germany,Product 001,Electronics,Electronics 2,7,300.93,218.18,false
1218,2025-10-06,Online,Store 039,West,Italy,Product 032,Home,Home 1,4,791.96,586.30,false
1219,2025-09-02,Store,Store 015,Central,Italy,Product 112,Toys,Toys 1,2,363.98,283.68,false
1220,2024-12-30,Online,Store 021,North,Italy,Product 013,Electronics,Electronics 2,9,4382.91,2464.24,false
1221,2023-06-17,Online,Store 006,North,Germany,Product 096,Sports,Sports 1,5,429.95,301.03,false
1222,2024-10-01,Store,Store 023,East,United Kingdom,Product 012,Sports,Sports 1,10,4499.90,3138.01,false
1223,2024-07-05,Store,Store 038,East,Spain,Product 117,Garden,Garden 2,4,1467.96,1034.12,false
1224,2023-10-07,Store,Store 037,South,France,Product 056,Home,Home 1,5,469.95,293.49,false
1225,2025-06-27,Store,Store 038,East,Spain,Product 050,Home,Home 3,5,1839.95,965.13,false
1226,2023-03-20,Store,Store 016,North,Netherlands,Product 044,Home,Home 1,4,583.96,348.13,false
1227,2024-01-13,Online,Store 001,North,France,Product 041,Clothing,Clothing 2,10,349.90,267.56,false
1228,2024-11-19,Store,Store 002,South,Spain,Product 050,Home,Home 3,7,2575.93,1822.95,false
1229,2024-01-14,Store,Store 028,East,Netherlands,Product 022,Toys,Toys 3,6,1943.94,1445.18,false
1230,2023-05-29,Online,Store 014,West,Spain,Product 036,Sports,Sports 1,2,691.98,424.71,false
1231,2024-01-07,Store,Store 005,Central,United Kingdom,Product 027,Garden,Garden 4,10,129.90,68.62,false
1232,2023-02-08,Online,Store 021,North,Italy,Product 059,Clothing,Clothing 4,6,1229.94,862.72,false
1233,2025-06-02,Store,Store 021,North,Italy,Product 051,Garden,Garden 4,6,2429.94,1354.72,false
1234,2025-11-21,Store,Store 020,Central,Spain,Product 100,Toys,Toys 1,8,1871.92,1497.05,false
1235,2024-06-28,Online,Store 002,South,Spain,Product 021,Garden,Garden 2,7,2008.93,1249.76,false
1236,2024-01-19,Online,Store 010,Central,Netherlands,Product 061,Electronics,Electronics 2,5,1394.95,844.74,false
1237,2023-04-03,Store,Store 040,Central,Netherlands,Product 097,Electronics,Electronics 2,3,368.97,260.12,false
1238,2025-06-25,Online,Store 002,South,Spain,Product 111,Garden,Garden 4,5,724.95,521.78,false
1239,2024-09-18,Store,Store 015,Central,Italy,Product 017,Clothing,Clothing 2,4,555.96,362.14,false
1240,2024-03-04,Online,Store 038,East,Spain,Product 005,Clothing,Clothing 2,9,1718.91,1339.68,false
1241,2024-08-30,Store,Store 008,East,Spain,Product 056,Home,Home 1,9,845.91,474.68,false
1242,2023-07-25,Store,Store 035,Central,United Kingdom,Product 106,Toys,Toys 3,10,4559.90,2698.36,false
1243,2024-02-05,Store,Store 017,South,United Kingdom,Product 092,Home,Home 1,5,2169.95,1472.83,false
1244,2023-07-18,Online,Store 030,Central,Germany,Product 061,Electronics,Electronics 2,10,2789.90,1904.79,false
1245,2025-12-21,Store,Store 010,Central,Netherlands,Product 057,Garden,Garden 2,5,654.95,378.99,false
1246,2024-01-08,Online,Store 023,East,United Kingdom,Product 042,Sports,Sports 3,7,503.93,303.05,false
1247,2024-12-14,Store,Store 019,West,France,Product 102,Sports,Sports 3,1,307.99,178.59,false
1248,2025-07-28,Store,Store 030,Central,Germany,Product 072,Sports,Sports 1,4,759.96,495.53,false
1249,2024-09-01,Store,Store 015,Central,Italy,Product 101,Clothing,Clothing 2,9,2438.91,1840.34,false
1250,2024-12-15,Store,Store 015,Central,Italy,Product 020,Home,Home 1,4,999.96,754.33,false
1251,2024-07-03,Store,Store 009,West,Italy,Product 052,Toys,Toys 1,10,4419.90,2784.31,true
1252,2025-10-23,Store,Store 030,Central,Germany,Product 019,Electronics,Electronics 4,3,638.97,341.63,false
1253,2025-06-21,Store,Store 007,South,France,Product 083,Clothing,Clothing 4,8,807.92,504.74,false
1254,2024-06-17,Store,Store 016,North,Netherlands,Product 069,Garden,Garden 2,3,236.97,186.80,false
1255,2024-08-01,Store,Store 022,South,Netherlands,Product 103,Electronics,Electronics 4,5,1724.95,1287.46,false
1256,2025-11-21,Store,Store 030,Central,Germany,Product 005,Clothing,Clothing 2,3,572.97,316.50,false
1257,2025-09-19,Store,Store 021,North,Italy,Product 007,Electronics,Electronics 4,5,1324.95,738.19,false
1258,2024-02-03,Online,Store 022,South,Netherlands,Product 119,Clothing,Clothing 4,2,881.98,563.66,false
1259,2024-02-20,Store,Store 023,East,United Kingdom,Product 016,Toys,Toys 1,4,407.96,235.33,false
1260,2023-03-01,Store,Store 014,West,Spain,Product 120,Sports,Sports 1,3,1433.97,831.11,false
1261,2024-05-02,Store,Store 016,North,Netherlands,Product 061,Electronics,Electronics 2,10,2789.90,1696.11,false
1262,2024-05-03,Store,Store 013,East,France,Product 039,Garden,Garden 4,2,913.98,543.37,false
1263,2023-12-16,Online,Store 018,East,Germany,Product 010,Toys,Toys 3,2,751.98,404.29,false
1264,2025-12-22,Online,Store 024,West,Germany,Product 087,Garden,Garden 4,6,1493.94,1105.86,false
1265,2024-07-01,Online,Store 017,South,United Kingdom,Product 108,Sports,Sports 1,3,101.97,56.78,false
1266,2023-01-02,Store,Store 011,North,United Kingdom,Product 085,Electronics,Electronics 2,3,524.97,279.55,false
1267,2024-01-12,Store,Store 018,East,Germany,Product 055,Electronics,Electronics 4,2,113.98,62.24,false
1268,2024-05-30,Store,Store 034,West,Netherlands,Product 088,Toys,Toys 1,4,1143.96,828.52,false
1269,2023-01-18,Store,Store 008,East,Spain,Product 027,Garden,Garden 4,1,12.99,9.00,false
1270,2024-03-29,Online,Store 016,North,Netherlands,Product 025,Electronics,Electronics 2,3,1304.97,986.09,false
1271,2024-11-03,Online,Store 010,Central,Netherlands,Product 088,Toys,Toys 1,10,2859.90,1955.48,false
1272,2023-11-09,Online,Store 013,East,France,Product 027,Garden,Garden 4,4,51.96,41.09,false
1273,2025-04-21,Store,Store 026,North,Spain,Product 015,Garden,Garden 4,2,129.98,74.10,false
1274,2023-01-26,Store,Store 017,South,United Kingdom,Product 010,Toys,Toys 3,6,2255.94,1266.16,false
1275,2024-07-06,Online,Store 011,North,United Kingdom,Product 095,Clothing,Clothing 4,10,489.90,310.72,false
1276,2024-05-10,Store,Store 032,South,Spain,Product 054,Sports,Sports 3,10,199.90,139.45,false
1277,2025-04-22,Online,Store 015,Central,Italy,Product 072,Sports,Sports 1,1,189.99,114.47,false
1278,2024-09-18,Store,Store 021,North,Italy,Product 026,Home,Home 3,3,1415.97,829.40,false
1279,2023-06-21,Store,Store 025,Central,France,Product 084,Sports,Sports 1,2,275.98,157.94,false
1280,2025-09-08,Store,Store 023,East,United Kingdom,Product 034,Toys,Toys 3,7,1903.93,1068.17,false
1281,2023-08-07,Online,Store 016,North,Netherlands,Product 025,Electronics,Electronics 2,9,3914.91,2368.63,false
1282,2025-12-21,Store,Store 006,North,Germany,Product 094,Toys,Toys 3,9,107.91,66.86,false
1283,2023-07-12,Online,Store 039,West,Italy,Product 114,Sports,Sports 3,4,1023.96,718.62,false
1284,2024-07-15,Store,Store 039,West,Italy,Product 034,Toys,Toys 3,9,2447.91,1912.81,false
1285,2024-05-19,Online,Store 020,Central,Spain,Product 032,Home,Home 1,7,1385.93,826.53,false
1286,2023-08-27,Store,Store 025,Central,France,Product 115,Electronics,Electronics 4,5,1464.95,805.39,false
1287,2024-12-18,Store,Store 019,West,France,Product 051,Garden,Garden 4,3,1214.97,621.78,false
1288,2024-03-10,Online,Store 034,West,Netherlands,Product 056,Home,Home 1,7,657.93,353.50,false
1289,2025-08-26,Store,Store 002,South,Spain,Product 064,Toys,Toys 1,6,2339.94,1613.46,false
1290,2025-06-05,Store,Store 020,Central,Spain,Product 116,Home,Home 1,9,2969.91,2017.50,false
1291,2025-07-02,Store,Store 028,East,Netherlands,Product 030,Sports,Sports 3,9,1115.91,761.33,false
1292,2024-04-15,Online,Store 015,Central,Italy,Product 071,Clothing,Clothing 4,9,1376.91,893.41,false
1293,2024-04-01,Online,Store 032,South,Spain,Product 055,Electronics,Electronics 4,1,56.99,41.08,false
1294,2024-12-23,Store,Store 032,South,Spain,Product 005,Clothing,Clothing 2,8,1527.92,1212.86,false
1295,2024-06-30,Online,Store 004,West,Netherlands,Product 082,Toys,Toys 3,2,127.98,95.31,false
1296,2025-06-11,Online,Store 008,East,Spain,Product 115,Electronics,Electronics 4,10,2929.90,1886.12,false
1297,2024-04-26,Store,Store 012,South,Germany,Product 089,Clothing,Clothing 2,6,1937.94,1160.77,false
1298,2024-12-19,Store,Store 003,East,Italy,Product 079,Electronics,Electronics 4,2,897.98,622.68,false
1299,2024-01-11,Store,Store 031,North,France,Product 110,Home,Home 3,9,971.91,602.44,false
1300,2025-07-03,Store,Store 004,West,Netherlands,Product 117,Garden,Garden 2,4,1467.96,743.31,false
1301,2023-11-13,Store,Store 036,North,Germany,Product 030,Sports,Sports 3,3,371.97,296.69,true
1302,2024-06-25,Store,Store 021,North,Italy,Product 030,Sports,Sports 3,4,495.96,302.15,false
1303,2025-10-29,Online,Store 038,East,Spain,Product 105,Garden,Garden 2,7,2932.93,1930.75,false
1304,2025-03-16,Online,Store 004,West,Netherlands,Product 090,Sports,Sports 3,5,1799.95,1140.68,false
1305,2025-11-16,Store,Store 024,West,Germany,Product 023,Clothing,Clothing 4,9,3248.91,2033.37,false
1306,2023-05-12,Store,Store 004,West,Netherlands,Product 068,Home,Home 1,6,251.94,131.51,false
1307,2023-12-06,Store,Store 002,South,Spain,Product 048,Sports,Sports 1,2,587.98,335.33,false
1308,2024-08-03,Store,Store 038,East,Spain,Product 021,Garden,Garden 2,8,2295.92,1637.69,false
1309,2023-04-27,Store,Store 008,East,Spain,Product 037,Electronics,Electronics 2,3,1148.97,755.20,false
1310,2025-05-16,Online,Store 017,South,United Kingdom,Product 029,Clothing,Clothing 2,2,173.98,119.90,false
1311,2025-04-07,Store,Store 017,South,United Kingdom,Product 001,Electronics,Electronics 2,8,343.92,261.45,false
1312,2025-03-22,Store,Store 020,Central,Spain,Product 043,Electronics,Electronics 4,7,762.93,479.78,false
1313,2024-02-29,Store,Store 008,East,Spain,Product 098,Home,Home 3,8,1279.92,808.65,false
1314,2024-03-05,Store,Store 023,East,United Kingdom,Product 041,Clothing,Clothing 2,5,174.95,100.12,false
1315,2024-01-17,Online,Store 003,East,Italy,Product 047,Clothing,Clothing 4,8,2055.92,1428.02,false
1316,2025-09-29,Store,Store 036,North,Germany,Product 013,Electronics,Electronics 2,9,4382.91,3279.19,false
1317,2025-12-23,Online,Store 034,West,Netherlands,Product 013,Electronics,Electronics 2,8,3895.92,2966.69,false
1318,2025-07-14,Store,Store 006,North,Germany,Product 033,Garden,Garden 2,3,704.97,389.07,false
1319,2023-11-22,Online,Store 001,North,France,Product 119,Clothing,Clothing 4,3,1322.97,787.57,false
1320,2024-05-24,Store,Store 015,Central,Italy,Product 068,Home,Home 1,9,377.91,220.43,true
1321,2025-04-13,Store,Store 029,West,United Kingdom,Product 024,Sports,Sports 1,2,795.98,430.03,false
1322,2025-07-30,Online,Store 005,Central,United Kingdom,Product 038,Home,Home 3,6,2519.94,1283.14,false
1323,2024-05-23,Store,Store 008,East,Spain,Product 101,Clothing,Clothing 2,5,1354.95,881.54,false
1324,2023-09-18,Store,Store 025,Central,France,Product 088,Toys,Toys 1,5,1429.95,1036.28,false
1325,2025-02-22,Online,Store 014,West,Spain,Product 048,Sports,Sports 1,3,881.97,653.85,false
1326,2025-04-01,Online,Store 024,West,Germany,Product 055,Electronics,Electronics 4,8,455.92,324.20,false
1327,2025-08-22,Store,Store 037,South,France,Product 115,Electronics,Electronics 4,9,2636.91,1427.56,false
1328,2024-12-30,Store,Store 040,Central,Netherlands,Product 101,Clothing,Clothing 2,8,2167.92,1289.28,false
1329,2024-02-20,Online,Store 029,West,United Kingdom,Product 006,Sports,Sports 3,3,683.97,457.95,false
1330,2025-12-18,Online,Store 023,East,United Kingdom,Product 105,Garden,Garden 2,2,837.98,482.05,false
1331,2024-05-29,Store,Store 035,Central,United Kingdom,Product 005,Clothing,Clothing 2,2,381.98,263.04,false
1332,2023-07-30,Online,Store 021,North,Italy,Product 051,Garden,Garden 4,7,2834.93,1684.35,false
1333,2024-12-11,Store,Store 033,East,Italy,Product 099,Garden,Garden 4,2,393.98,224.60,false
1334,2023-06-04,Store,Store 020,Central,Spain,Product 013,Electronics,Electronics 2,1,486.99,358.41,false
1335,2024-06-26,Store,Store 020,Central,Spain,Product 083,Clothing,Clothing 4,4,403.96,237.61,false
1336,2025-09-09,Online,Store 034,West,Netherlands,Product 069,Garden,Garden 2,5,394.95,209.45,false
1337,2024-11-17,Online,Store 022,South,Netherlands,Product 103,Electronics,Electronics 4,2,689.98,367.31,false
1338,2023-11-27,Store,Store 004,West,Netherlands,Product 094,Toys,Toys 3,4,47.96,32.66,false
1339,2025-05-20,Store,Store 029,West,United Kingdom,Product 111,Garden,Garden 4,10,1449.90,791.77,false
1340,2025-11-09,Store,Store 021,North,Italy,Product 063,Garden,Garden 4,9,3176.91,1772.46,false
1341,2024-03-23,Store,Store 002,South,Spain,Product 108,Sports,Sports 1,6,203.94,156.65,false
1342,2024-06-07,Store,Store 025,Central,France,Product 031,Electronics,Electronics 4,3,482.97,254.00,false
1343,2024-12-10,Online,Store 023,East,United Kingdom,Product 086,Home,Home 3,2,423.98,310.20,false
1344,2024-08-04,Store,Store 038,East,Spain,Product 099,Garden,Garden 4,4,787.96,477.06,false
1345,2023-10-19,Store,Store 020,Central,Spain,Product 114,Sports,Sports 3,1,255.99,128.42,false
1346,2024-11-15,Online,Store 010,Central,Netherlands,Product 104,Home,Home 1,8,3055.92,2044.50,false
1347,2024-06-18,Store,Store 021,North,Italy,Product 062,Home,Home 3,1,315.99,165.76,false
1348,2025-04-20,Online,Store 011,North,United Kingdom,Product 110,Home,Home 3,9,971.91,666.89,false
1349,2023-08-12,Store,Store 034,West,Netherlands,Product 036,Sports,Sports 1,7,2421.93,1379.47,false
1350,2023-05-21,Store,Store 002,South,Spain,Product 109,Electronics,Electronics 2,3,212.97,117.95,false
1351,2024-04-22,Online,Store 033,East,Italy,Product 011,Clothing,Clothing 4,3,1238.97,783.39,false
1352,2023-02-15,Store,Store 020,Central,Spain,Product 020,Home,Home 1,5,1249.95,930.91,false
1353,2023-09-27,Store,Store 031,North,France,Product 018,Sports,Sports 3,6,1055.94,692.18,false
1354,2024-02-25,Online,Store 001,North,France,Product 077,Clothing,Clothing 2,10,3749.90,2757.37,false
1355,2025-04-14,Online,Store 032,South,Spain,Product 065,Clothing,Clothing 2,1,426.99,320.52,false
1356,2024-12-05,Store,Store 018,East,Germany,Product 080,Home,Home 1,5,2429.95,1349.39,false
1357,2023-06-04,Online,Store 040,Central,Netherlands,Product 069,Garden,Garden 2,1,78.99,48.49,false
1358,2025-09-22,Online,Store 034,West,Netherlands,Product 041,Clothing,Clothing 2,2,69.98,37.49,false
1359,2023-09-19,Online,Store 015,Central,Italy,Product 004,Toys,Toys 1,7,1077.93,656.05,false
1360,2023-10-12,Store,Store 010,Central,Netherlands,Product 035,Clothing,Clothing 4,3,926.97,616.32,false
1361,2025-12-11,Online,Store 029,West,United Kingdom,Product 113,Clothing,Clothing 2,8,1751.92,1235.81,false
1362,2023-01-23,Store,Store 023,East,United Kingdom,Product 025,Electronics,Electronics 2,8,3479.92,2649.67,false
1363,2023-04-14,Online,Store 008,East,Spain,Product 058,Toys,Toys 3,7,1175.93,728.29,false
1364,2023-03-30,Store,Store 013,East,France,Product 018,Sports,Sports 3,2,351.98,250.25,false
1365,2024-08-04,Online,Store 028,East,Netherlands,Product 029,Clothing,Clothing 2,4,347.96,264.69,false
1366,2025-06-30,Store,Store 015,Central,Italy,Product 023,Clothing,Clothing 4,10,3609.90,2252.05,false
1367,2025-08-31,Store,Store 018,East,Germany,Product 030,Sports,Sports 3,4,495.96,316.56,false
1368,2024-04-20,Store,Store 014,West,Spain,Product 063,Garden,Garden 4,3,1058.97,589.97,false
1369,2023-12-31,Store,Store 014,West,Spain,Product 102,Sports,Sports 3,4,1231.96,633.68,false
1370,2024-12-02,Store,Store 023,East,United Kingdom,Product 060,Sports,Sports 1,3,725.97,575.82,false
1371,2023-06-19,Store,Store 027,South,Italy,Product 075,Garden,Garden 4,3,902.97,715.30,false
1372,2023-02-08,Online,Store 023,East,United Kingdom,Product 009,Garden,Garden 2,5,1694.95,988.81,false
1373,2023-12-11,Store,Store 022,South,Netherlands,Product 058,Toys,Toys 3,8,1343.92,1051.59,false
1374,2023-04-14,Store,Store 029,West,United Kingdom,Product 048,Sports,Sports 1,10,2939.90,1856.12,false
1375,2025-01-03,Online,Store 014,West,Spain,Product 079,Electronics,Electronics 4,3,1346.97,676.61,false
1376,2024-11-07,Store,Store 003,East,Italy,Product 038,Home,Home 3,7,2939.93,1477.61,false
1377,2024-01-12,Store,Store 018,East,Germany,Product 118,Toys,Toys 3,3,1211.97,684.85,false
1378,2023-06-26,Online,Store 021,North,Italy,Product 106,Toys,Toys 3,10,4559.90,2435.20,false
1379,2023-05-16,Online,Store 002,South,Spain,Product 038,Home,Home 3,1,419.99,252.76,false
1380,2025-04-26,Store,Store 019,West,France,Product 090,Sports,Sports 3,5,1799.95,1262.29,false
1381,2023-07-19,Store,Store 014,West,Spain,Product 094,Toys,Toys 3,9,107.91,84.87,false
1382,2023-07-27,Online,Store 001,North,France,Product 055,Electronics,Electronics 4,1,56.99,41.96,false
1383,2025-05-29,Store,Store 020,Central,Spain,Product 024,Sports,Sports 1,1,397.99,259.51,false
1384,2023-08-17,Store,Store 037,South,France,Product 012,Sports,Sports 1,3,1349.97,966.23,false
1385,2025-01-10,Online,Store 033,East,Italy,Product 033,Garden,Garden 2,7,1644.93,974.66,false
1386,2023-09-25,Online,Store 012,South,Germany,Product 028,Toys,Toys 1,5,249.95,160.65,false
1387,2023-03-17,Store,Store 019,West,France,Product 098,Home,Home 3,1,159.99,92.46,false
1388,2024-04-07,Store,Store 040,Central,Netherlands,Product 085,Electronics,Electronics 2,4,699.96,503.41,false
1389,2024-07-03,Store,Store 021,North,Italy,Product 017,Clothing,Clothing 2,7,972.93,702.27,false
1390,2025-10-10,Store,Store 016,North,Netherlands,Product 034,Toys,Toys 3,3,815.97,495.86,false
1391,2023-06-26,Store,Store 023,East,United Kingdom,Product 104,Home,Home 1,1,381.99,246.40,false
1392,2024-04-15,Store,Store 016,North,Netherlands,Product 102,Sports,Sports 3,9,2771.91,1734.02,false
1393,2024-07-10,Store,Store 033,East,Italy,Product 106,Toys,Toys 3,3,1367.97,815.23,false
1394,2024-03-14,Store,Store 026,North,Spain,Product 084,Sports,Sports 1,10,1379.90,710.53,false
1395,2025-08-24,Online,Store 027,South,Italy,Product 075,Garden,Garden 4,7,2106.93,1183.63,false
1396,2023-10-24,Online,Store 031,North,France,Product 033,Garden,Garden 2,3,704.97,486.48,false
1397,2025-04-21,Online,Store 033,East,Italy,Product 013,Electronics,Electronics 2,2,973.98,522.30,false
1398,2025-11-12,Online,Store 027,South,Italy,Product 064,Toys,Toys 1,2,779.98,433.77,false
1399,2025-04-15,Online,Store 002,South,Spain,Product 098,Home,Home 3,6,959.94,559.03,false
1400,2024-01-19,Store,Store 031,North,France,Product 103,Electronics,Electronics 4,7,2414.93,1369.29,false
1401,2023-10-06,Store,Store 013,East,France,Product 010,Toys,Toys 3,1,375.99,239.24,false
1402,2024-12-10,Store,Store 025,Central,France,Product 026,Home,Home 3,8,3775.92,2047.67,false
1403,2024-03-24,Online,Store 033,East,Italy,Product 014,Home,Home 3,9,251.91,131.71,false
1404,2024-06-01,Online,Store 039,West,Italy,Product 109,Electronics,Electronics 2,8,567.92,376.81,false
1405,2025-05-04,Online,Store 008,East,Spain,Product 013,Electronics,Electronics 2,1,486.99,386.04,false
1406,2025-12-02,Store,Store 015,Central,Italy,Product 019,Electronics,Electronics 4,5,1064.95,631.03,false
1407,2024-02-09,Online,Store 014,West,Spain,Product 028,Toys,Toys 1,9,449.91,237.83,false
1408,2024-05-15,Store,Store 039,West,Italy,Product 007,Electronics,Electronics 4,8,2119.92,1241.44,false
1409,2024-10-21,Store,Store 008,East,Spain,Product 011,Clothing,Clothing 4,2,825.98,658.50,false
1410,2023-07-18,Online,Store 020,Central,Spain,Product 035,Clothing,Clothing 4,5,1544.95,951.03,false
1411,2024-01-09,Online,Store 035,Central,United Kingdom,Product 053,Clothing,Clothing 2,2,957.98,508.50,false
1412,2023-08-21,Online,Store 008,East,Spain,Product 023,Clothing,Clothing 4,4,1443.96,1077.04,false
1413,2024-01-24,Store,Store 037,South,France,Product 021,Garden,Garden 2,10,2869.90,2220.40,false
1414,2023-08-10,Store,Store 005,Central,United Kingdom,Product 050,Home,Home 3,7,2575.93,1504.43,false
1415,2024-05-20,Online,Store 038,East,Spain,Product 086,Home,Home 3,3,635.97,378.09,false
1416,2024-02-28,Store,Store 038,East,Spain,Product 029,Clothing,Clothing 2,8,695.92,553.45,false
1417,2025-04-13,Store,Store 003,East,Italy,Product 022,Toys,Toys 3,4,1295.96,817.47,false
1418,2023-03-04,Store,Store 035,Central,United Kingdom,Product 008,Home,Home 1,9,2717.91,1940.77,false
1419,2025-02-16,Store,Store 003,East,Italy,Product 120,Sports,Sports 1,5,2389.95,1481.33,false
1420,2023-04-27,Online,Store 008,East,Spain,Product 026,Home,Home 3,8,3775.92,2909.39,false
1421,2025-06-14,Store,Store 006,North,Germany,Product 102,Sports,Sports 3,2,615.98,409.78,false
1422,2024-01-29,Online,Store 005,Central,United Kingdom,Product 110,Home,Home 3,5,539.95,397.99,false
1423,2025-09-10,Online,Store 036,North,Germany,Product 067,Electronics,Electronics 4,9,4508.91,2656.58,false
1424,2025-12-28,Store,Store 032,South,Spain,Product 094,Toys,Toys 3,1,11.99,7.65,false
1425,2023-12-22,Store,Store 004,West,Netherlands,Product 108,Sports,Sports 1,6,203.94,111.11,false
1426,2024-01-19,Store,Store 014,West,Spain,Product 011,Clothing,Clothing 4,10,4129.90,3274.25,false
1427,2024-05-26,Online,Store 040,Central,Netherlands,Product 001,Electronics,Electronics 2,3,128.97,85.93,false
1428,2024-05-26,Online,Store 033,East,Italy,Product 064,Toys,Toys 1,4,1559.96,1130.51,false
1429,2024-12-11,Online,Store 028,East,Netherlands,Product 076,Toys,Toys 1,8,2703.92,1663.17,false
1430,2023-06-23,Online,Store 032,South,Spain,Product 073,Electronics,Electronics 2,4,907.96,581.34,false
1431,2023-07-13,Store,Store 034,West,Netherlands,Product 113,Clothing,Clothing 2,7,1532.93,1101.66,false
1432,2023-09-09,Store,Store 005,Central,United Kingdom,Product 035,Clothing,Clothing 4,1,308.99,223.76,false
1433,2023-02-07,Online,Store 020,Central,Spain,Product 093,Garden,Garden 2,10,4709.90,2443.55,false
1434,2023-11-22,Store,Store 007,South,France,Product 109,Electronics,Electronics 2,10,709.90,527.41,false
1435,2023-06-23,Store,Store 036,North,Germany,Product 049,Electronics,Electronics 2,1,330.99,206.20,false
1436,2023-12-11,Store,Store 032,South,Spain,Product 001,Electronics,Electronics 2,4,171.96,103.44,false
1437,2025-04-15,Store,Store 017,South,United Kingdom,Product 096,Sports,Sports 1,3,257.97,171.39,false
1438,2024-11-17,Store,Store 033,East,Italy,Product 010,Toys,Toys 3,9,3383.91,2344.91,false
1439,2023-08-05,Online,Store 002,South,Spain,Product 015,Garden,Garden 4,2,129.98,84.71,false
1440,2023-12-31,Online,Store 013,East,France,Product 117,Garden,Garden 2,10,3669.90,2054.88,false
1441,2025-09-06,Store,Store 012,South,Germany,Product 023,Clothing,Clothing 4,1,360.99,193.31,false
1442,2025-06-27,Store,Store 006,North,Germany,Product 101,Clothing,Clothing 2,5,1354.95,966.95,false
1443,2023-05-11,Store,Store 017,South,United Kingdom,Product 004,Toys,Toys 1,1,153.99,89.98,false
1444,2023-01-28,Store,Store 038,East,Spain,Product 041,Clothing,Clothing 2,6,209.94,157.97,false
1445,2024-10-29,Online,Store 025,Central,France,Product 070,Toys,Toys 3,7,811.93,621.79,false
1446,2023-09-07,Store,Store 015,Central,Italy,Product 008,Home,Home 1,3,905.97,520.78,false
1447,2025-02-14,Store,Store 015,Central,Italy,Product 061,Electronics,Electronics 2,3,836.97,629.85,false
1448,2024-07-14,Store,Store 004,West,Netherlands,Product 108,Sports,Sports 1,8,271.92,142.03,false
1449,2023-04-03,Store,Store 032,South,Spain,Product 094,Toys,Toys 3,1,11.99,8.14,false
1450,2025-04-12,Online,Store 023,East,United Kingdom,Product 022,Toys,Toys 3,10,3239.90,1710.28,false
1451,2023-05-02,Store,Store 008,East,Spain,Product 029,Clothing,Clothing 2,9,782.91,561.00,false
1452,2023-05-06,Online,Store 009,West,Italy,Product 078,Sports,Sports 3,6,2471.94,1625.97,false
1453,2025-07-24,Store,Store 036,North,Germany,Product 056,Home,Home 1,10,939.90,602.23,false
1454,2025-10-27,Online,Store 027,South,Italy,Product 105,Garden,Garden 2,2,837.98,455.03,false
1455,2025-09-21,Store,Store 010,Central,Netherlands,Product 002,Home,Home 3,1,79.99,54.65,false
1456,2024-04-20,Store,Store 029,West,United Kingdom,Product 116,Home,Home 1,2,659.98,492.64,false
1457,2024-03-14,Store,Store 003,East,Italy,Product 037,Electronics,Electronics 2,8,3063.92,2440.81,false
1458,2024-12-07,Store,Store 021,North,Italy,Product 079,Electronics,Electronics 4,2,897.98,644.97,false
1459,2025-09-20,Store,Store 022,South,Netherlands,Product 087,Garden,Garden 4,2,497.98,382.58,false
1460,2024-12-30,Store,Store 035,Central,United Kingdom,Product 106,Toys,Toys 3,8,3647.92,2721.21,false
1461,2023-01-20,Online,Store 027,South,Italy,Product 116,Home,Home 1,9,2969.91,1956.58,false
1462,2025-07-29,Store,Store 022,South,Netherlands,Product 118,Toys,Toys 3,9,3635.91,2905.46,false
1463,2024-07-27,Store,Store 040,Central,Netherlands,Product 109,Electronics,Electronics 2,7,496.93,309.07,false
1464,2025-11-13,Store,Store 018,East,Germany,Product 007,Electronics,Electronics 4,8,2119.92,1158.68,false
1465,2024-12-06,Online,Store 024,West,Germany,Product 096,Sports,Sports 1,6,515.94,263.79,false
1466,2023-10-25,Store,Store 013,East,France,Product 076,Toys,Toys 1,8,2703.92,1991.94,false
1467,2025-04-07,Store,Store 038,East,Spain,Product 019,Electronics,Electronics 4,5,1064.95,588.35,false
1468,2025-08-08,Store,Store 028,East,Netherlands,Product 011,Clothing,Clothing 4,3,1238.97,919.81,false
1469,2025-10-29,Online,Store 025,Central,France,Product 037,Electronics,Electronics 2,3,1148.97,648.90,false
1470,2023-07-13,Store,Store 012,South,Germany,Product 032,Home,Home 1,1,197.99,143.26,false
1471,2025-10-27,Online,Store 007,South,France,Product 098,Home,Home 3,10,1599.90,926.99,false
1472,2023-10-10,Store,Store 027,South,Italy,Product 074,Home,Home 3,6,1583.94,994.41,false
1473,2025-02-23,Store,Store 024,West,Germany,Product 090,Sports,Sports 3,9,3239.91,1817.14,false
1474,2023-12-26,Store,Store 022,South,Netherlands,Product 080,Home,Home 1,7,3401.93,2503.17,false
1475,2024-06-12,Online,Store 026,North,Spain,Product 001,Electronics,Electronics 2,1,42.99,22.42,false
1476,2023-04-13,Online,Store 006,North,Germany,Product 016,Toys,Toys 1,5,509.95,390.50,false
1477,2024-05-22,Store,Store 035,Central,United Kingdom,Product 048,Sports,Sports 1,5,1469.95,800.86,false
1478,2024-05-03,Store,Store 023,East,United Kingdom,Product 105,Garden,Garden 2,4,1675.96,1278.11,false
1479,2025-02-09,Store,Store 021,North,Italy,Product 110,Home,Home 3,6,647.94,414.86,false
1480,2023-03-26,Store,Store 029,West,United Kingdom,Product 116,Home,Home 1,8,2639.92,1641.07,false
1481,2024-12-22,Store,Store 014,West,Spain,Product 010,Toys,Toys 3,6,2255.94,1326.81,false
1482,2025-02-13,Store,Store 016,North,Netherlands,Product 042,Sports,Sports 3,1,71.99,50.06,false
1483,2025-06-13,Online,Store 034,West,Netherlands,Product 024,Sports,Sports 1,9,3581.91,2767.40,false
1484,2024-09-20,Online,Store 013,East,France,Product 042,Sports,Sports 3,10,719.90,561.22,false
1485,2024-01-17,Online,Store 006,North,Germany,Product 039,Garden,Garden 4,10,4569.90,2471.26,false
1486,2023-06-14,Store,Store 038,East,Spain,Product 118,Toys,Toys 3,8,3231.92,2176.34,false
1487,2024-03-25,Store,Store 036,North,Germany,Product 105,Garden,Garden 2,10,4189.90,2260.15,false
1488,2023-07-26,Store,Store 002,South,Spain,Product 044,Home,Home 1,3,437.97,295.18,false
1489,2024-10-10,Store,Store 035,Central,United Kingdom,Product 059,Clothing,Clothing 4,1,204.99,160.17,false
1490,2023-09-20,Online,Store 012,South,Germany,Product 045,Garden,Garden 2,7,1280.93,955.01,false
1491,2023-12-09,Store,Store 028,East,Netherlands,Product 004,Toys,Toys 1,8,1231.92,969.71,false
1492,2023-09-06,Online,Store 027,South,Italy,Product 018,Sports,Sports 3,3,527.97,396.65,false
1493,2024-12-19,Store,Store 021,North,Italy,Product 027,Garden,Garden 4,1,12.99,6.87,false
1494,2023-10-23,Online,Store 032,South,Spain,Product 086,Home,Home 3,5,1059.95,833.07,false
1495,2023-01-14,Online,Store 018,East,Germany,Product 044,Home,Home 1,7,1021.93,639.31,false
1496,2024-02-09,Store,Store 034,West,Netherlands,Product 016,Toys,Toys 1,10,1019.90,753.07,false
1497,2025-02-24,Online,Store 005,Central,United Kingdom,Product 045,Garden,Garden 2,5,914.95,706.73,false
1498,2025-11-01,Store,Store 030,Central,Germany,Product 005,Clothing,Clothing 2,4,763.96,581.11,false
1499,2024-03-17,Online,Store 030,Central,Germany,Product 020,Home,Home 1,1,249.99,190.49,false
1500,2024-04-03,Store,Store 003,East,Italy,Product 022,Toys,Toys 3,6,1943.94,1208.48,false
1501,2023-02-03,Store,Store 004,West,Netherlands,Product 113,Clothing,Clothing 2,3,656.97,421.62,false
1502,2023-04-19,Online,Store 020,Central,Spain,Product 089,Clothing,Clothing 2,6,1937.94,1066.41,false
1503,2023-08-22,Online,Store 010,Central,Netherlands,Product 062,Home,Home 3,8,2527.92,1596.80,false
1504,2024-04-28,Store,Store 012,South,Germany,Product 027,Garden,Garden 4,6,77.94,44.92,false
1505,2025-05-15,Store,Store 040,Central,Netherlands,Product 061,Electronics,Electronics 2,1,278.99,142.52,false
1506,2025-10-25,Store,Store 025,Central,France,Product 109,Electronics,Electronics 2,3,212.97,108.45,false
1507,2025-12-10,Online,Store 013,East,France,Product 056,Home,Home 1,7,657.93,367.47,false
1508,2023-11-28,Online,Store 026,North,Spain,Product 048,Sports,Sports 1,9,2645.91,2113.83,true
1509,2024-01-08,Store,Store 032,South,Spain,Product 083,Clothing,Clothing 4,2,201.98,115.64,false
1510,2023-04-09,Store,Store 007,South,France,Product 021,Garden,Garden 2,7,2008.93,1416.32,false
1511,2024-11-30,Store,Store 017,South,United Kingdom,Product 023,Clothing,Clothing 4,8,2887.92,1703.22,false
1512,2024-12-22,Online,Store 039,West,Italy,Product 036,Sports,Sports 1,1,345.99,187.22,false
1513,2023-11-23,Online,Store 033,East,Italy,Product 033,Garden,Garden 2,9,2114.91,1214.50,false
1514,2023-07-17,Online,Store 018,East,Germany,Product 099,Garden,Garden 4,5,984.95,634.97,false
1515,2024-02-19,Store,Store 038,East,Spain,Product 096,Sports,Sports 1,5,429.95,276.06,false
1516,2025-08-16,Store,Store 035,Central,United Kingdom,Product 036,Sports,Sports 1,10,3459.90,1933.54,false
1517,2023-10-10,Store,Store 040,Central,Netherlands,Product 099,Garden,Garden 4,10,1969.90,1376.37,false
1518,2023-06-28,Online,Store 032,South,Spain,Product 069,Garden,Garden 2,9,710.91,403.54,false
1519,2025-12-29,Store,Store 023,East,United Kingdom,Product 094,Toys,Toys 3,9,107.91,54.74,false
1520,2024-10-17,Online,Store 029,West,United Kingdom,Product 110,Home,Home 3,1,107.99,65.22,false
1521,2025-01-05,Store,Store 034,West,Netherlands,Product 011,Clothing,Clothing 4,1,412.99,295.02,false
1522,2023-05-19,Online,Store 018,East,Germany,Product 120,Sports,Sports 1,2,955.98,653.83,false
1523,2023-06-20,Online,Store 040,Central,Netherlands,Product 040,Toys,Toys 1,3,1481.97,846.89,false
1524,2024-07-12,Store,Store 025,Central,France,Product 029,Clothing,Clothing 2,10,869.90,622.87,false
1525,2025-12-13,Online,Store 012,South,Germany,Product 039,Garden,Garden 4,2,913.98,658.70,false
1526,2025-12-31,Online,Store 005,Central,United Kingdom,Product 097,Electronics,Electronics 2,7,860.93,484.82,false
1527,2025-12-10,Online,Store 021,North,Italy,Product 115,Electronics,Electronics 4,1,292.99,163.32,false
1528,2023-11-01,Store,Store 020,Central,Spain,Product 076,Toys,Toys 1,3,1013.97,665.40,false
1529,2025-01-07,Online,Store 017,South,United Kingdom,Product 073,Electronics,Electronics 2,6,1361.94,801.82,false
1530,2025-12-13,Store,Store 036,North,Germany,Product 050,Home,Home 3,10,3679.90,2659.77,false
1531,2025-03-11,Store,Store 032,South,Spain,Product 008,Home,Home 1,1,301.99,212.14,false
1532,2024-11-23,Online,Store 023,East,United Kingdom,Product 110,Home,Home 3,10,1079.90,624.67,true
1533,2025-07-01,Store,Store 029,West,United Kingdom,Product 114,Sports,Sports 3,3,767.97,523.05,false
1534,2025-09-05,Store,Store 016,North,Netherlands,Product 031,Electronics,Electronics 4,2,321.98,192.11,false
1535,2025-10-07,Store,Store 023,East,United Kingdom,Product 048,Sports,Sports 1,7,2057.93,1129.64,false
1536,2025-01-29,Online,Store 026,North,Spain,Product 008,Home,Home 1,9,2717.91,1910.31,false
1537,2024-07-03,Store,Store 040,Central,Netherlands,Product 059,Clothing,Clothing 4,3,614.97,415.77,false
1538,2024-05-26,Online,Store 038,East,Spain,Product 020,Home,Home 1,9,2249.91,1188.90,false
1539,2023-10-04,Online,Store 036,North,Germany,Product 025,Electronics,Electronics 2,10,4349.90,2550.74,false
1540,2025-12-11,Store,Store 026,North,Spain,Product 105,Garden,Garden 2,1,418.99,235.62,false
1541,2024-09-28,Online,Store 003,East,Italy,Product 045,Garden,Garden 2,7,1280.93,757.41,false
1542,2023-11-24,Store,Store 014,West,Spain,Product 062,Home,Home 3,8,2527.92,1623.32,false
1543,2024-06-11,Store,Store 005,Central,United Kingdom,Product 056,Home,Home 1,4,375.96,233.88,false
1544,2023-04-15,Online,Store 015,Central,Italy,Product 112,Toys,Toys 1,3,545.97,376.89,false
1545,2024-03-23,Store,Store 024,West,Germany,Product 058,Toys,Toys 3,4,671.96,380.12,false
1546,2024-01-22,Store,Store 010,Central,Netherlands,Product 028,Toys,Toys 1,1,49.99,25.93,false
1547,2024-11-16,Store,Store 023,East,United Kingdom,Product 046,Toys,Toys 3,6,1319.94,1038.11,false
1548,2024-11-03,Store,Store 001,North,France,Product 076,Toys,Toys 1,1,337.99,253.13,false
1549,2023-03-09,Store,Store 005,Central,United Kingdom,Product 093,Garden,Garden 2,10,4709.90,2915.68,false
1550,2024-05-21,Store,Store 040,Central,Netherlands,Product 058,Toys,Toys 3,10,1679.90,1008.28,false
1551,2025-09-12,Online,Store 028,East,Netherlands,Product 109,Electronics,Electronics 2,4,283.96,222.09,false
1552,2024-11-21,Online,Store 032,South,Spain,Product 057,Garden,Garden 2,1,130.99,73.07,false
1553,2024-01-19,Online,Store 019,West,France,Product 110,Home,Home 3,9,971.91,701.41,false
1554,2023-05-08,Store,Store 014,West,Spain,Product 069,Garden,Garden 2,8,631.92,340.95,false
1555,2025-12-02,Store,Store 014,West,Spain,Product 033,Garden,Garden 2,3,704.97,560.64,false
1556,2023-02-20,Online,Store 006,North,Germany,Product 034,Toys,Toys 3,8,2175.92,1124.88,false
1557,2024-02-08,Store,Store 040,Central,Netherlands,Product 094,Toys,Toys 3,5,59.95,40.47,false
1558,2023-01-26,Store,Store 003,East,Italy,Product 003,Garden,Garden 4,4,467.96,337.62,false
1559,2023-10-06,Online,Store 012,South,Germany,Product 019,Electronics,Electronics 4,10,2129.90,1133.50,false
1560,2023-01-15,Store,Store 026,North,Spain,Product 040,Toys,Toys 1,5,2469.95,1626.38,false
1561,2023-06-07,Store,Store 013,East,France,Product 060,Sports,Sports 1,7,1693.93,1161.49,false
1562,2025-01-18,Online,Store 023,East,United Kingdom,Product 105,Garden,Garden 2,1,418.99,322.63,false
1563,2025-12-08,Online,Store 037,South,France,Product 016,Toys,Toys 1,1,101.99,77.58,false
1564,2023-08-27,Online,Store 015,Central,Italy,Product 068,Home,Home 1,5,209.95,112.99,false
1565,2025-12-23,Online,Store 025,Central,France,Product 119,Clothing,Clothing 4,6,2645.94,1427.79,false
1566,2025-10-30,Online,Store 015,Central,Italy,Product 071,Clothing,Clothing 4,3,458.97,291.45,false
1567,2024-08-07,Online,Store 003,East,Italy,Product 025,Electronics,Electronics 2,9,3914.91,3041.96,false
1568,2024-07-07,Store,Store 025,Central,France,Product 049,Electronics,Electronics 2,6,1985.94,1111.19,false
1569,2023-12-21,Store,Store 017,South,United Kingdom,Product 105,Garden,Garden 2,5,2094.95,1511.53,false
1570,2024-01-10,Online,Store 031,North,France,Product 013,Electronics,Electronics 2,2,973.98,511.19,false
1571,2024-10-28,Store,Store 027,South,Italy,Product 085,Electronics,Electronics 2,9,1574.91,961.98,false
1572,2023-07-29,Store,Store 007,South,France,Product 098,Home,Home 3,2,319.98,177.43,false
1573,2025-07-01,Store,Store 038,East,Spain,Product 054,Sports,Sports 3,8,159.92,106.66,false
1574,2023-04-26,Online,Store 038,East,Spain,Product 080,Home,Home 1,1,485.99,323.46,false
1575,2023-05-15,Store,Store 029,West,United Kingdom,Product 055,Electronics,Electronics 4,2,113.98,87.16,false
1576,2023-11-10,Store,Store 040,Central,Netherlands,Product 044,Home,Home 1,4,583.96,307.33,false
1577,2023-10-21,Store,Store 015,Central,Italy,Product 080,Home,Home 1,6,2915.94,1614.48,false
1578,2024-02-25,Online,Store 006,North,Germany,Product 007,Electronics,Electronics 4,1,264.99,206.21,false
1579,2024-01-11,Store,Store 005,Central,United Kingdom,Product 096,Sports,Sports 1,1,85.99,63.99,false
1580,2024-07-03,Store,Store 040,Central,Netherlands,Product 047,Clothing,Clothing 4,9,2312.91,1417.48,false
1581,2023-01-12,Store,Store 002,South,Spain,Product 097,Electronics,Electronics 2,5,614.95,378.53,false
1582,2025-09-17,Online,Store 024,West,Germany,Product 034,Toys,Toys 3,9,2447.91,1421.37,false
1583,2023-01-03,Store,Store 034,West,Netherlands,Product 008,Home,Home 1,3,905.97,646.17,false
1584,2023-02-06,Store,Store 003,East,Italy,Product 080,Home,Home 1,8,3887.92,2253.98,false
1585,2023-08-14,Store,Store 017,South,United Kingdom,Product 076,Toys,Toys 1,6,2027.94,1354.96,false
1586,2025-03-15,Store,Store 016,North,Netherlands,Product 099,Garden,Garden 4,3,590.97,435.99,false
1587,2023-06-16,Online,Store 014,West,Spain,Product 089,Clothing,Clothing 2,8,2583.92,1972.50,false
1588,2023-09-02,Store,Store 032,South,Spain,Product 119,Clothing,Clothing 4,3,1322.97,669.61,false
1589,2023-08-06,Store,Store 027,South,Italy,Product 004,Toys,Toys 1,2,307.98,157.21,false
1590,2023-09-24,Store,Store 017,South,United Kingdom,Product 115,Electronics,Electronics 4,6,1757.94,1042.44,false
1591,2025-11-10,Store,Store 014,West,Spain,Product 058,Toys,Toys 3,8,1343.92,730.90,false
1592,2025-02-11,Store,Store 028,East,Netherlands,Product 044,Home,Home 1,1,145.99,111.91,false
1593,2025-05-12,Online,Store 016,North,Netherlands,Product 044,Home,Home 1,5,729.95,582.34,false
1594,2023-12-18,Online,Store 005,Central,United Kingdom,Product 025,Electronics,Electronics 2,4,1739.96,1013.00,false
1595,2024-05-17,Online,Store 014,West,Spain,Product 104,Home,Home 1,4,1527.96,982.57,false
1596,2024-09-30,Store,Store 015,Central,Italy,Product 082,Toys,Toys 3,5,319.95,160.59,false
1597,2024-07-02,Store,Store 008,East,Spain,Product 112,Toys,Toys 1,8,1455.92,830.80,false
1598,2023-07-31,Store,Store 012,South,Germany,Product 013,Electronics,Electronics 2,9,4382.91,3036.81,false
1599,2025-03-03,Online,Store 033,East,Italy,Product 068,Home,Home 1,8,335.92,256.54,false
1600,2024-12-11,Store,Store 014,West,Spain,Product 036,Sports,Sports 1,8,2767.92,1785.58,false
1601,2025-07-13,Store,Store 024,West,Germany,Product 092,Home,Home 1,1,433.99,307.70,false
1602,2024-07-18,Store,Store 025,Central,France,Product 025,Electronics,Electronics 2,10,4349.90,2679.85,false
1603,2024-11-02,Online,Store 025,Central,France,Product 077,Clothing,Clothing 2,5,1874.95,1071.69,false
1604,2025-07-08,Store,Store 017,South,United Kingdom,Product 004,Toys,Toys 1,10,1539.90,987.63,false
1605,2025-05-06,Online,Store 008,East,Spain,Product 049,Electronics,Electronics 2,6,1985.94,1267.17,false
1606,2025-08-07,Store,Store 012,South,Germany,Product 085,Electronics,Electronics 2,2,349.98,216.98,false
1607,2024-09-30,Online,Store 004,West,Netherlands,Product 047,Clothing,Clothing 4,4,1027.96,756.36,false
1608,2023-08-13,Store,Store 023,East,United Kingdom,Product 027,Garden,Garden 4,8,103.92,58.65,false
1609,2024-04-23,Online,Store 005,Central,United Kingdom,Product 073,Electronics,Electronics 2,4,907.96,548.00,false
1610,2024-01-22,Store,Store 032,South,Spain,Product 025,Electronics,Electronics 2,3,1304.97,734.15,false
1611,2025-05-20,Store,Store 003,East,Italy,Product 006,Sports,Sports 3,3,683.97,519.16,false
1612,2023-07-16,Store,Store 006,North,Germany,Product 001,Electronics,Electronics 2,2,85.98,51.48,false
1613,2023-02-27,Online,Store 038,East,Spain,Product 035,Clothing,Clothing 4,8,2471.92,1245.35,false
1614,2025-01-08,Online,Store 011,North,United Kingdom,Product 039,Garden,Garden 4,5,2284.95,1483.05,false
1615,2025-01-07,Store,Store 034,West,Netherlands,Product 047,Clothing,Clothing 4,6,1541.94,1109.40,false
1616,2023-04-26,Online,Store 016,North,Netherlands,Product 022,Toys,Toys 3,8,2591.92,1424.22,false
1617,2024-05-19,Online,Store 022,South,Netherlands,Product 092,Home,Home 1,2,867.98,546.23,false
1618,2023-04-13,Online,Store 031,North,France,Product 066,Sports,Sports 3,8,3711.92,2202.56,false
1619,2023-04-19,Store,Store 008,East,Spain,Product 109,Electronics,Electronics 2,3,212.97,106.67,false
1620,2023-02-09,Store,Store 037,South,France,Product 010,Toys,Toys 3,2,751.98,376.08,false
1621,2023-08-31,Online,Store 013,East,France,Product 102,Sports,Sports 3,3,923.97,577.90,false
1622,2024-05-28,Store,Store 024,West,Germany,Product 065,Clothing,Clothing 2,1,426.99,338.05,false
1623,2024-10-30,Store,Store 019,West,France,Product 036,Sports,Sports 1,8,2767.92,2135.17,false
1624,2024-08-11,Store,Store 028,East,Netherlands,Product 064,Toys,Toys 1,4,1559.96,880.01,false
1625,2023-07-09,Store,Store 013,East,France,Product 090,Sports,Sports 3,6,2159.94,1477.98,false
1626,2023-06-01,Store,Store 030,Central,Germany,Product 094,Toys,Toys 3,1,11.99,6.94,false
1627,2023-01-03,Online,Store 018,East,Germany,Product 001,Electronics,Electronics 2,2,85.98,48.25,false
1628,2024-08-29,Store,Store 006,North,Germany,Product 087,Garden,Garden 4,1,248.99,178.39,false
1629,2023-02-13,Online,Store 001,North,France,Product 007,Electronics,Electronics 4,1,264.99,191.89,false
1630,2025-08-24,Store,Store 007,South,France,Product 001,Electronics,Electronics 2,9,386.91,254.79,false
1631,2023-05-27,Online,Store 035,Central,United Kingdom,Product 068,Home,Home 1,1,41.99,33.56,false
1632,2024-03-29,Store,Store 039,West,Italy,Product 086,Home,Home 3,6,1271.94,968.16,false
1633,2023-01-10,Online,Store 034,West,Netherlands,Product 102,Sports,Sports 3,2,615.98,324.29,false
1634,2024-08-01,Store,Store 024,West,Germany,Product 089,Clothing,Clothing 2,3,968.97,734.86,false
1635,2024-05-12,Online,Store 022,South,Netherlands,Product 035,Clothing,Clothing 4,7,2162.93,1319.80,false
1636,2025-11-24,Store,Store 012,South,Germany,Product 057,Garden,Garden 2,9,1178.91,808.11,false
1637,2023-10-18,Online,Store 039,West,Italy,Product 047,Clothing,Clothing 4,8,2055.92,1070.64,true
1638,2024-12-25,Online,Store 027,South,Italy,Product 011,Clothing,Clothing 4,1,412.99,233.66,false
1639,2025-06-13,Online,Store 036,North,Germany,Product 018,Sports,Sports 3,4,703.96,555.52,false
1640,2023-09-30,Online,Store 029,West,United Kingdom,Product 060,Sports,Sports 1,6,1451.94,867.90,false
1641,2023-02-14,Store,Store 001,North,France,Product 071,Clothing,Clothing 4,4,611.96,471.49,false
1642,2023-12-12,Store,Store 001,North,France,Product 102,Sports,Sports 3,4,1231.96,936.36,false
1643,2024-05-29,Online,Store 007,South,France,Product 041,Clothing,Clothing 2,7,244.93,166.38,false
1644,2023-08-18,Online,Store 037,South,France,Product 073,Electronics,Electronics 2,5,1134.95,902.27,false
1645,2023-11-20,Online,Store 018,East,Germany,Product 023,Clothing,Clothing 4,9,3248.91,2353.26,false
1646,2025-09-09,Store,Store 011,North,United Kingdom,Product 081,Garden,Garden 2,3,80.97,47.36,false
1647,2025-10-30,Online,Store 002,South,Spain,Product 080,Home,Home 1,10,4859.90,3885.36,false
1648,2025-11-08,Store,Store 018,East,Germany,Product 041,Clothing,Clothing 2,5,174.95,124.00,false
1649,2024-11-11,Store,Store 037,South,France,Product 119,Clothing,Clothing 4,6,2645.94,1386.32,false
1650,2023-01-17,Store,Store 018,East,Germany,Product 020,Home,Home 1,2,499.98,388.93,false
1651,2023-07-22,Store,Store 040,Central,Netherlands,Product 048,Sports,Sports 1,4,1175.96,743.16,false
1652,2025-12-30,Online,Store 030,Central,Germany,Product 110,Home,Home 3,8,863.92,675.59,false
1653,2025-07-31,Online,Store 005,Central,United Kingdom,Product 066,Sports,Sports 3,3,1391.97,1072.98,false
1654,2025-01-19,Online,Store 022,South,Netherlands,Product 031,Electronics,Electronics 4,6,965.94,642.90,false
1655,2024-04-28,Store,Store 002,South,Spain,Product 066,Sports,Sports 3,2,927.98,638.53,false
1656,2023-09-28,Store,Store 028,East,Netherlands,Product 077,Clothing,Clothing 2,3,1124.97,701.13,false
1657,2023-12-18,Store,Store 005,Central,United Kingdom,Product 051,Garden,Garden 4,7,2834.93,1468.35,false
1658,2025-10-10,Store,Store 020,Central,Spain,Product 033,Garden,Garden 2,1,234.99,121.52,false
1659,2025-07-02,Online,Store 022,South,Netherlands,Product 013,Electronics,Electronics 2,10,4869.90,2589.42,false
1660,2023-06-01,Store,Store 023,East,United Kingdom,Product 073,Electronics,Electronics 2,1,226.99,158.87,false
1661,2024-07-10,Online,Store 014,West,Spain,Product 065,Clothing,Clothing 2,4,1707.96,1280.64,false
1662,2023-02-17,Store,Store 016,North,Netherlands,Product 097,Electronics,Electronics 2,4,491.96,260.45,false
1663,2023-10-24,Store,Store 012,South,Germany,Product 044,Home,Home 1,1,145.99,109.19,false
1664,2023-12-19,Store,Store 035,Central,United Kingdom,Product 030,Sports,Sports 3,3,371.97,194.06,false
1665,2025-04-15,Online,Store 003,East,Italy,Product 009,Garden,Garden 2,8,2711.92,1899.96,false
1666,2023-02-26,Store,Store 027,South,Italy,Product 094,Toys,Toys 3,4,47.96,32.38,false
1667,2023-06-12,Store,Store 004,West,Netherlands,Product 083,Clothing,Clothing 4,5,504.95,329.81,false
1668,2025-12-05,Online,Store 009,West,Italy,Product 104,Home,Home 1,7,2673.93,1717.70,false
1669,2024-03-31,Store,Store 037,South,France,Product 049,Electronics,Electronics 2,4,1323.96,882.94,false
1670,2025-09-21,Online,Store 005,Central,United Kingdom,Product 077,Clothing,Clothing 2,4,1499.96,756.24,false
1671,2025-09-26,Store,Store 013,East,France,Product 118,Toys,Toys 3,4,1615.96,1098.23,false
1672,2023-02-03,Store,Store 014,West,Spain,Product 111,Garden,Garden 4,3,434.97,306.84,false
1673,2024-04-01,Store,Store 010,Central,Netherlands,Product 029,Clothing,Clothing 2,3,260.97,159.21,false
1674,2024-07-02,Store,Store 040,Central,Netherlands,Product 080,Home,Home 1,9,4373.91,3089.08,false
1675,2023-06-23,Online,Store 024,West,Germany,Product 057,Garden,Garden 2,8,1047.92,826.74,false
1676,2025-06-25,Online,Store 012,South,Germany,Product 097,Electronics,Electronics 2,8,983.92,742.90,false
1677,2023-01-17,Store,Store 020,Central,Spain,Product 053,Clothing,Clothing 2,10,4789.90,3023.12,false
1678,2024-04-18,Online,Store 034,West,Netherlands,Product 099,Garden,Garden 4,9,1772.91,916.63,false
1679,2023-08-16,Store,Store 002,South,Spain,Product 088,Toys,Toys 1,2,571.98,358.43,false
1680,2024-03-25,Store,Store 014,West,Spain,Product 070,Toys,Toys 3,6,695.94,383.58,false
1681,2024-05-19,Store,Store 038,East,Spain,Product 074,Home,Home 3,6,1583.94,815.64,false
1682,2025-12-07,Online,Store 029,West,United Kingdom,Product 072,Sports,Sports 1,7,1329.93,674.17,false
1683,2025-10-05,Online,Store 011,North,United Kingdom,Product 060,Sports,Sports 1,3,725.97,404.32,false
1684,2025-12-01,Store,Store 032,South,Spain,Product 058,Toys,Toys 3,10,1679.90,1292.03,false
1685,2023-06-23,Store,Store 004,West,Netherlands,Product 016,Toys,Toys 1,3,305.97,201.00,false
1686,2025-07-22,Store,Store 002,South,Spain,Product 008,Home,Home 1,7,2113.93,1521.96,false
1687,2024-12-24,Online,Store 021,North,Italy,Product 021,Garden,Garden 2,6,1721.94,966.74,false
1688,2023-03-06,Online,Store 030,Central,Germany,Product 014,Home,Home 3,10,279.90,176.22,false
1689,2023-09-06,Online,Store 034,West,Netherlands,Product 019,Electronics,Electronics 4,5,1064.95,764.46,false
1690,2023-05-30,Online,Store 027,South,Italy,Product 108,Sports,Sports 1,5,169.95,120.15,false
1691,2025-08-31,Store,Store 024,West,Germany,Product 035,Clothing,Clothing 4,6,1853.94,1312.01,false
1692,2025-08-04,Online,Store 018,East,Germany,Product 003,Garden,Garden 4,7,818.93,463.17,false
1693,2023-01-07,Store,Store 023,East,United Kingdom,Product 078,Sports,Sports 3,8,3295.92,2065.93,false
1694,2024-07-16,Store,Store 011,North,United Kingdom,Product 108,Sports,Sports 1,2,67.98,54.09,false
1695,2024-06-13,Store,Store 025,Central,France,Product 065,Clothing,Clothing 2,2,853.98,514.50,false
1696,2024-10-04,Store,Store 025,Central,France,Product 076,Toys,Toys 1,2,675.98,463.85,false
1697,2023-01-29,Online,Store 029,West,United Kingdom,Product 091,Electronics,Electronics 4,7,2778.93,1543.16,false
1698,2025-07-19,Store,Store 030,Central,Germany,Product 059,Clothing,Clothing 4,9,1844.91,1120.92,false
1699,2023-12-27,Store,Store 022,South,Netherlands,Product 093,Garden,Garden 2,10,4709.90,3232.30,false
1700,2024-01-12,Store,Store 034,West,Netherlands,Product 065,Clothing,Clothing 2,9,3842.91,1987.53,false
1701,2024-11-12,Online,Store 023,East,United Kingdom,Product 079,Electronics,Electronics 4,9,4040.91,2821.45,false
1702,2025-09-26,Online,Store 013,East,France,Product 064,Toys,Toys 1,2,779.98,589.44,false
1703,2025-03-28,Store,Store 012,South,Germany,Product 002,Home,Home 3,3,239.97,157.57,false
1704,2024-10-31,Online,Store 038,East,Spain,Product 095,Clothing,Clothing 4,4,195.96,130.96,false
1705,2024-09-20,Online,Store 029,West,United Kingdom,Product 044,Home,Home 1,1,145.99,91.84,false
1706,2023-02-21,Online,Store 033,East,Italy,Product 040,Toys,Toys 1,7,3457.93,1779.13,false
1707,2024-09-14,Online,Store 029,West,United Kingdom,Product 108,Sports,Sports 1,5,169.95,107.13,false
1708,2025-08-25,Store,Store 007,South,France,Product 067,Electronics,Electronics 4,1,500.99,306.16,false
1709,2025-01-31,Store,Store 036,North,Germany,Product 119,Clothing,Clothing 4,7,3086.93,2090.12,false
1710,2024-09-27,Online,Store 019,West,France,Product 068,Home,Home 1,7,293.93,202.55,false
1711,2024-05-16,Store,Store 013,East,France,Product 039,Garden,Garden 4,2,913.98,460.45,false
1712,2024-11-30,Store,Store 017,South,United Kingdom,Product 117,Garden,Garden 2,5,1834.95,1384.75,false
1713,2024-03-11,Online,Store 015,Central,Italy,Product 089,Clothing,Clothing 2,4,1291.96,731.05,false
1714,2023-08-18,Store,Store 036,North,Germany,Product 066,Sports,Sports 3,4,1855.96,1079.99,false
1715,2025-10-22,Online,Store 005,Central,United Kingdom,Product 009,Garden,Garden 2,1,338.99,216.46,false
1716,2025-08-01,Store,Store 038,East,Spain,Product 019,Electronics,Electronics 4,8,1703.92,1200.77,false
1717,2023-05-08,Online,Store 007,South,France,Product 061,Electronics,Electronics 2,5,1394.95,866.21,false
1718,2025-01-27,Store,Store 001,North,France,Product 055,Electronics,Electronics 4,8,455.92,294.33,true
1719,2025-02-16,Store,Store 035,Central,United Kingdom,Product 106,Toys,Toys 3,2,911.98,650.66,false
1720,2024-01-19,Store,Store 026,North,Spain,Product 059,Clothing,Clothing 4,1,204.99,152.74,false
1721,2024-10-01,Store,Store 019,West,France,Product 089,Clothing,Clothing 2,8,2583.92,1357.23,false
1722,2023-12-24,Store,Store 001,North,France,Product 020,Home,Home 1,3,749.97,478.78,false
1723,2024-11-28,Store,Store 029,West,United Kingdom,Product 038,Home,Home 3,6,2519.94,1970.52,false
1724,2024-07-18,Store,Store 007,South,France,Product 090,Sports,Sports 3,5,1799.95,1064.34,false
1725,2023-12-01,Store,Store 015,Central,Italy,Product 079,Electronics,Electronics 4,4,1795.96,909.54,false
1726,2025-09-02,Store,Store 016,North,Netherlands,Product 107,Clothing,Clothing 4,8,3943.92,2658.64,false
1727,2024-04-16,Store,Store 002,South,Spain,Product 019,Electronics,Electronics 4,2,425.98,334.42,false
1728,2024-09-30,Store,Store 018,East,Germany,Product 047,Clothing,Clothing 4,9,2312.91,1466.82,false
1729,2024-01-07,Store,Store 001,North,France,Product 076,Toys,Toys 1,10,3379.90,2083.57,false
1730,2023-12-04,Online,Store 021,North,Italy,Product 040,Toys,Toys 1,6,2963.94,1542.26,false
1731,2025-10-25,Online,Store 023,East,United Kingdom,Product 051,Garden,Garden 4,9,3644.91,1984.22,false
1732,2025-08-15,Store,Store 036,North,Germany,Product 053,Clothing,Clothing 2,3,1436.97,791.60,false
1733,2025-11-08,Online,Store 040,Central,Netherlands,Product 009,Garden,Garden 2,8,2711.92,1670.60,false
1734,2023-07-30,Store,Store 038,East,Spain,Product 118,Toys,Toys 3,7,2827.93,1452.87,false
1735,2023-07-24,Store,Store 015,Central,Italy,Product 081,Garden,Garden 2,7,188.93,111.21,false
1736,2024-07-03,Online,Store 038,East,Spain,Product 109,Electronics,Electronics 2,9,638.91,455.83,false
1737,2023-04-11,Store,Store 004,West,Netherlands,Product 017,Clothing,Clothing 2,3,416.97,310.48,false
1738,2025-09-08,Online,Store 008,East,Spain,Product 024,Sports,Sports 1,7,2785.93,1727.04,false
1739,2023-05-26,Store,Store 002,South,Spain,Product 037,Electronics,Electronics 2,2,765.98,565.81,false
1740,2025-05-13,Store,Store 002,South,Spain,Product 016,Toys,Toys 1,8,815.92,620.54,false
1741,2023-02-04,Store,Store 024,West,Germany,Product 003,Garden,Garden 4,1,116.99,61.81,false
1742,2023-01-04,Store,Store 006,North,Germany,Product 097,Electronics,Electronics 2,1,122.99,71.72,false
1743,2023-03-10,Online,Store 017,South,United Kingdom,Product 118,Toys,Toys 3,3,1211.97,768.56,false
1744,2024-04-01,Online,Store 040,Central,Netherlands,Product 110,Home,Home 3,1,107.99,85.27,false
1745,2024-01-23,Online,Store 029,West,United Kingdom,Product 061,Electronics,Electronics 2,3,836.97,498.85,false
1746,2025-08-27,Online,Store 026,North,Spain,Product 009,Garden,Garden 2,8,2711.92,2001.37,false
1747,2023-07-11,Store,Store 027,South,Italy,Product 112,Toys,Toys 1,8,1455.92,1046.57,false
1748,2024-02-02,Online,Store 003,East,Italy,Product 030,Sports,Sports 3,3,371.97,297.24,false
1749,2025-01-16,Store,Store 028,East,Netherlands,Product 004,Toys,Toys 1,9,1385.91,838.68,false
1750,2024-11-23,Store,Store 018,East,Germany,Product 069,Garden,Garden 2,5,394.95,315.74,false
1751,2023-04-13,Online,Store 037,South,France,Product 107,Clothing,Clothing 4,3,1478.97,827.52,false
1752,2024-10-22,Online,Store 021,North,Italy,Product 005,Clothing,Clothing 2,10,1909.90,1444.80,false
1753,2025-08-23,Store,Store 030,Central,Germany,Product 094,Toys,Toys 3,4,47.96,27.51,false
1754,2025-06-04,Store,Store 034,West,Netherlands,Product 043,Electronics,Electronics 4,3,326.97,239.97,false
1755,2024-07-23,Online,Store 002,South,Spain,Product 065,Clothing,Clothing 2,9,3842.91,2871.20,false
1756,2023-05-25,Online,Store 035,Central,United Kingdom,Product 050,Home,Home 3,8,2943.92,1687.18,false
1757,2025-07-19,Store,Store 013,East,France,Product 021,Garden,Garden 2,7,2008.93,1295.96,false
1758,2024-06-24,Online,Store 005,Central,United Kingdom,Product 046,Toys,Toys 3,5,1099.95,563.89,false
1759,2025-02-26,Online,Store 025,Central,France,Product 040,Toys,Toys 1,8,3951.92,2102.04,false
1760,2024-07-12,Online,Store 029,West,United Kingdom,Product 012,Sports,Sports 1,10,4499.90,3405.76,false
1761,2023-07-25,Store,Store 003,East,Italy,Product 089,Clothing,Clothing 2,9,2906.91,1567.77,false
1762,2025-10-07,Store,Store 022,South,Netherlands,Product 073,Electronics,Electronics 2,4,907.96,501.01,false
1763,2023-05-21,Online,Store 033,East,Italy,Product 081,Garden,Garden 2,4,107.96,68.08,false
1764,2025-10-20,Online,Store 038,East,Spain,Product 036,Sports,Sports 1,8,2767.92,1384.63,false
1765,2023-10-07,Store,Store 020,Central,Spain,Product 023,Clothing,Clothing 4,1,360.99,205.15,false
1766,2025-04-01,Online,Store 029,West,United Kingdom,Product 084,Sports,Sports 1,5,689.95,429.10,false
1767,2025-09-01,Store,Store 003,East,Italy,Product 058,Toys,Toys 3,2,335.98,203.20,false
1768,2025-03-12,Store,Store 015,Central,Italy,Product 111,Garden,Garden 4,9,1304.91,1025.88,false
1769,2025-03-26,Store,Store 028,East,Netherlands,Product 093,Garden,Garden 2,2,941.98,527.54,false
1770,2025-03-29,Store,Store 011,North,United Kingdom,Product 113,Clothing,Clothing 2,8,1751.92,1095.92,false
1771,2024-11-23,Online,Store 023,East,United Kingdom,Product 106,Toys,Toys 3,5,2279.95,1717.27,false
1772,2024-08-12,Online,Store 030,Central,Germany,Product 036,Sports,Sports 1,3,1037.97,798.44,false
1773,2025-07-17,Store,Store 028,East,Netherlands,Product 110,Home,Home 3,3,323.97,247.92,false
1774,2024-07-02,Store,Store 012,South,Germany,Product 009,Garden,Garden 2,10,3389.90,2469.83,false
1775,2024-07-16,Online,Store 013,East,France,Product 108,Sports,Sports 1,8,271.92,213.39,false
1776,2023-01-18,Online,Store 037,South,France,Product 055,Electronics,Electronics 4,2,113.98,91.15,false
1777,2023-07-28,Store,Store 017,South,United Kingdom,Product 107,Clothing,Clothing 4,6,2957.94,2073.88,false
1778,2025-07-20,Store,Store 010,Central,Netherlands,Product 015,Garden,Garden 4,8,519.92,383.78,false
1779,2023-01-22,Store,Store 006,North,Germany,Product 040,Toys,Toys 1,4,1975.96,1171.69,false
1780,2024-10-05,Store,Store 022,South,Netherlands,Product 065,Clothing,Clothing 2,8,3415.92,2462.73,false
1781,2024-06-08,Store,Store 011,North,United Kingdom,Product 009,Garden,Garden 2,6,2033.94,1330.32,false
1782,2025-09-06,Store,Store 039,West,Italy,Product 024,Sports,Sports 1,7,2785.93,1770.78,false
1783,2025-11-25,Online,Store 011,North,United Kingdom,Product 107,Clothing,Clothing 4,7,3450.93,1954.18,false
1784,2025-10-18,Online,Store 008,East,Spain,Product 078,Sports,Sports 3,7,2883.93,2071.94,false
1785,2023-09-29,Online,Store 001,North,France,Product 118,Toys,Toys 3,5,2019.95,1230.73,false
1786,2024-02-13,Online,Store 022,South,Netherlands,Product 077,Clothing,Clothing 2,7,2624.93,1448.86,false
1787,2025-10-05,Store,Store 007,South,France,Product 093,Garden,Garden 2,9,4238.91,3312.69,false
1788,2023-05-24,Online,Store 021,North,Italy,Product 063,Garden,Garden 4,10,3529.90,2326.54,false
1789,2023-06-26,Store,Store 035,Central,United Kingdom,Product 101,Clothing,Clothing 2,5,1354.95,690.28,false
1790,2024-10-27,Online,Store 006,North,Germany,Product 004,Toys,Toys 1,10,1539.90,965.40,false
1791,2024-08-24,Store,Store 023,East,United Kingdom,Product 004,Toys,Toys 1,2,307.98,216.08,false
1792,2024-08-20,Online,Store 010,Central,Netherlands,Product 093,Garden,Garden 2,4,1883.96,996.44,false
1793,2025-10-15,Store,Store 010,Central,Netherlands,Product 027,Garden,Garden 4,6,77.94,48.89,false
1794,2025-03-23,Store,Store 040,Central,Netherlands,Product 051,Garden,Garden 4,3,1214.97,857.37,false
1795,2025-09-25,Online,Store 023,East,United Kingdom,Product 022,Toys,Toys 3,1,323.99,243.35,false
1796,2024-04-17,Store,Store 004,West,Netherlands,Product 094,Toys,Toys 3,4,47.96,25.57,false
1797,2023-07-09,Online,Store 026,North,Spain,Product 035,Clothing,Clothing 4,8,2471.92,1448.13,false
1798,2023-06-03,Online,Store 029,West,United Kingdom,Product 028,Toys,Toys 1,5,249.95,186.53,false
1799,2023-09-23,Store,Store 026,North,Spain,Product 065,Clothing,Clothing 2,9,3842.91,2718.45,false
1800,2024-01-15,Online,Store 013,East,France,Product 086,Home,Home 3,2,423.98,239.15,false
1801,2025-02-25,Online,Store 023,East,United Kingdom,Product 002,Home,Home 3,3,239.97,161.19,false
1802,2024-02-26,Store,Store 004,West,Netherlands,Product 056,Home,Home 1,3,281.97,211.04,false
1803,2025-04-05,Store,Store 003,East,Italy,Product 090,Sports,Sports 3,4,1439.96,971.99,false
1804,2024-04-07,Online,Store 007,South,France,Product 071,Clothing,Clothing 4,8,1223.92,872.55,false
1805,2023-06-28,Store,Store 005,Central,United Kingdom,Product 059,Clothing,Clothing 4,5,1024.95,608.36,false
1806,2024-05-21,Store,Store 039,West,Italy,Product 056,Home,Home 1,6,563.94,434.25,false
1807,2024-11-23,Store,Store 035,Central,United Kingdom,Product 020,Home,Home 1,8,1999.92,1254.64,false
1808,2023-04-04,Online,Store 002,South,Spain,Product 049,Electronics,Electronics 2,10,3309.90,2318.62,false
1809,2025-03-18,Online,Store 009,West,Italy,Product 111,Garden,Garden 4,6,869.94,455.79,false
1810,2023-09-07,Store,Store 031,North,France,Product 056,Home,Home 1,4,375.96,227.61,false
1811,2023-07-02,Store,Store 001,North,France,Product 089,Clothing,Clothing 2,9,2906.91,1779.56,false
1812,2025-12-30,Online,Store 035,Central,United Kingdom,Product 112,Toys,Toys 1,7,1273.93,850.07,false
1813,2025-02-27,Online,Store 020,Central,Spain,Product 079,Electronics,Electronics 4,1,448.99,268.32,false
1814,2024-11-30,Store,Store 030,Central,Germany,Product 008,Home,Home 1,8,2415.92,1543.51,false
1815,2023-05-01,Store,Store 020,Central,Spain,Product 071,Clothing,Clothing 4,10,1529.90,913.58,false
1816,2024-02-03,Store,Store 017,South,United Kingdom,Product 067,Electronics,Electronics 4,6,3005.94,1506.66,false
1817,2024-03-23,Store,Store 011,North,United Kingdom,Product 045,Garden,Garden 2,3,548.97,383.36,false
1818,2024-02-22,Store,Store 020,Central,Spain,Product 034,Toys,Toys 3,5,1359.95,716.15,false
1819,2025-04-20,Store,Store 023,East,United Kingdom,Product 100,Toys,Toys 1,5,1169.95,682.03,false
1820,2023-12-10,Online,Store 001,North,France,Product 001,Electronics,Electronics 2,9,386.91,289.93,false
1821,2023-10-31,Store,Store 019,West,France,Product 019,Electronics,Electronics 4,8,1703.92,888.32,false
1822,2023-04-11,Store,Store 024,West,Germany,Product 078,Sports,Sports 3,2,823.98,628.67,false
1823,2025-07-28,Store,Store 029,West,United Kingdom,Product 097,Electronics,Electronics 2,10,1229.90,887.70,false
1824,2023-05-30,Online,Store 003,East,Italy,Product 037,Electronics,Electronics 2,3,1148.97,619.54,false
1825,2025-05-11,Online,Store 034,West,Netherlands,Product 037,Electronics,Electronics 2,8,3063.92,1591.45,false
1826,2024-12-19,Online,Store 016,North,Netherlands,Product 002,Home,Home 3,5,399.95,245.28,false
1827,2023-04-13,Store,Store 018,East,Germany,Product 110,Home,Home 3,1,107.99,65.08,false
1828,2025-08-05,Store,Store 013,East,France,Product 106,Toys,Toys 3,2,911.98,537.40,false
1829,2023-05-09,Store,Store 007,South,France,Product 032,Home,Home 1,7,1385.93,918.23,false
1830,2024-03-31,Online,Store 020,Central,Spain,Product 016,Toys,Toys 1,4,407.96,273.26,false
1831,2024-11-07,Store,Store 015,Central,Italy,Product 025,Electronics,Electronics 2,10,4349.90,2182.44,false
1832,2025-03-20,Online,Store 005,Central,United Kingdom,Product 021,Garden,Garden 2,9,2582.91,1600.95,false
1833,2025-10-05,Online,Store 015,Central,Italy,Product 119,Clothing,Clothing 4,8,3527.92,1827.84,false
1834,2025-12-15,Store,Store 033,East,Italy,Product 107,Clothing,Clothing 4,3,1478.97,1042.61,false
1835,2025-01-28,Store,Store 013,East,France,Product 061,Electronics,Electronics 2,10,2789.90,1820.49,false
1836,2025-07-03,Store,Store 033,East,Italy,Product 052,Toys,Toys 1,7,3093.93,2116.33,false
1837,2025-05-29,Store,Store 036,North,Germany,Product 094,Toys,Toys 3,6,71.94,40.42,false
1838,2025-05-11,Store,Store 031,North,France,Product 119,Clothing,Clothing 4,10,4409.90,2780.69,false
1839,2023-09-09,Store,Store 004,West,Netherlands,Product 098,Home,Home 3,8,1279.92,719.55,false
1840,2023-12-16,Store,Store 012,South,Germany,Product 092,Home,Home 1,4,1735.96,1209.18,false
1841,2024-04-04,Online,Store 011,North,United Kingdom,Product 031,Electronics,Electronics 4,9,1448.91,789.95,false
1842,2024-07-22,Store,Store 001,North,France,Product 059,Clothing,Clothing 4,1,204.99,140.89,false
1843,2025-09-17,Store,Store 001,North,France,Product 077,Clothing,Clothing 2,8,2999.92,1641.44,false
1844,2023-01-29,Store,Store 017,South,United Kingdom,Product 008,Home,Home 1,4,1207.96,956.01,false
1845,2024-05-22,Store,Store 039,West,Italy,Product 029,Clothing,Clothing 2,5,434.95,315.11,false
1846,2024-05-14,Store,Store 029,West,United Kingdom,Product 114,Sports,Sports 3,6,1535.94,890.44,false
1847,2025-11-11,Store,Store 006,North,Germany,Product 072,Sports,Sports 1,8,1519.92,885.86,false
1848,2023-10-02,Store,Store 027,South,Italy,Product 091,Electronics,Electronics 4,3,1190.97,887.21,false
1849,2023-09-02,Store,Store 004,West,Netherlands,Product 070,Toys,Toys 3,2,231.98,137.88,false
1850,2023-09-11,Store,Store 037,South,France,Product 001,Electronics,Electronics 2,8,343.92,219.20,false
1851,2024-09-01,Online,Store 016,North,Netherlands,Product 094,Toys,Toys 3,10,119.90,90.04,true
1852,2024-03-11,Online,Store 026,North,Spain,Product 083,Clothing,Clothing 4,10,1009.90,698.34,false
1853,2025-01-05,Online,Store 017,South,United Kingdom,Product 031,Electronics,Electronics 4,6,965.94,647.23,false
1854,2025-08-07,Online,Store 036,North,Germany,Product 107,Clothing,Clothing 4,4,1971.96,1022.30,false
1855,2025-03-09,Store,Store 034,West,Netherlands,Product 087,Garden,Garden 4,7,1742.93,1327.21,false
1856,2023-11-09,Store,Store 032,South,Spain,Product 022,Toys,Toys 3,7,2267.93,1342.48,false
1857,2025-05-24,Store,Store 033,East,Italy,Product 057,Garden,Garden 2,5,654.95,497.65,false
1858,2024-05-29,Online,Store 005,Central,United Kingdom,Product 117,Garden,Garden 2,1,366.99,259.34,false
1859,2025-02-12,Online,Store 018,East,Germany,Product 012,Sports,Sports 1,9,4049.91,2063.77,false
1860,2023-01-06,Store,Store 005,Central,United Kingdom,Product 041,Clothing,Clothing 2,3,104.97,58.00,false
1861,2024-05-27,Online,Store 036,North,Germany,Product 086,Home,Home 3,1,211.99,139.53,false
1862,2023-01-06,Online,Store 036,North,Germany,Product 085,Electronics,Electronics 2,6,1049.94,790.02,false
1863,2024-04-05,Online,Store 030,Central,Germany,Product 035,Clothing,Clothing 4,3,926.97,592.40,false
1864,2025-08-10,Online,Store 032,South,Spain,Product 042,Sports,Sports 3,9,647.91,345.87,false
1865,2023-06-22,Online,Store 036,North,Germany,Product 116,Home,Home 1,1,329.99,261.15,false
1866,2025-09-11,Online,Store 040,Central,Netherlands,Product 118,Toys,Toys 3,9,3635.91,2249.27,false
1867,2024-09-13,Store,Store 022,South,Netherlands,Product 054,Sports,Sports 3,3,59.97,38.90,false
1868,2023-11-02,Online,Store 015,Central,Italy,Product 011,Clothing,Clothing 4,10,4129.90,2693.17,false
1869,2025-12-22,Store,Store 032,South,Spain,Product 060,Sports,Sports 1,8,1935.92,1238.33,false
1870,2025-11-22,Store,Store 002,South,Spain,Product 037,Electronics,Electronics 2,7,2680.93,1809.04,true
1871,2024-04-28,Online,Store 022,South,Netherlands,Product 105,Garden,Garden 2,3,1256.97,928.72,false
1872,2023-10-23,Online,Store 003,East,Italy,Product 097,Electronics,Electronics 2,4,491.96,268.97,false
1873,2023-04-03,Online,Store 022,South,Netherlands,Product 065,Clothing,Clothing 2,2,853.98,634.54,false
1874,2023-01-23,Online,Store 010,Central,Netherlands,Product 063,Garden,Garden 4,4,1411.96,734.83,false
1875,2025-10-24,Store,Store 025,Central,France,Product 012,Sports,Sports 1,10,4499.90,2648.15,false
1876,2024-03-13,Online,Store 035,Central,United Kingdom,Product 085,Electronics,Electronics 2,6,1049.94,742.13,false
1877,2024-05-25,Store,Store 012,South,Germany,Product 005,Clothing,Clothing 2,5,954.95,572.69,false
1878,2023-04-10,Store,Store 021,North,Italy,Product 119,Clothing,Clothing 4,3,1322.97,975.23,false
1879,2023-12-26,Store,Store 036,North,Germany,Product 009,Garden,Garden 2,3,1016.97,549.95,false
1880,2023-11-03,Online,Store 015,Central,Italy,Product 090,Sports,Sports 3,5,1799.95,947.25,false
1881,2023-07-31,Online,Store 034,West,Netherlands,Product 042,Sports,Sports 3,9,647.91,465.31,false
1882,2023-11-04,Store,Store 024,West,Germany,Product 043,Electronics,Electronics 4,5,544.95,277.21,false
1883,2024-02-05,Store,Store 038,East,Spain,Product 101,Clothing,Clothing 2,6,1625.94,1235.63,false
1884,2025-07-04,Online,Store 033,East,Italy,Product 089,Clothing,Clothing 2,4,1291.96,682.33,false
1885,2023-04-23,Store,Store 021,North,Italy,Product 058,Toys,Toys 3,8,1343.92,804.99,true
1886,2023-08-07,Online,Store 036,North,Germany,Product 008,Home,Home 1,8,2415.92,1293.66,false
1887,2023-02-07,Store,Store 002,South,Spain,Product 048,Sports,Sports 1,8,2351.92,1741.37,false
1888,2025-03-26,Store,Store 035,Central,United Kingdom,Product 029,Clothing,Clothing 2,10,869.90,510.57,false
1889,2025-12-11,Store,Store 011,North,United Kingdom,Product 072,Sports,Sports 1,3,569.97,322.25,false
1890,2025-12-08,Online,Store 002,South,Spain,Product 009,Garden,Garden 2,10,3389.90,2166.90,false
1891,2025-11-14,Store,Store 005,Central,United Kingdom,Product 097,Electronics,Electronics 2,10,1229.90,966.39,false
1892,2024-03-31,Store,Store 036,North,Germany,Product 001,Electronics,Electronics 2,5,214.95,162.64,false
1893,2023-12-30,Store,Store 010,Central,Netherlands,Product 036,Sports,Sports 1,3,1037.97,693.44,false
1894,2024-10-01,Store,Store 011,North,United Kingdom,Product 068,Home,Home 1,3,125.97,79.74,false
1895,2025-01-20,Store,Store 030,Central,Germany,Product 018,Sports,Sports 3,10,1759.90,894.24,false
1896,2025-09-01,Online,Store 016,North,Netherlands,Product 007,Electronics,Electronics 4,8,2119.92,1248.57,false
1897,2023-04-28,Online,Store 012,South,Germany,Product 053,Clothing,Clothing 2,10,4789.90,3491.53,false
1898,2024-11-11,Store,Store 035,Central,United Kingdom,Product 070,Toys,Toys 3,5,579.95,387.33,false
1899,2023-01-22,Online,Store 039,West,Italy,Product 090,Sports,Sports 3,5,1799.95,1304.33,false
1900,2024-03-12,Online,Store 038,East,Spain,Product 070,Toys,Toys 3,3,347.97,200.49,false
1901,2023-04-11,Store,Store 017,South,United Kingdom,Product 071,Clothing,Clothing 4,1,152.99,119.58,false
1902,2025-10-23,Online,Store 001,North,France,Product 021,Garden,Garden 2,3,860.97,558.40,false
1903,2024-08-30,Store,Store 020,Central,Spain,Product 053,Clothing,Clothing 2,3,1436.97,885.03,false
1904,2025-12-10,Online,Store 035,Central,United Kingdom,Product 051,Garden,Garden 4,6,2429.94,1336.65,false
1905,2024-07-24,Store,Store 031,North,France,Product 040,Toys,Toys 1,2,987.98,624.55,false
1906,2025-08-01,Store,Store 018,East,Germany,Product 080,Home,Home 1,10,4859.90,3696.53,false
1907,2024-06-23,Online,Store 003,East,Italy,Product 102,Sports,Sports 3,4,1231.96,628.64,false
1908,2025-01-21,Online,Store 037,South,France,Product 062,Home,Home 3,2,631.98,426.13,false
1909,2024-06-23,Store,Store 012,South,Germany,Product 021,Garden,Garden 2,7,2008.93,1064.37,false
1910,2023-04-13,Store,Store 023,East,United Kingdom,Product 043,Electronics,Electronics 4,9,980.91,715.04,false
1911,2024-05-29,Online,Store 011,North,United Kingdom,Product 071,Clothing,Clothing 4,4,611.96,415.48,false
1912,2025-01-08,Online,Store 021,North,Italy,Product 093,Garden,Garden 2,2,941.98,552.02,false
1913,2023-11-23,Store,Store 022,South,Netherlands,Product 038,Home,Home 3,1,419.99,270.82,false
1914,2024-09-29,Store,Store 028,East,Netherlands,Product 112,Toys,Toys 1,3,545.97,295.60,false
1915,2024-08-05,Online,Store 037,South,France,Product 029,Clothing,Clothing 2,6,521.94,293.56,false
1916,2025-11-02,Online,Store 001,North,France,Product 115,Electronics,Electronics 4,3,878.97,569.94,false
1917,2025-04-16,Store,Store 002,South,Spain,Product 048,Sports,Sports 1,5,1469.95,1072.53,false
1918,2025-10-10,Online,Store 024,West,Germany,Product 028,Toys,Toys 1,9,449.91,341.63,false
1919,2023-08-13,Online,Store 020,Central,Spain,Product 101,Clothing,Clothing 2,3,812.97,586.74,false
1920,2023-05-29,Online,Store 028,East,Netherlands,Product 098,Home,Home 3,9,1439.91,861.22,false
1921,2023-12-16,Store,Store 017,South,United Kingdom,Product 113,Clothing,Clothing 2,6,1313.94,944.85,false
1922,2025-11-29,Store,Store 040,Central,Netherlands,Product 059,Clothing,Clothing 4,5,1024.95,669.21,false
1923,2023-11-16,Store,Store 016,North,Netherlands,Product 057,Garden,Garden 2,7,916.93,502.34,false
1924,2023-04-26,Online,Store 005,Central,United Kingdom,Product 113,Clothing,Clothing 2,9,1970.91,1356.44,false
1925,2024-09-30,Store,Store 038,East,Spain,Product 059,Clothing,Clothing 4,8,1639.92,1198.43,false
1926,2023-06-09,Store,Store 022,South,Netherlands,Product 039,Garden,Garden 4,1,456.99,338.92,false
1927,2024-08-17,Store,Store 032,South,Spain,Product 116,Home,Home 1,2,659.98,348.52,false
1928,2024-04-17,Store,Store 038,East,Spain,Product 011,Clothing,Clothing 4,10,4129.90,2810.45,false
1929,2025-06-11,Store,Store 012,South,Germany,Product 084,Sports,Sports 1,4,551.96,419.42,false
1930,2023-02-15,Store,Store 012,South,Germany,Product 119,Clothing,Clothing 4,3,1322.97,852.57,false
1931,2025-01-15,Online,Store 025,Central,France,Product 074,Home,Home 3,3,791.97,478.98,false
1932,2023-04-14,Store,Store 019,West,France,Product 046,Toys,Toys 3,6,1319.94,911.51,false
1933,2025-05-21,Online,Store 029,West,United Kingdom,Product 111,Garden,Garden 4,5,724.95,522.93,false
1934,2023-11-23,Online,Store 030,Central,Germany,Product 097,Electronics,Electronics 2,9,1106.91,623.45,false
1935,2023-02-17,Online,Store 040,Central,Netherlands,Product 036,Sports,Sports 1,3,1037.97,709.22,false
1936,2025-12-13,Store,Store 003,East,Italy,Product 040,Toys,Toys 1,8,3951.92,2273.52,false
1937,2025-10-18,Store,Store 018,East,Germany,Product 103,Electronics,Electronics 4,3,1034.97,626.11,false
1938,2024-03-04,Online,Store 039,West,Italy,Product 080,Home,Home 1,7,3401.93,1745.37,false
1939,2023-10-05,Store,Store 026,North,Spain,Product 093,Garden,Garden 2,10,4709.90,3593.81,false
1940,2024-07-07,Store,Store 029,West,United Kingdom,Product 056,Home,Home 1,8,751.92,556.30,false
1941,2023-04-24,Store,Store 036,North,Germany,Product 045,Garden,Garden 2,9,1646.91,1273.12,false
1942,2024-04-24,Store,Store 011,North,United Kingdom,Product 013,Electronics,Electronics 2,2,973.98,636.39,false
1943,2024-10-20,Store,Store 014,West,Spain,Product 106,Toys,Toys 3,1,455.99,229.87,false
1944,2024-12-23,Store,Store 022,South,Netherlands,Product 042,Sports,Sports 3,8,575.92,381.04,false
1945,2025-04-25,Store,Store 003,East,Italy,Product 009,Garden,Garden 2,4,1355.96,888.54,false
1946,2023-06-22,Store,Store 036,North,Germany,Product 015,Garden,Garden 4,10,649.90,415.54,false
1947,2024-03-30,Store,Store 018,East,Germany,Product 028,Toys,Toys 1,9,449.91,291.49,false
1948,2025-03-26,Online,Store 037,South,France,Product 002,Home,Home 3,6,479.94,276.68,false
1949,2024-08-17,Online,Store 038,East,Spain,Product 007,Electronics,Electronics 4,1,264.99,154.69,false
1950,2024-07-25,Store,Store 032,South,Spain,Product 037,Electronics,Electronics 2,7,2680.93,1464.75,false
1951,2023-09-02,Store,Store 015,Central,Italy,Product 060,Sports,Sports 1,8,1935.92,1030.82,false
1952,2023-12-07,Online,Store 038,East,Spain,Product 052,Toys,Toys 1,3,1325.97,901.59,false
1953,2023-10-22,Store,Store 004,West,Netherlands,Product 044,Home,Home 1,4,583.96,420.47,true
1954,2023-06-23,Store,Store 003,East,Italy,Product 027,Garden,Garden 4,3,38.97,25.92,false
1955,2025-01-09,Online,Store 033,East,Italy,Product 062,Home,Home 3,7,2211.93,1384.45,false
1956,2024-02-23,Online,Store 012,South,Germany,Product 104,Home,Home 1,7,2673.93,1848.73,false
1957,2023-02-25,Online,Store 016,North,Netherlands,Product 090,Sports,Sports 3,1,359.99,232.28,false
1958,2023-10-30,Store,Store 036,North,Germany,Product 062,Home,Home 3,2,631.98,483.12,false
1959,2024-05-12,Store,Store 033,East,Italy,Product 082,Toys,Toys 3,3,191.97,141.95,false
1960,2023-03-18,Store,Store 013,East,France,Product 117,Garden,Garden 2,8,2935.92,1883.57,false
1961,2023-04-23,Store,Store 038,East,Spain,Product 110,Home,Home 3,3,323.97,234.21,false
1962,2023-12-30,Store,Store 021,North,Italy,Product 020,Home,Home 1,8,1999.92,1346.46,false
1963,2024-07-27,Store,Store 036,North,Germany,Product 119,Clothing,Clothing 4,10,4409.90,2892.20,false
1964,2023-07-03,Store,Store 012,South,Germany,Product 090,Sports,Sports 3,3,1079.97,666.80,false
1965,2024-10-11,Store,Store 009,West,Italy,Product 073,Electronics,Electronics 2,10,2269.90,1194.24,false
1966,2023-12-03,Store,Store 033,East,Italy,Product 053,Clothing,Clothing 2,7,3352.93,2188.76,false
1967,2025-08-20,Store,Store 024,West,Germany,Product 008,Home,Home 1,5,1509.95,784.59,false
1968,2025-02-23,Store,Store 013,East,France,Product 120,Sports,Sports 1,6,2867.94,2124.01,false
1969,2025-08-21,Store,Store 003,East,Italy,Product 103,Electronics,Electronics 4,7,2414.93,1734.72,false
1970,2025-02-14,Store,Store 003,East,Italy,Product 019,Electronics,Electronics 4,4,851.96,640.57,false
1971,2023-05-21,Store,Store 032,South,Spain,Product 067,Electronics,Electronics 4,6,3005.94,2127.13,false
1972,2024-08-05,Online,Store 011,North,United Kingdom,Product 052,Toys,Toys 1,8,3535.92,2439.35,false
1973,2023-04-27,Online,Store 013,East,France,Product 077,Clothing,Clothing 2,1,374.99,251.15,false
1974,2024-02-05,Store,Store 030,Central,Germany,Product 094,Toys,Toys 3,3,35.97,19.81,false
1975,2023-02-04,Store,Store 036,North,Germany,Product 001,Electronics,Electronics 2,9,386.91,271.62,false
1976,2025-12-17,Store,Store 034,West,Netherlands,Product 004,Toys,Toys 1,4,615.96,408.20,false
1977,2023-05-09,Store,Store 016,North,Netherlands,Product 078,Sports,Sports 3,6,2471.94,1673.86,false
1978,2024-08-21,Store,Store 012,South,Germany,Product 015,Garden,Garden 4,6,389.94,249.32,false
1979,2023-02-27,Online,Store 005,Central,United Kingdom,Product 013,Electronics,Electronics 2,10,4869.90,3116.57,false
1980,2024-04-18,Store,Store 029,West,United Kingdom,Product 102,Sports,Sports 3,9,2771.91,1827.93,true
1981,2025-09-13,Online,Store 010,Central,Netherlands,Product 029,Clothing,Clothing 2,1,86.99,44.82,false
1982,2023-04-25,Online,Store 036,North,Germany,Product 071,Clothing,Clothing 4,5,764.95,593.61,false
1983,2024-12-05,Online,Store 022,South,Netherlands,Product 035,Clothing,Clothing 4,2,617.98,428.98,false
1984,2025-03-18,Store,Store 010,Central,Netherlands,Product 007,Electronics,Electronics 4,6,1589.94,994.92,false
1985,2023-07-28,Store,Store 003,East,Italy,Product 008,Home,Home 1,1,301.99,163.25,false
1986,2023-10-25,Store,Store 036,North,Germany,Product 084,Sports,Sports 1,10,1379.90,1062.75,false
1987,2024-07-18,Store,Store 008,East,Spain,Product 086,Home,Home 3,7,1483.93,879.31,false
1988,2024-05-24,Online,Store 013,East,France,Product 049,Electronics,Electronics 2,8,2647.92,1947.61,false
1989,2025-09-28,Store,Store 038,East,Spain,Product 076,Toys,Toys 1,4,1351.96,826.17,false
1990,2023-03-15,Store,Store 003,East,Italy,Product 026,Home,Home 3,5,2359.95,1850.50,false
1991,2025-01-13,Store,Store 037,South,France,Product 011,Clothing,Clothing 4,5,2064.95,1514.51,false
1992,2025-01-10,Store,Store 023,East,United Kingdom,Product 023,Clothing,Clothing 4,1,360.99,205.82,false
1993,2025-05-14,Store,Store 034,West,Netherlands,Product 035,Clothing,Clothing 4,8,2471.92,1330.57,false
1994,2025-05-23,Store,Store 011,North,United Kingdom,Product 110,Home,Home 3,5,539.95,289.91,false
1995,2023-08-15,Store,Store 011,North,United Kingdom,Product 001,Electronics,Electronics 2,4,171.96,96.44,false
1996,2025-05-19,Store,Store 026,North,Spain,Product 047,Clothing,Clothing 4,8,2055.92,1054.70,false
1997,2023-05-03,Online,Store 040,Central,Netherlands,Product 055,Electronics,Electronics 4,8,455.92,293.46,false
1998,2023-08-15,Store,Store 035,Central,United Kingdom,Product 040,Toys,Toys 1,9,4445.91,3015.70,false
1999,2025-05-31,Store,Store 029,West,United Kingdom,Product 058,Toys,Toys 3,2,335.98,262.21,false
2000,2025-12-26,Store,Store 001,North,France,Product 027,Garden,Garden 4,3,38.97,29.34,false
2001,2023-06-11,Store,Store 028,East,Netherlands,Product 047,Clothing,Clothing 4,5,1284.95,702.64,false
2002,2023-02-12,Store,Store 006,North,Germany,Product 042,Sports,Sports 3,9,647.91,356.37,false
2003,2024-04-11,Online,Store 027,South,Italy,Product 093,Garden,Garden 2,2,941.98,518.39,false
2004,2024-07-30,Online,Store 024,West,Germany,Product 004,Toys,Toys 1,10,1539.90,1106.68,false
2005,2025-01-04,Online,Store 001,North,France,Product 082,Toys,Toys 3,4,255.96,148.73,false
2006,2025-03-20,Online,Store 039,West,Italy,Product 045,Garden,Garden 2,2,365.98,202.35,false
2007,2023-05-25,Store,Store 007,South,France,Product 120,Sports,Sports 1,6,2867.94,1565.90,false
2008,2024-11-03,Store,Store 022,South,Netherlands,Product 007,Electronics,Electronics 4,2,529.98,331.94,false
2009,2025-12-06,Store,Store 021,North,Italy,Product 072,Sports,Sports 1,2,379.98,229.81,false
2010,2023-02-18,Store,Store 025,Central,France,Product 094,Toys,Toys 3,4,47.96,26.57,false
2011,2023-07-26,Store,Store 038,East,Spain,Product 068,Home,Home 1,5,209.95,120.24,false
2012,2024-05-19,Store,Store 014,West,Spain,Product 109,Electronics,Electronics 2,9,638.91,472.27,false
2013,2024-11-12,Online,Store 011,North,United Kingdom,Product 060,Sports,Sports 1,6,1451.94,963.90,false
2014,2024-09-16,Store,Store 021,North,Italy,Product 086,Home,Home 3,8,1695.92,1121.02,false
2015,2024-09-11,Store,Store 029,West,United Kingdom,Product 043,Electronics,Electronics 4,10,1089.90,860.71,false
2016,2024-11-19,Store,Store 030,Central,Germany,Product 083,Clothing,Clothing 4,3,302.97,164.80,false
2017,2023-07-17,Online,Store 003,East,Italy,Product 021,Garden,Garden 2,4,1147.96,752.20,false
2018,2023-04-18,Online,Store 039,West,Italy,Product 055,Electronics,Electronics 4,4,227.96,160.30,false
2019,2025-08-13,Store,Store 011,North,United Kingdom,Product 101,Clothing,Clothing 2,10,2709.90,2158.47,false
2020,2025-09-24,Store,Store 039,West,Italy,Product 034,Toys,Toys 3,4,1087.96,692.55,false
2021,2024-11-21,Store,Store 009,West,Italy,Product 043,Electronics,Electronics 4,4,435.96,249.84,false
2022,2023-03-03,Store,Store 029,West,United Kingdom,Product 102,Sports,Sports 3,7,2155.93,1470.04,false
2023,2025-07-23,Online,Store 038,East,Spain,Product 108,Sports,Sports 1,5,169.95,133.23,false
2024,2025-11-17,Store,Store 039,West,Italy,Product 055,Electronics,Electronics 4,1,56.99,41.97,false
2025,2025-03-13,Online,Store 016,North,Netherlands,Product 044,Home,Home 1,6,875.94,488.83,false
2026,2024-01-22,Store,Store 028,East,Netherlands,Product 115,Electronics,Electronics 4,8,2343.92,1203.48,false
2027,2024-08-19,Online,Store 024,West,Germany,Product 064,Toys,Toys 1,5,1949.95,1328.53,false
2028,2024-10-04,Store,Store 005,Central,United Kingdom,Product 019,Electronics,Electronics 4,9,1916.91,1511.32,false
2029,2025-03-19,Online,Store 028,East,Netherlands,Product 072,Sports,Sports 1,1,189.99,151.22,false
2030,2025-10-11,Online,Store 025,Central,France,Product 071,Clothing,Clothing 4,4,611.96,360.05,false
2031,2025-05-14,Online,Store 035,Central,United Kingdom,Product 116,Home,Home 1,4,1319.96,1018.88,false
2032,2023-11-03,Store,Store 040,Central,Netherlands,Product 093,Garden,Garden 2,4,1883.96,1303.99,false
2033,2025-12-18,Online,Store 035,Central,United Kingdom,Product 114,Sports,Sports 3,4,1023.96,619.22,false
2034,2023-07-27,Store,Store 033,East,Italy,Product 099,Garden,Garden 4,4,787.96,442.98,false
2035,2023-11-05,Store,Store 003,East,Italy,Product 037,Electronics,Electronics 2,7,2680.93,1567.23,false
2036,2024-05-16,Online,Store 018,East,Germany,Product 069,Garden,Garden 2,6,473.94,329.00,false
2037,2025-08-01,Store,Store 022,South,Netherlands,Product 062,Home,Home 3,4,1263.96,908.56,false
2038,2023-08-19,Store,Store 002,South,Spain,Product 040,Toys,Toys 1,4,1975.96,1059.29,false
2039,2025-07-15,Online,Store 012,South,Germany,Product 120,Sports,Sports 1,4,1911.96,1132.37,false
2040,2025-12-10,Online,Store 016,North,Netherlands,Product 086,Home,Home 3,3,635.97,328.87,false
2041,2023-11-05,Online,Store 022,South,Netherlands,Product 046,Toys,Toys 3,4,879.96,654.99,false
2042,2025-12-18,Online,Store 039,West,Italy,Product 111,Garden,Garden 4,3,434.97,271.09,false
2043,2024-02-02,Store,Store 024,West,Germany,Product 050,Home,Home 3,9,3311.91,1844.35,false
2044,2025-03-27,Store,Store 009,West,Italy,Product 099,Garden,Garden 4,4,787.96,469.92,false
2045,2024-03-13,Store,Store 039,West,Italy,Product 097,Electronics,Electronics 2,4,491.96,276.37,false
2046,2023-11-22,Store,Store 019,West,France,Product 073,Electronics,Electronics 2,8,1815.92,1169.57,false
2047,2023-06-04,Store,Store 040,Central,Netherlands,Product 041,Clothing,Clothing 2,4,139.96,99.04,false
2048,2024-12-28,Online,Store 031,North,France,Product 104,Home,Home 1,4,1527.96,873.30,false
2049,2024-05-24,Store,Store 013,East,France,Product 073,Electronics,Electronics 2,8,1815.92,1381.58,false
2050,2023-11-05,Store,Store 009,West,Italy,Product 093,Garden,Garden 2,9,4238.91,2630.37,false
2051,2025-04-02,Online,Store 034,West,Netherlands,Product 060,Sports,Sports 1,5,1209.95,684.11,false
2052,2024-12-04,Store,Store 004,West,Netherlands,Product 102,Sports,Sports 3,9,2771.91,1590.06,false
2053,2024-12-05,Online,Store 004,West,Netherlands,Product 103,Electronics,Electronics 4,2,689.98,408.35,false
2054,2023-08-28,Store,Store 010,Central,Netherlands,Product 083,Clothing,Clothing 4,8,807.92,563.20,false
2055,2024-04-23,Online,Store 028,East,Netherlands,Product 096,Sports,Sports 1,3,257.97,155.87,false
2056,2024-04-18,Store,Store 026,North,Spain,Product 040,Toys,Toys 1,7,3457.93,2630.02,false
2057,2023-12-06,Store,Store 011,North,United Kingdom,Product 086,Home,Home 3,9,1907.91,1482.80,false
2058,2024-10-28,Online,Store 022,South,Netherlands,Product 106,Toys,Toys 3,4,1823.96,1454.89,false
2059,2023-11-25,Online,Store 011,North,United Kingdom,Product 102,Sports,Sports 3,1,307.99,242.09,false
2060,2024-06-28,Store,Store 017,South,United Kingdom,Product 052,Toys,Toys 1,8,3535.92,2555.00,false
2061,2025-06-16,Online,Store 025,Central,France,Product 035,Clothing,Clothing 4,4,1235.96,793.14,false
2062,2023-04-30,Store,Store 022,South,Netherlands,Product 090,Sports,Sports 3,8,2879.92,1598.91,false
2063,2024-09-10,Online,Store 021,North,Italy,Product 050,Home,Home 3,4,1471.96,1042.86,false
2064,2025-06-03,Store,Store 022,South,Netherlands,Product 096,Sports,Sports 1,6,515.94,352.04,false
2065,2024-12-22,Store,Store 032,South,Spain,Product 120,Sports,Sports 1,6,2867.94,2134.64,false
2066,2024-05-10,Online,Store 027,South,Italy,Product 064,Toys,Toys 1,3,1169.97,694.97,false
2067,2024-05-19,Store,Store 018,East,Germany,Product 011,Clothing,Clothing 4,9,3716.91,2133.18,false
2068,2023-09-09,Online,Store 012,South,Germany,Product 076,Toys,Toys 1,7,2365.93,1834.31,false
2069,2024-11-23,Store,Store 008,East,Spain,Product 004,Toys,Toys 1,6,923.94,593.46,false
2070,2024-10-11,Store,Store 040,Central,Netherlands,Product 080,Home,Home 1,8,3887.92,2144.65,false
2071,2024-11-30,Online,Store 030,Central,Germany,Product 095,Clothing,Clothing 4,1,48.99,34.45,false
2072,2025-06-30,Online,Store 013,East,France,Product 094,Toys,Toys 3,10,119.90,76.92,false
2073,2025-01-25,Store,Store 001,North,France,Product 111,Garden,Garden 4,8,1159.92,813.00,false
2074,2023-06-26,Online,Store 029,West,United Kingdom,Product 043,Electronics,Electronics 4,3,326.97,179.09,false
2075,2025-12-14,Online,Store 011,North,United Kingdom,Product 012,Sports,Sports 1,9,4049.91,2862.38,false
2076,2024-06-16,Store,Store 027,South,Italy,Product 110,Home,Home 3,10,1079.90,706.39,false
2077,2025-01-25,Store,Store 022,South,Netherlands,Product 067,Electronics,Electronics 4,2,1001.98,654.52,false
2078,2025-01-21,Online,Store 028,East,Netherlands,Product 005,Clothing,Clothing 2,3,572.97,319.67,false
2079,2025-04-29,Online,Store 011,North,United Kingdom,Product 036,Sports,Sports 1,6,2075.94,1047.82,false
2080,2025-11-14,Store,Store 001,North,France,Product 074,Home,Home 3,8,2111.92,1533.44,false
2081,2024-01-09,Store,Store 022,South,Netherlands,Product 031,Electronics,Electronics 4,3,482.97,334.87,false
2082,2023-09-21,Store,Store 039,West,Italy,Product 086,Home,Home 3,4,847.96,668.90,false
2083,2023-10-28,Online,Store 031,North,France,Product 063,Garden,Garden 4,3,1058.97,529.67,false
2084,2023-08-28,Online,Store 029,West,United Kingdom,Product 024,Sports,Sports 1,9,3581.91,2459.18,false
2085,2023-07-07,Online,Store 040,Central,Netherlands,Product 027,Garden,Garden 4,4,51.96,39.00,false
2086,2023-03-24,Store,Store 010,Central,Netherlands,Product 056,Home,Home 1,3,281.97,162.37,false
2087,2024-11-22,Store,Store 012,South,Germany,Product 029,Clothing,Clothing 2,5,434.95,302.90,false
2088,2024-06-04,Online,Store 018,East,Germany,Product 071,Clothing,Clothing 4,9,1376.91,756.22,false
2089,2025-12-02,Store,Store 023,East,United Kingdom,Product 012,Sports,Sports 1,10,4499.90,2939.94,false
2090,2025-09-25,Store,Store 027,South,Italy,Product 052,Toys,Toys 1,3,1325.97,984.21,false
2091,2025-10-07,Online,Store 018,East,Germany,Product 058,Toys,Toys 3,5,839.95,648.49,false
2092,2025-09-10,Store,Store 033,East,Italy,Product 109,Electronics,Electronics 2,3,212.97,114.45,false
2093,2025-01-30,Store,Store 010,Central,Netherlands,Product 085,Electronics,Electronics 2,8,1399.92,808.46,false
2094,2024-05-31,Store,Store 023,East,United Kingdom,Product 054,Sports,Sports 3,5,99.95,56.52,false
2095,2025-12-23,Store,Store 019,West,France,Product 095,Clothing,Clothing 4,3,146.97,80.22,false
2096,2025-01-06,Online,Store 032,South,Spain,Product 057,Garden,Garden 2,7,916.93,661.39,false
2097,2024-10-06,Online,Store 001,North,France,Product 004,Toys,Toys 1,6,923.94,677.08,false
2098,2023-04-20,Store,Store 028,East,Netherlands,Product 093,Garden,Garden 2,7,3296.93,2213.70,false
2099,2025-05-19,Store,Store 006,North,Germany,Product 063,Garden,Garden 4,2,705.98,420.42,false
2100,2025-08-09,Online,Store 030,Central,Germany,Product 060,Sports,Sports 1,5,1209.95,793.78,false
2101,2023-04-13,Store,Store 022,South,Netherlands,Product 056,Home,Home 1,10,939.90,513.47,false
2102,2024-11-08,Store,Store 038,East,Spain,Product 003,Garden,Garden 4,2,233.98,138.61,false
2103,2024-01-23,Online,Store 013,East,France,Product 107,Clothing,Clothing 4,4,1971.96,1336.30,false
2104,2023-08-12,Online,Store 017,South,United Kingdom,Product 059,Clothing,Clothing 4,6,1229.94,702.01,false
2105,2025-03-08,Online,Store 008,East,Spain,Product 113,Clothing,Clothing 2,8,1751.92,1388.39,false
2106,2025-02-19,Store,Store 029,West,United Kingdom,Product 120,Sports,Sports 1,2,955.98,616.45,false
2107,2023-04-15,Online,Store 035,Central,United Kingdom,Product 023,Clothing,Clothing 4,10,3609.90,2261.14,false
2108,2024-07-25,Online,Store 014,West,Spain,Product 036,Sports,Sports 1,5,1729.95,1361.72,false
2109,2024-12-23,Online,Store 006,North,Germany,Product 059,Clothing,Clothing 4,1,204.99,146.21,false
2110,2025-05-02,Store,Store 009,West,Italy,Product 109,Electronics,Electronics 2,2,141.98,103.41,false
2111,2024-04-23,Online,Store 004,West,Netherlands,Product 099,Garden,Garden 4,6,1181.94,641.93,false
2112,2023-04-21,Store,Store 004,West,Netherlands,Product 054,Sports,Sports 3,1,19.99,14.60,false
2113,2024-11-07,Online,Store 013,East,France,Product 030,Sports,Sports 3,2,247.98,187.29,false
2114,2025-07-04,Store,Store 029,West,United Kingdom,Product 035,Clothing,Clothing 4,10,3089.90,2412.20,false
2115,2025-05-26,Store,Store 012,South,Germany,Product 037,Electronics,Electronics 2,10,3829.90,2439.56,false
2116,2023-11-17,Online,Store 015,Central,Italy,Product 096,Sports,Sports 1,5,429.95,286.43,false
2117,2025-10-26,Store,Store 033,East,Italy,Product 021,Garden,Garden 2,7,2008.93,1181.30,false
2118,2025-04-22,Store,Store 036,North,Germany,Product 092,Home,Home 1,10,4339.90,2316.42,false
2119,2023-05-20,Store,Store 001,North,France,Product 036,Sports,Sports 1,10,3459.90,1876.91,false
2120,2025-02-14,Online,Store 013,East,France,Product 022,Toys,Toys 3,7,2267.93,1305.05,false
2121,2024-07-05,Store,Store 029,West,United Kingdom,Product 015,Garden,Garden 4,2,129.98,99.94,false
2122,2025-11-22,Online,Store 001,North,France,Product 026,Home,Home 3,9,4247.91,2532.40,false
2123,2023-05-30,Online,Store 010,Central,Netherlands,Product 076,Toys,Toys 1,5,1689.95,1323.00,false
2124,2024-11-11,Store,Store 025,Central,France,Product 082,Toys,Toys 3,4,255.96,160.80,false
2125,2025-01-20,Store,Store 010,Central,Netherlands,Product 061,Electronics,Electronics 2,9,2510.91,1954.86,false
2126,2023-06-21,Store,Store 040,Central,Netherlands,Product 090,Sports,Sports 3,7,2519.93,1586.01,false
2127,2023-11-03,Online,Store 017,South,United Kingdom,Product 006,Sports,Sports 3,9,2051.91,1525.02,false
2128,2025-10-23,Store,Store 003,East,Italy,Product 070,Toys,Toys 3,3,347.97,241.51,false
2129,2025-03-16,Store,Store 001,North,France,Product 043,Electronics,Electronics 4,3,326.97,166.64,false
2130,2023-02-04,Online,Store 035,Central,United Kingdom,Product 043,Electronics,Electronics 4,2,217.98,144.40,false
2131,2024-09-03,Online,Store 021,North,Italy,Product 108,Sports,Sports 1,2,67.98,44.81,false
2132,2023-03-01,Online,Store 011,North,United Kingdom,Product 002,Home,Home 3,9,719.91,514.87,false
2133,2023-09-25,Store,Store 032,South,Spain,Product 075,Garden,Garden 4,7,2106.93,1406.81,false
2134,2023-11-18,Online,Store 012,South,Germany,Product 105,Garden,Garden 2,5,2094.95,1668.08,false
2135,2023-05-22,Online,Store 020,Central,Spain,Product 050,Home,Home 3,5,1839.95,1333.59,false
2136,2023-07-02,Online,Store 025,Central,France,Product 116,Home,Home 1,9,2969.91,1766.50,false
2137,2024-06-12,Store,Store 038,East,Spain,Product 021,Garden,Garden 2,7,2008.93,1050.88,false
2138,2024-01-30,Store,Store 004,West,Netherlands,Product 055,Electronics,Electronics 4,6,341.94,175.97,false
2139,2023-05-06,Online,Store 010,Central,Netherlands,Product 103,Electronics,Electronics 4,7,2414.93,1820.19,false
2140,2024-12-17,Online,Store 003,East,Italy,Product 105,Garden,Garden 2,9,3770.91,2990.44,false
2141,2023-02-11,Store,Store 003,East,Italy,Product 057,Garden,Garden 2,8,1047.92,615.73,false
2142,2025-05-07,Store,Store 020,Central,Spain,Product 005,Clothing,Clothing 2,7,1336.93,920.51,false
2143,2023-07-02,Online,Store 007,South,France,Product 102,Sports,Sports 3,5,1539.95,840.96,false
2144,2025-11-05,Store,Store 031,North,France,Product 099,Garden,Garden 4,9,1772.91,913.32,false
2145,2023-07-30,Store,Store 001,North,France,Product 117,Garden,Garden 2,5,1834.95,1113.58,false
2146,2025-06-24,Online,Store 035,Central,United Kingdom,Product 116,Home,Home 1,2,659.98,513.55,false
2147,2024-01-05,Store,Store 034,West,Netherlands,Product 005,Clothing,Clothing 2,8,1527.92,929.82,false
2148,2024-04-06,Store,Store 023,East,United Kingdom,Product 068,Home,Home 1,1,41.99,30.48,false
2149,2023-01-07,Online,Store 011,North,United Kingdom,Product 116,Home,Home 1,8,2639.92,1441.34,false
2150,2025-09-12,Store,Store 019,West,France,Product 078,Sports,Sports 3,10,4119.90,2816.07,false
2151,2025-10-24,Online,Store 012,South,Germany,Product 065,Clothing,Clothing 2,3,1280.97,868.35,false
2152,2025-12-11,Store,Store 037,South,France,Product 017,Clothing,Clothing 2,3,416.97,259.65,false
2153,2024-06-25,Store,Store 032,South,Spain,Product 114,Sports,Sports 3,4,1023.96,661.89,false
2154,2023-11-10,Online,Store 034,West,Netherlands,Product 076,Toys,Toys 1,10,3379.90,2376.73,false
2155,2023-01-17,Store,Store 007,South,France,Product 084,Sports,Sports 1,8,1103.92,618.36,false
2156,2023-02-12,Store,Store 031,North,France,Product 050,Home,Home 3,1,367.99,213.06,false
2157,2025-06-13,Online,Store 001,North,France,Product 058,Toys,Toys 3,10,1679.90,1015.59,false
2158,2025-06-18,Store,Store 020,Central,Spain,Product 098,Home,Home 3,3,479.97,319.35,false
2159,2025-01-11,Store,Store 012,South,Germany,Product 106,Toys,Toys 3,7,3191.93,1816.69,false
2160,2023-01-22,Store,Store 004,West,Netherlands,Product 040,Toys,Toys 1,10,4939.90,3723.22,false
2161,2025-04-21,Online,Store 035,Central,United Kingdom,Product 053,Clothing,Clothing 2,2,957.98,669.37,false
2162,2024-05-15,Store,Store 001,North,France,Product 090,Sports,Sports 3,6,2159.94,1352.57,false
2163,2023-06-27,Store,Store 040,Central,Netherlands,Product 054,Sports,Sports 3,9,179.91,98.54,false
2164,2025-12-19,Store,Store 032,South,Spain,Product 075,Garden,Garden 4,3,902.97,634.00,true
2165,2025-09-05,Store,Store 012,South,Germany,Product 090,Sports,Sports 3,5,1799.95,1248.45,false
2166,2024-02-04,Store,Store 026,North,Spain,Product 016,Toys,Toys 1,8,815.92,626.87,false
2167,2025-12-13,Online,Store 001,North,France,Product 071,Clothing,Clothing 4,1,152.99,82.79,false
2168,2025-03-29,Store,Store 040,Central,Netherlands,Product 011,Clothing,Clothing 4,1,412.99,293.19,false
2169,2025-04-03,Online,Store 024,West,Germany,Product 119,Clothing,Clothing 4,2,881.98,559.83,false
2170,2023-04-09,Store,Store 029,West,United Kingdom,Product 111,Garden,Garden 4,10,1449.90,1062.03,false
2171,2025-03-16,Online,Store 029,West,United Kingdom,Product 014,Home,Home 3,4,111.96,69.18,false
2172,2025-04-04,Store,Store 037,South,France,Product 115,Electronics,Electronics 4,4,1171.96,804.42,false
2173,2025-07-27,Store,Store 020,Central,Spain,Product 036,Sports,Sports 1,6,2075.94,1092.42,false
2174,2023-05-22,Store,Store 013,East,France,Product 002,Home,Home 3,1,79.99,57.30,false
2175,2023-11-03,Store,Store 031,North,France,Product 034,Toys,Toys 3,9,2447.91,1238.10,false
2176,2023-10-04,Online,Store 024,West,Germany,Product 056,Home,Home 1,3,281.97,176.71,false
2177,2024-10-22,Store,Store 024,West,Germany,Product 017,Clothing,Clothing 2,3,416.97,267.46,false
2178,2025-11-19,Store,Store 012,South,Germany,Product 113,Clothing,Clothing 2,3,656.97,342.42,false
2179,2025-11-21,Online,Store 039,West,Italy,Product 116,Home,Home 1,4,1319.96,699.56,false
2180,2023-03-19,Online,Store 011,North,United Kingdom,Product 075,Garden,Garden 4,5,1504.95,975.07,false
2181,2024-12-10,Store,Store 037,South,France,Product 097,Electronics,Electronics 2,1,122.99,90.70,false
2182,2023-10-30,Store,Store 029,West,United Kingdom,Product 102,Sports,Sports 3,1,307.99,218.91,false
2183,2023-12-10,Online,Store 007,South,France,Product 023,Clothing,Clothing 4,5,1804.95,1014.99,false
2184,2024-07-20,Online,Store 012,South,Germany,Product 016,Toys,Toys 1,1,101.99,75.35,false
2185,2023-06-16,Store,Store 019,West,France,Product 078,Sports,Sports 3,8,3295.92,2053.96,false
2186,2025-09-19,Store,Store 007,South,France,Product 002,Home,Home 3,6,479.94,335.66,false
2187,2024-05-29,Store,Store 024,West,Germany,Product 037,Electronics,Electronics 2,4,1531.96,1096.30,false
2188,2023-10-04,Online,Store 039,West,Italy,Product 098,Home,Home 3,7,1119.93,663.15,false
2189,2023-03-01,Online,Store 039,West,Italy,Product 039,Garden,Garden 4,2,913.98,523.45,false
2190,2025-04-19,Online,Store 038,East,Spain,Product 031,Electronics,Electronics 4,8,1287.92,777.83,false
2191,2023-12-12,Store,Store 039,West,Italy,Product 053,Clothing,Clothing 2,6,2873.94,2197.66,false
2192,2023-04-01,Online,Store 036,North,Germany,Product 102,Sports,Sports 3,6,1847.94,989.34,false
2193,2023-03-27,Store,Store 008,East,Spain,Product 119,Clothing,Clothing 4,5,2204.95,1612.23,false
2194,2023-04-07,Store,Store 008,East,Spain,Product 105,Garden,Garden 2,7,2932.93,2012.83,false
2195,2025-04-03,Store,Store 029,West,United Kingdom,Product 075,Garden,Garden 4,4,1203.96,636.17,false
2196,2024-07-24,Store,Store 003,East,Italy,Product 022,Toys,Toys 3,9,2915.91,1928.04,false
2197,2024-09-03,Store,Store 025,Central,France,Product 113,Clothing,Clothing 2,10,2189.90,1597.80,false
2198,2024-02-09,Online,Store 014,West,Spain,Product 106,Toys,Toys 3,9,4103.91,2459.07,false
2199,2024-10-31,Store,Store 020,Central,Spain,Product 099,Garden,Garden 4,4,787.96,585.85,false
2200,2024-12-21,Store,Store 029,West,United Kingdom,Product 090,Sports,Sports 3,7,2519.93,1732.04,false
2201,2025-03-06,Store,Store 014,West,Spain,Product 007,Electronics,Electronics 4,10,2649.90,2054.38,false
2202,2023-03-07,Online,Store 028,East,Netherlands,Product 082,Toys,Toys 3,2,127.98,73.54,false
2203,2025-08-02,Store,Store 009,West,Italy,Product 074,Home,Home 3,1,263.99,177.08,false
2204,2024-03-24,Store,Store 022,South,Netherlands,Product 063,Garden,Garden 4,2,705.98,476.17,false
2205,2023-08-14,Online,Store 013,East,France,Product 103,Electronics,Electronics 4,3,1034.97,672.35,false
2206,2024-06-04,Store,Store 010,Central,Netherlands,Product 064,Toys,Toys 1,1,389.99,228.40,false
2207,2024-12-16,Store,Store 012,South,Germany,Product 060,Sports,Sports 1,6,1451.94,962.79,false
2208,2024-01-08,Store,Store 001,North,France,Product 047,Clothing,Clothing 4,3,770.97,611.96,false
2209,2025-06-28,Online,Store 038,East,Spain,Product 046,Toys,Toys 3,1,219.99,123.95,false
2210,2023-04-13,Store,Store 003,East,Italy,Product 011,Clothing,Clothing 4,9,3716.91,2053.54,false
2211,2025-07-31,Online,Store 028,East,Netherlands,Product 094,Toys,Toys 3,3,35.97,19.91,false
2212,2025-02-03,Store,Store 002,South,Spain,Product 036,Sports,Sports 1,10,3459.90,2498.87,false
2213,2023-11-07,Online,Store 011,North,United Kingdom,Product 055,Electronics,Electronics 4,3,170.97,107.40,false
2214,2023-03-28,Store,Store 007,South,France,Product 041,Clothing,Clothing 2,8,279.92,212.22,false
2215,2024-10-11,Store,Store 014,West,Spain,Product 012,Sports,Sports 1,8,3599.92,2833.87,false
2216,2025-07-03,Store,Store 032,South,Spain,Product 013,Electronics,Electronics 2,2,973.98,628.17,false
2217,2024-04-25,Store,Store 011,North,United Kingdom,Product 063,Garden,Garden 4,1,352.99,228.53,false
2218,2025-08-14,Online,Store 022,South,Netherlands,Product 047,Clothing,Clothing 4,7,1798.93,1034.23,false
2219,2024-04-20,Store,Store 017,South,United Kingdom,Product 019,Electronics,Electronics 4,3,638.97,449.98,false
2220,2023-08-06,Store,Store 033,East,Italy,Product 057,Garden,Garden 2,3,392.97,300.90,false
2221,2024-12-12,Store,Store 008,East,Spain,Product 059,Clothing,Clothing 4,10,2049.90,1064.18,false
2222,2023-10-02,Store,Store 010,Central,Netherlands,Product 059,Clothing,Clothing 4,1,204.99,150.05,false
2223,2024-11-22,Store,Store 032,South,Spain,Product 118,Toys,Toys 3,8,3231.92,1744.99,false
2224,2024-02-09,Online,Store 018,East,Germany,Product 031,Electronics,Electronics 4,3,482.97,245.30,false
2225,2024-01-29,Store,Store 026,North,Spain,Product 112,Toys,Toys 1,8,1455.92,914.12,false
2226,2025-10-24,Store,Store 011,North,United Kingdom,Product 015,Garden,Garden 4,10,649.90,390.87,false
2227,2023-08-05,Store,Store 035,Central,United Kingdom,Product 019,Electronics,Electronics 4,5,1064.95,616.94,false
2228,2024-02-25,Online,Store 003,East,Italy,Product 097,Electronics,Electronics 2,2,245.98,173.74,false
2229,2023-04-16,Store,Store 022,South,Netherlands,Product 080,Home,Home 1,8,3887.92,3059.03,false
2230,2024-10-27,Online,Store 013,East,France,Product 061,Electronics,Electronics 2,6,1673.94,887.18,false
2231,2023-05-19,Online,Store 024,West,Germany,Product 107,Clothing,Clothing 4,3,1478.97,1036.79,false
2232,2024-08-12,Store,Store 018,East,Germany,Product 030,Sports,Sports 3,7,867.93,591.80,false
2233,2024-06-13,Store,Store 017,South,United Kingdom,Product 009,Garden,Garden 2,10,3389.90,2182.40,false
2234,2025-09-04,Store,Store 006,North,Germany,Product 102,Sports,Sports 3,7,2155.93,1434.02,false
2235,2024-12-20,Online,Store 035,Central,United Kingdom,Product 065,Clothing,Clothing 2,9,3842.91,2280.22,false
2236,2025-09-05,Store,Store 017,South,United Kingdom,Product 014,Home,Home 3,10,279.90,172.94,false
2237,2024-11-05,Store,Store 010,Central,Netherlands,Product 118,Toys,Toys 3,6,2423.94,1796.58,false
2238,2025-11-20,Store,Store 017,South,United Kingdom,Product 076,Toys,Toys 1,3,1013.97,712.91,false
2239,2023-01-22,Online,Store 036,North,Germany,Product 051,Garden,Garden 4,2,809.98,471.56,false
2240,2023-02-21,Online,Store 004,West,Netherlands,Product 042,Sports,Sports 3,7,503.93,266.45,false
2241,2023-08-04,Online,Store 025,Central,France,Product 073,Electronics,Electronics 2,10,2269.90,1428.07,false
2242,2025-01-01,Store,Store 014,West,Spain,Product 030,Sports,Sports 3,1,123.99,73.85,false
2243,2025-12-28,Store,Store 034,West,Netherlands,Product 020,Home,Home 1,7,1749.93,1193.56,false
2244,2023-12-17,Store,Store 027,South,Italy,Product 018,Sports,Sports 3,6,1055.94,789.76,false
2245,2025-09-05,Store,Store 005,Central,United Kingdom,Product 002,Home,Home 3,2,159.98,116.96,false
2246,2025-05-11,Online,Store 037,South,France,Product 087,Garden,Garden 4,7,1742.93,1151.83,false
2247,2025-12-31,Online,Store 008,East,Spain,Product 011,Clothing,Clothing 4,2,825.98,508.28,true
2248,2025-11-28,Store,Store 038,East,Spain,Product 089,Clothing,Clothing 2,1,322.99,217.56,false
2249,2025-08-21,Online,Store 008,East,Spain,Product 045,Garden,Garden 2,8,1463.92,848.71,false
2250,2025-12-26,Store,Store 009,West,Italy,Product 002,Home,Home 3,1,79.99,47.17,true
2251,2024-04-26,Online,Store 007,South,France,Product 092,Home,Home 1,1,433.99,331.35,false
2252,2023-05-22,Online,Store 035,Central,United Kingdom,Product 007,Electronics,Electronics 4,10,2649.90,1767.40,false
2253,2024-12-22,Store,Store 006,North,Germany,Product 028,Toys,Toys 1,5,249.95,148.16,false
2254,2023-09-28,Store,Store 035,Central,United Kingdom,Product 050,Home,Home 3,2,735.98,462.61,false
2255,2024-02-25,Store,Store 006,North,Germany,Product 036,Sports,Sports 1,3,1037.97,818.30,false
2256,2023-06-19,Store,Store 014,West,Spain,Product 020,Home,Home 1,8,1999.92,1446.01,false
2257,2024-10-30,Online,Store 029,West,United Kingdom,Product 078,Sports,Sports 3,4,1647.96,1010.82,false
2258,2024-11-13,Online,Store 032,South,Spain,Product 040,Toys,Toys 1,3,1481.97,863.37,true
2259,2024-05-12,Online,Store 027,South,Italy,Product 090,Sports,Sports 3,7,2519.93,1814.16,false
2260,2025-06-11,Store,Store 034,West,Netherlands,Product 109,Electronics,Electronics 2,3,212.97,156.38,false
2261,2025-12-10,Store,Store 034,West,Netherlands,Product 013,Electronics,Electronics 2,1,486.99,257.53,false
2262,2024-10-17,Online,Store 024,West,Germany,Product 081,Garden,Garden 2,3,80.97,49.04,false
2263,2025-03-06,Store,Store 023,East,United Kingdom,Product 111,Garden,Garden 4,7,1014.93,742.81,false
2264,2023-01-02,Online,Store 030,Central,Germany,Product 044,Home,Home 1,7,1021.93,556.03,false
2265,2023-11-22,Online,Store 030,Central,Germany,Product 045,Garden,Garden 2,5,914.95,660.16,false
2266,2025-01-22,Online,Store 020,Central,Spain,Product 078,Sports,Sports 3,10,4119.90,2843.51,false
2267,2024-04-03,Store,Store 033,East,Italy,Product 011,Clothing,Clothing 4,2,825.98,580.23,false
2268,2025-12-24,Store,Store 002,South,Spain,Product 057,Garden,Garden 2,5,654.95,416.35,false
2269,2024-05-02,Online,Store 013,East,France,Product 023,Clothing,Clothing 4,9,3248.91,2374.46,false
2270,2023-10-16,Store,Store 009,West,Italy,Product 048,Sports,Sports 1,2,587.98,401.42,true
2271,2023-04-17,Online,Store 018,East,Germany,Product 016,Toys,Toys 1,9,917.91,650.55,false
2272,2025-07-31,Store,Store 017,South,United Kingdom,Product 120,Sports,Sports 1,2,955.98,534.70,false
2273,2025-01-10,Store,Store 038,East,Spain,Product 086,Home,Home 3,8,1695.92,1324.84,false
2274,2023-06-12,Store,Store 008,East,Spain,Product 035,Clothing,Clothing 4,10,3089.90,1840.90,false
2275,2024-02-01,Online,Store 038,East,Spain,Product 033,Garden,Garden 2,8,1879.92,1320.16,false
2276,2025-08-14,Online,Store 038,East,Spain,Product 034,Toys,Toys 3,3,815.97,568.79,false
2277,2023-08-30,Online,Store 037,South,France,Product 088,Toys,Toys 1,6,1715.94,1203.04,false
2278,2024-03-25,Online,Store 005,Central,United Kingdom,Product 062,Home,Home 3,9,2843.91,2254.52,false
2279,2025-12-29,Store,Store 007,South,France,Product 117,Garden,Garden 2,6,2201.94,1551.41,false
2280,2023-10-20,Store,Store 026,North,Spain,Product 049,Electronics,Electronics 2,8,2647.92,1821.20,false
2281,2023-04-11,Store,Store 037,South,France,Product 029,Clothing,Clothing 2,7,608.93,361.61,false
2282,2025-03-26,Store,Store 021,North,Italy,Product 031,Electronics,Electronics 4,3,482.97,286.87,false
2283,2023-06-27,Store,Store 011,North,United Kingdom,Product 028,Toys,Toys 1,5,249.95,176.86,false
2284,2023-04-16,Store,Store 031,North,France,Product 060,Sports,Sports 1,8,1935.92,1203.57,false
2285,2025-08-10,Store,Store 005,Central,United Kingdom,Product 103,Electronics,Electronics 4,10,3449.90,1979.21,false
2286,2023-02-18,Store,Store 015,Central,Italy,Product 010,Toys,Toys 3,2,751.98,595.98,false
2287,2023-09-16,Online,Store 003,East,Italy,Product 108,Sports,Sports 1,3,101.97,81.17,false
2288,2023-12-19,Store,Store 015,Central,Italy,Product 049,Electronics,Electronics 2,3,992.97,542.72,false
2289,2023-08-15,Online,Store 004,West,Netherlands,Product 016,Toys,Toys 1,4,407.96,206.13,false
2290,2025-09-21,Store,Store 036,North,Germany,Product 097,Electronics,Electronics 2,10,1229.90,809.77,false
2291,2024-12-15,Store,Store 012,South,Germany,Product 099,Garden,Garden 4,6,1181.94,942.58,false
2292,2023-04-28,Store,Store 024,West,Germany,Product 006,Sports,Sports 3,10,2279.90,1417.79,false
2293,2024-04-06,Store,Store 035,Central,United Kingdom,Product 018,Sports,Sports 3,7,1231.93,673.48,false
2294,2024-09-10,Store,Store 024,West,Germany,Product 044,Home,Home 1,10,1459.90,817.04,false
2295,2025-01-04,Store,Store 039,West,Italy,Product 079,Electronics,Electronics 4,6,2693.94,1812.53,false
2296,2024-02-18,Online,Store 023,East,United Kingdom,Product 051,Garden,Garden 4,8,3239.92,2510.39,false
2297,2025-08-13,Online,Store 022,South,Netherlands,Product 023,Clothing,Clothing 4,2,721.98,503.00,false
2298,2024-10-16,Store,Store 007,South,France,Product 065,Clothing,Clothing 2,1,426.99,312.97,false
2299,2024-10-23,Store,Store 030,Central,Germany,Product 022,Toys,Toys 3,4,1295.96,903.43,false
2300,2025-05-28,Online,Store 005,Central,United Kingdom,Product 008,Home,Home 1,7,2113.93,1497.23,false
2301,2025-05-31,Online,Store 038,East,Spain,Product 099,Garden,Garden 4,3,590.97,461.08,false
2302,2024-09-03,Store,Store 025,Central,France,Product 102,Sports,Sports 3,10,3079.90,1989.99,false
2303,2024-10-10,Store,Store 033,East,Italy,Product 104,Home,Home 1,1,381.99,201.73,false
2304,2025-09-17,Store,Store 015,Central,Italy,Product 078,Sports,Sports 3,4,1647.96,1292.44,false
2305,2024-04-21,Online,Store 009,West,Italy,Product 006,Sports,Sports 3,9,2051.91,1557.04,false
2306,2025-08-18,Online,Store 001,North,France,Product 091,Electronics,Electronics 4,5,1984.95,1502.86,false
2307,2023-12-01,Store,Store 024,West,Germany,Product 092,Home,Home 1,8,3471.92,2557.79,false
2308,2025-05-08,Store,Store 001,North,France,Product 022,Toys,Toys 3,10,3239.90,2402.86,false
2309,2024-08-28,Online,Store 023,East,United Kingdom,Product 023,Clothing,Clothing 4,3,1082.97,831.10,false
2310,2023-08-09,Store,Store 020,Central,Spain,Product 100,Toys,Toys 1,10,2339.90,1759.47,false
2311,2024-06-20,Online,Store 022,South,Netherlands,Product 041,Clothing,Clothing 2,7,244.93,124.94,false
2312,2024-11-21,Online,Store 035,Central,United Kingdom,Product 018,Sports,Sports 3,7,1231.93,662.03,false
2313,2025-12-13,Store,Store 039,West,Italy,Product 082,Toys,Toys 3,6,383.94,192.27,false
2314,2023-06-15,Store,Store 025,Central,France,Product 011,Clothing,Clothing 4,9,3716.91,2292.40,false
2315,2024-07-23,Store,Store 020,Central,Spain,Product 074,Home,Home 3,8,2111.92,1341.11,false
2316,2023-06-16,Store,Store 024,West,Germany,Product 100,Toys,Toys 1,1,233.99,122.78,false
2317,2023-03-07,Online,Store 006,North,Germany,Product 114,Sports,Sports 3,1,255.99,155.58,false
2318,2024-08-12,Store,Store 037,South,France,Product 003,Garden,Garden 4,9,1052.91,811.96,false
2319,2025-12-25,Store,Store 014,West,Spain,Product 040,Toys,Toys 1,2,987.98,656.18,false
2320,2025-06-18,Online,Store 002,South,Spain,Product 107,Clothing,Clothing 4,7,3450.93,2218.19,false
2321,2024-12-25,Store,Store 009,West,Italy,Product 099,Garden,Garden 4,3,590.97,370.58,false
2322,2025-02-02,Store,Store 004,West,Netherlands,Product 089,Clothing,Clothing 2,7,2260.93,1422.87,false
2323,2024-10-25,Store,Store 039,West,Italy,Product 111,Garden,Garden 4,2,289.98,195.88,false
2324,2024-08-11,Store,Store 009,West,Italy,Product 096,Sports,Sports 1,3,257.97,182.67,false
2325,2023-06-07,Online,Store 038,East,Spain,Product 059,Clothing,Clothing 4,6,1229.94,644.99,false
2326,2023-12-31,Store,Store 016,North,Netherlands,Product 112,Toys,Toys 1,9,1637.91,949.81,false
2327,2024-03-12,Store,Store 033,East,Italy,Product 014,Home,Home 3,4,111.96,59.65,false
2328,2023-05-25,Online,Store 004,West,Netherlands,Product 094,Toys,Toys 3,10,119.90,66.62,false
2329,2024-08-28,Online,Store 015,Central,Italy,Product 095,Clothing,Clothing 4,8,391.92,237.02,false
2330,2025-07-19,Store,Store 031,North,France,Product 016,Toys,Toys 1,3,305.97,163.93,false
2331,2025-10-12,Store,Store 038,East,Spain,Product 051,Garden,Garden 4,10,4049.90,2149.09,false
2332,2024-12-27,Online,Store 032,South,Spain,Product 079,Electronics,Electronics 4,9,4040.91,3226.45,false
2333,2024-11-17,Store,Store 004,West,Netherlands,Product 036,Sports,Sports 1,10,3459.90,1944.36,false
2334,2024-08-18,Online,Store 040,Central,Netherlands,Product 036,Sports,Sports 1,6,2075.94,1139.59,false
2335,2023-01-22,Online,Store 036,North,Germany,Product 074,Home,Home 3,9,2375.91,1312.79,false
2336,2023-09-12,Online,Store 021,North,Italy,Product 084,Sports,Sports 1,8,1103.92,729.10,false
2337,2025-08-07,Online,Store 039,West,Italy,Product 090,Sports,Sports 3,10,3599.90,2528.48,true
2338,2023-10-06,Store,Store 028,East,Netherlands,Product 101,Clothing,Clothing 2,7,1896.93,1279.34,false
2339,2023-07-16,Store,Store 006,North,Germany,Product 074,Home,Home 3,6,1583.94,925.89,false
2340,2023-05-07,Store,Store 032,South,Spain,Product 085,Electronics,Electronics 2,1,174.99,110.13,true
2341,2024-06-20,Online,Store 016,North,Netherlands,Product 057,Garden,Garden 2,7,916.93,633.38,false
2342,2025-12-05,Store,Store 018,East,Germany,Product 065,Clothing,Clothing 2,7,2988.93,2146.10,false
2343,2025-02-18,Online,Store 005,Central,United Kingdom,Product 048,Sports,Sports 1,6,1763.94,920.47,false
2344,2024-12-11,Store,Store 031,North,France,Product 120,Sports,Sports 1,8,3823.92,2186.95,false
2345,2023-06-02,Store,Store 006,North,Germany,Product 077,Clothing,Clothing 2,6,2249.94,1252.46,false
2346,2025-07-06,Store,Store 010,Central,Netherlands,Product 090,Sports,Sports 3,5,1799.95,1263.90,false
2347,2025-02-08,Store,Store 030,Central,Germany,Product 044,Home,Home 1,3,437.97,249.14,false
2348,2023-12-05,Online,Store 031,North,France,Product 074,Home,Home 3,9,2375.91,1348.07,false
2349,2025-11-10,Online,Store 038,East,Spain,Product 065,Clothing,Clothing 2,3,1280.97,811.11,false
2350,2025-09-07,Store,Store 011,North,United Kingdom,Product 105,Garden,Garden 2,9,3770.91,2189.60,false
2351,2023-02-02,Online,Store 021,North,Italy,Product 102,Sports,Sports 3,9,2771.91,2097.84,false
2352,2024-08-05,Store,Store 003,East,Italy,Product 098,Home,Home 3,7,1119.93,881.67,false
2353,2024-03-12,Online,Store 034,West,Netherlands,Product 032,Home,Home 1,4,791.96,601.29,false
2354,2023-12-13,Online,Store 016,North,Netherlands,Product 035,Clothing,Clothing 4,8,2471.92,1787.57,true
2355,2025-02-06,Store,Store 010,Central,Netherlands,Product 111,Garden,Garden 4,2,289.98,194.60,false
2356,2023-10-18,Store,Store 004,West,Netherlands,Product 023,Clothing,Clothing 4,1,360.99,192.04,false
2357,2023-06-03,Store,Store 005,Central,United Kingdom,Product 034,Toys,Toys 3,9,2447.91,1785.20,false
2358,2025-04-17,Online,Store 024,West,Germany,Product 072,Sports,Sports 1,8,1519.92,1053.54,false
2359,2024-04-15,Store,Store 036,North,Germany,Product 086,Home,Home 3,3,635.97,424.24,false
2360,2024-05-11,Store,Store 030,Central,Germany,Product 041,Clothing,Clothing 2,9,314.91,191.82,false
2361,2025-01-23,Store,Store 011,North,United Kingdom,Product 062,Home,Home 3,10,3159.90,2149.58,false
2362,2025-02-17,Store,Store 031,North,France,Product 039,Garden,Garden 4,7,3198.93,2486.13,false
2363,2025-10-31,Store,Store 019,West,France,Product 028,Toys,Toys 1,7,349.93,243.65,false
2364,2025-08-30,Online,Store 023,East,United Kingdom,Product 042,Sports,Sports 3,1,71.99,47.41,false
2365,2024-02-25,Store,Store 021,North,Italy,Product 056,Home,Home 1,3,281.97,193.53,false
2366,2023-09-13,Store,Store 005,Central,United Kingdom,Product 063,Garden,Garden 4,1,352.99,259.88,false
2367,2024-09-22,Online,Store 031,North,France,Product 073,Electronics,Electronics 2,5,1134.95,769.83,false
2368,2024-12-29,Store,Store 026,North,Spain,Product 074,Home,Home 3,10,2639.90,1410.50,false
2369,2024-07-31,Online,Store 029,West,United Kingdom,Product 056,Home,Home 1,8,751.92,590.98,false
2370,2024-01-25,Store,Store 033,East,Italy,Product 035,Clothing,Clothing 4,6,1853.94,1105.41,false
2371,2024-12-23,Online,Store 007,South,France,Product 036,Sports,Sports 1,9,3113.91,1565.70,false
2372,2025-04-13,Online,Store 021,North,Italy,Product 068,Home,Home 1,9,377.91,188.96,false
2373,2024-07-04,Online,Store 033,East,Italy,Product 054,Sports,Sports 3,5,99.95,70.46,false
2374,2023-06-13,Store,Store 026,North,Spain,Product 033,Garden,Garden 2,9,2114.91,1680.33,false
2375,2025-12-16,Online,Store 005,Central,United Kingdom,Product 019,Electronics,Electronics 4,7,1490.93,880.87,false
2376,2025-01-25,Store,Store 024,West,Germany,Product 094,Toys,Toys 3,9,107.91,62.88,false
2377,2023-04-01,Store,Store 030,Central,Germany,Product 090,Sports,Sports 3,9,3239.91,2323.65,false
2378,2024-02-20,Store,Store 014,West,Spain,Product 114,Sports,Sports 3,10,2559.90,1731.94,false
2379,2024-01-19,Online,Store 009,West,Italy,Product 062,Home,Home 3,10,3159.90,1847.83,false
2380,2023-05-05,Online,Store 020,Central,Spain,Product 092,Home,Home 1,2,867.98,501.51,false
2381,2023-03-11,Online,Store 015,Central,Italy,Product 028,Toys,Toys 1,2,99.98,64.94,false
2382,2024-11-19,Store,Store 007,South,France,Product 071,Clothing,Clothing 4,1,152.99,118.30,false
2383,2023-02-16,Store,Store 014,West,Spain,Product 014,Home,Home 3,6,167.94,89.56,false
2384,2023-03-22,Store,Store 006,North,Germany,Product 092,Home,Home 1,2,867.98,642.75,false
2385,2023-10-25,Store,Store 017,South,United Kingdom,Product 108,Sports,Sports 1,5,169.95,95.27,false
2386,2025-09-10,Store,Store 015,Central,Italy,Product 114,Sports,Sports 3,8,2047.92,1169.61,false
2387,2023-10-21,Store,Store 032,South,Spain,Product 107,Clothing,Clothing 4,8,3943.92,2089.29,false
2388,2024-12-09,Store,Store 022,South,Netherlands,Product 071,Clothing,Clothing 4,6,917.94,711.58,false
2389,2024-04-18,Store,Store 035,Central,United Kingdom,Product 052,Toys,Toys 1,5,2209.95,1142.96,false
2390,2025-08-23,Store,Store 020,Central,Spain,Product 075,Garden,Garden 4,2,601.98,478.53,false
2391,2024-01-22,Online,Store 034,West,Netherlands,Product 089,Clothing,Clothing 2,2,645.98,419.11,false
2392,2025-10-09,Store,Store 023,East,United Kingdom,Product 091,Electronics,Electronics 4,2,793.98,440.48,false
2393,2023-02-23,Store,Store 009,West,Italy,Product 008,Home,Home 1,6,1811.94,1090.67,false
2394,2023-10-12,Online,Store 012,South,Germany,Product 020,Home,Home 1,3,749.97,575.37,false
2395,2024-10-11,Store,Store 024,West,Germany,Product 077,Clothing,Clothing 2,1,374.99,204.17,false
2396,2023-12-10,Online,Store 024,West,Germany,Product 099,Garden,Garden 4,6,1181.94,750.16,false
2397,2024-06-25,Store,Store 017,South,United Kingdom,Product 007,Electronics,Electronics 4,6,1589.94,950.51,false
2398,2023-06-25,Online,Store 036,North,Germany,Product 114,Sports,Sports 3,3,767.97,521.81,false
2399,2025-12-27,Store,Store 012,South,Germany,Product 037,Electronics,Electronics 2,10,3829.90,2925.37,false
2400,2023-06-03,Online,Store 020,Central,Spain,Product 005,Clothing,Clothing 2,6,1145.94,848.09,false
2401,2023-08-27,Store,Store 008,East,Spain,Product 091,Electronics,Electronics 4,1,396.99,288.34,false
2402,2023-05-28,Online,Store 028,East,Netherlands,Product 008,Home,Home 1,1,301.99,153.45,false
2403,2025-06-07,Store,Store 038,East,Spain,Product 027,Garden,Garden 4,9,116.91,74.78,false
2404,2023-06-18,Store,Store 004,West,Netherlands,Product 091,Electronics,Electronics 4,6,2381.94,1874.77,false
2405,2025-10-05,Store,Store 007,South,France,Product 110,Home,Home 3,6,647.94,382.66,false
2406,2024-09-04,Store,Store 020,Central,Spain,Product 031,Electronics,Electronics 4,4,643.96,348.69,false
2407,2025-07-01,Store,Store 022,South,Netherlands,Product 096,Sports,Sports 1,10,859.90,619.50,false
2408,2023-08-24,Online,Store 018,East,Germany,Product 047,Clothing,Clothing 4,7,1798.93,1346.64,false
2409,2024-07-29,Online,Store 005,Central,United Kingdom,Product 119,Clothing,Clothing 4,3,1322.97,884.40,false
2410,2024-11-29,Online,Store 027,South,Italy,Product 110,Home,Home 3,9,971.91,513.09,false
2411,2024-11-02,Online,Store 004,West,Netherlands,Product 080,Home,Home 1,7,3401.93,2050.15,false
2412,2024-07-10,Online,Store 037,South,France,Product 055,Electronics,Electronics 4,2,113.98,57.31,false
2413,2025-06-07,Store,Store 036,North,Germany,Product 051,Garden,Garden 4,2,809.98,522.49,false
2414,2025-02-26,Store,Store 023,East,United Kingdom,Product 087,Garden,Garden 4,1,248.99,195.00,false
2415,2025-05-13,Store,Store 001,North,France,Product 027,Garden,Garden 4,6,77.94,50.65,false
2416,2025-05-12,Store,Store 001,North,France,Product 033,Garden,Garden 2,5,1174.95,797.58,false
2417,2024-12-04,Store,Store 039,West,Italy,Product 089,Clothing,Clothing 2,5,1614.95,828.00,false
2418,2024-06-05,Store,Store 023,East,United Kingdom,Product 076,Toys,Toys 1,7,2365.93,1437.55,false
2419,2025-08-12,Store,Store 028,East,Netherlands,Product 039,Garden,Garden 4,6,2741.94,1621.22,false
2420,2023-12-08,Store,Store 017,South,United Kingdom,Product 102,Sports,Sports 3,5,1539.95,1073.44,true
2421,2024-03-14,Online,Store 037,South,France,Product 015,Garden,Garden 4,6,389.94,228.39,false
2422,2024-04-07,Store,Store 012,South,Germany,Product 043,Electronics,Electronics 4,6,653.94,515.26,false
2423,2025-01-08,Online,Store 026,North,Spain,Product 091,Electronics,Electronics 4,4,1587.96,1250.23,false
2424,2024-11-05,Store,Store 016,North,Netherlands,Product 066,Sports,Sports 3,5,2319.95,1450.86,false
2425,2024-04-03,Store,Store 019,West,France,Product 095,Clothing,Clothing 4,6,293.94,175.14,false
2426,2025-07-04,Online,Store 029,West,United Kingdom,Product 006,Sports,Sports 3,2,455.98,336.31,false
2427,2023-02-27,Online,Store 032,South,Spain,Product 093,Garden,Garden 2,4,1883.96,1235.51,false
2428,2023-08-07,Store,Store 006,North,Germany,Product 049,Electronics,Electronics 2,6,1985.94,1403.62,false
2429,2025-03-27,Store,Store 020,Central,Spain,Product 077,Clothing,Clothing 2,3,1124.97,563.48,false
2430,2023-10-23,Store,Store 021,North,Italy,Product 085,Electronics,Electronics 2,6,1049.94,746.30,false
2431,2024-01-20,Store,Store 011,North,United Kingdom,Product 097,Electronics,Electronics 2,7,860.93,670.02,false
2432,2023-04-23,Store,Store 003,East,Italy,Product 031,Electronics,Electronics 4,8,1287.92,762.34,false
2433,2025-05-11,Store,Store 011,North,United Kingdom,Product 062,Home,Home 3,8,2527.92,1465.54,false
2434,2025-09-26,Store,Store 020,Central,Spain,Product 008,Home,Home 1,7,2113.93,1599.09,false
2435,2023-02-02,Online,Store 019,West,France,Product 090,Sports,Sports 3,10,3599.90,2472.06,false
2436,2024-01-17,Store,Store 006,North,Germany,Product 077,Clothing,Clothing 2,4,1499.96,1160.74,false
2437,2025-01-11,Store,Store 005,Central,United Kingdom,Product 036,Sports,Sports 1,3,1037.97,547.65,false
2438,2023-05-11,Store,Store 009,West,Italy,Product 059,Clothing,Clothing 4,6,1229.94,700.68,false
2439,2024-06-15,Store,Store 016,North,Netherlands,Product 054,Sports,Sports 3,9,179.91,96.35,false
2440,2024-03-11,Store,Store 029,West,United Kingdom,Product 103,Electronics,Electronics 4,9,3104.91,2469.46,false
2441,2024-03-05,Online,Store 034,West,Netherlands,Product 056,Home,Home 1,4,375.96,219.22,false
2442,2023-08-24,Store,Store 016,North,Netherlands,Product 084,Sports,Sports 1,3,413.97,301.77,false
2443,2023-10-31,Store,Store 003,East,Italy,Product 057,Garden,Garden 2,4,523.96,405.09,false
2444,2023-05-03,Store,Store 003,East,Italy,Product 090,Sports,Sports 3,2,719.98,365.36,false
2445,2025-02-22,Online,Store 025,Central,France,Product 033,Garden,Garden 2,2,469.98,283.34,false
2446,2025-04-19,Store,Store 016,North,Netherlands,Product 116,Home,Home 1,6,1979.94,1045.14,false
2447,2025-09-17,Store,Store 001,North,France,Product 027,Garden,Garden 4,4,51.96,38.07,false
2448,2025-09-25,Store,Store 032,South,Spain,Product 004,Toys,Toys 1,2,307.98,205.22,false
2449,2024-12-11,Store,Store 002,South,Spain,Product 105,Garden,Garden 2,10,4189.90,2125.69,false
2450,2024-01-14,Store,Store 029,West,United Kingdom,Product 008,Home,Home 1,3,905.97,696.27,false
2451,2023-02-21,Online,Store 029,West,United Kingdom,Product 005,Clothing,Clothing 2,7,1336.93,671.49,false
2452,2023-10-10,Online,Store 033,East,Italy,Product 064,Toys,Toys 1,9,3509.91,2383.86,false
2453,2024-05-20,Online,Store 037,South,France,Product 120,Sports,Sports 1,9,4301.91,3361.37,false
2454,2025-11-09,Store,Store 017,South,United Kingdom,Product 050,Home,Home 3,9,3311.91,2346.38,false
2455,2023-03-15,Store,Store 015,Central,Italy,Product 108,Sports,Sports 1,4,135.96,96.39,false
2456,2023-05-11,Store,Store 013,East,France,Product 010,Toys,Toys 3,3,1127.97,650.92,false
2457,2024-06-17,Store,Store 022,South,Netherlands,Product 059,Clothing,Clothing 4,2,409.98,247.12,false
2458,2024-04-30,Store,Store 012,South,Germany,Product 074,Home,Home 3,6,1583.94,834.16,false
2459,2024-10-07,Store,Store 033,East,Italy,Product 008,Home,Home 1,4,1207.96,913.63,false
2460,2025-11-15,Store,Store 031,North,France,Product 063,Garden,Garden 4,4,1411.96,871.94,false
2461,2024-07-13,Online,Store 015,Central,Italy,Product 014,Home,Home 3,10,279.90,205.44,false
2462,2023-05-12,Store,Store 010,Central,Netherlands,Product 025,Electronics,Electronics 2,10,4349.90,2916.15,false
2463,2025-01-11,Store,Store 007,South,France,Product 097,Electronics,Electronics 2,6,737.94,407.94,false
2464,2024-07-06,Online,Store 032,South,Spain,Product 109,Electronics,Electronics 2,5,354.95,211.60,false
2465,2025-02-12,Store,Store 031,North,France,Product 077,Clothing,Clothing 2,1,374.99,244.51,false
2466,2023-09-24,Online,Store 013,East,France,Product 057,Garden,Garden 2,7,916.93,653.88,false
2467,2023-05-10,Online,Store 027,South,Italy,Product 073,Electronics,Electronics 2,8,1815.92,959.09,false
2468,2024-06-29,Online,Store 026,North,Spain,Product 044,Home,Home 1,9,1313.91,659.78,false
2469,2023-02-12,Store,Store 033,East,Italy,Product 050,Home,Home 3,3,1103.97,818.76,false
2470,2025-10-20,Store,Store 030,Central,Germany,Product 071,Clothing,Clothing 4,7,1070.93,683.75,false
2471,2025-01-14,Online,Store 003,East,Italy,Product 081,Garden,Garden 2,10,269.90,192.58,false
2472,2025-06-24,Online,Store 026,North,Spain,Product 085,Electronics,Electronics 2,10,1749.90,1032.62,true
2473,2025-03-30,Store,Store 008,East,Spain,Product 112,Toys,Toys 1,6,1091.94,819.65,false
2474,2023-12-11,Store,Store 019,West,France,Product 107,Clothing,Clothing 4,4,1971.96,1100.84,false
2475,2024-08-08,Online,Store 011,North,United Kingdom,Product 035,Clothing,Clothing 4,9,2780.91,1557.32,false
2476,2023-10-08,Online,Store 018,East,Germany,Product 119,Clothing,Clothing 4,1,440.99,271.75,false
2477,2024-03-25,Online,Store 033,East,Italy,Product 040,Toys,Toys 1,1,493.99,279.62,false
2478,2025-09-04,Store,Store 025,Central,France,Product 020,Home,Home 1,6,1499.94,979.05,false
2479,2024-01-13,Store,Store 006,North,Germany,Product 080,Home,Home 1,3,1457.97,893.06,false
2480,2023-02-19,Online,Store 006,North,Germany,Product 091,Electronics,Electronics 4,5,1984.95,1188.35,false
2481,2025-08-15,Online,Store 020,Central,Spain,Product 089,Clothing,Clothing 2,3,968.97,670.85,false
2482,2023-04-14,Online,Store 029,West,United Kingdom,Product 060,Sports,Sports 1,10,2419.90,1752.95,false
2483,2024-01-12,Online,Store 036,North,Germany,Product 064,Toys,Toys 1,2,779.98,443.89,false
2484,2024-07-31,Store,Store 004,West,Netherlands,Product 066,Sports,Sports 3,8,3711.92,2211.34,false
2485,2025-01-25,Store,Store 039,West,Italy,Product 035,Clothing,Clothing 4,9,2780.91,1797.07,false
2486,2024-07-26,Store,Store 008,East,Spain,Product 065,Clothing,Clothing 2,2,853.98,637.86,false
2487,2025-02-04,Online,Store 033,East,Italy,Product 071,Clothing,Clothing 4,9,1376.91,986.38,false
2488,2023-09-01,Store,Store 018,East,Germany,Product 049,Electronics,Electronics 2,4,1323.96,999.64,false
2489,2024-06-01,Online,Store 031,North,France,Product 029,Clothing,Clothing 2,4,347.96,264.27,false
2490,2025-09-08,Online,Store 036,North,Germany,Product 009,Garden,Garden 2,7,2372.93,1647.91,false
2491,2023-12-16,Store,Store 039,West,Italy,Product 112,Toys,Toys 1,1,181.99,98.59,false
2492,2025-01-25,Store,Store 028,East,Netherlands,Product 020,Home,Home 1,2,499.98,374.88,false
2493,2023-06-26,Store,Store 015,Central,Italy,Product 111,Garden,Garden 4,3,434.97,240.82,false
2494,2024-12-10,Online,Store 012,South,Germany,Product 011,Clothing,Clothing 4,9,3716.91,2182.54,false
2495,2023-11-23,Store,Store 003,East,Italy,Product 083,Clothing,Clothing 4,2,201.98,138.27,false
2496,2024-10-28,Store,Store 004,West,Netherlands,Product 042,Sports,Sports 3,10,719.90,570.71,false
2497,2023-02-28,Store,Store 038,East,Spain,Product 081,Garden,Garden 2,5,134.95,73.39,false
2498,2023-01-05,Store,Store 012,South,Germany,Product 022,Toys,Toys 3,7,2267.93,1346.32,false
2499,2025-11-14,Store,Store 007,South,France,Product 031,Electronics,Electronics 4,9,1448.91,962.32,false
2500,2023-08-15,Online,Store 017,South,United Kingdom,Product 097,Electronics,Electronics 2,6,737.94,419.38,false
2501,2024-09-06,Online,Store 008,East,Spain,Product 025,Electronics,Electronics 2,1,434.99,269.40,false
2502,2025-04-27,Store,Store 025,Central,France,Product 078,Sports,Sports 3,5,2059.95,1450.90,false
2503,2024-08-05,Store,Store 020,Central,Spain,Product 069,Garden,Garden 2,3,236.97,182.76,true
2504,2025-10-06,Online,Store 006,North,Germany,Product 118,Toys,Toys 3,5,2019.95,1159.74,false
2505,2025-10-26,Online,Store 027,South,Italy,Product 116,Home,Home 1,8,2639.92,1922.27,false
2506,2023-03-21,Online,Store 031,North,France,Product 021,Garden,Garden 2,7,2008.93,1175.03,false
2507,2025-06-14,Online,Store 009,West,Italy,Product 008,Home,Home 1,1,301.99,169.43,false
2508,2024-01-17,Online,Store 023,East,United Kingdom,Product 077,Clothing,Clothing 2,1,374.99,269.43,false
2509,2024-08-31,Online,Store 033,East,Italy,Product 033,Garden,Garden 2,1,234.99,123.00,false
2510,2023-12-23,Store,Store 033,East,Italy,Product 014,Home,Home 3,8,223.92,124.49,true
2511,2024-02-29,Online,Store 003,East,Italy,Product 005,Clothing,Clothing 2,3,572.97,369.24,false
2512,2024-08-30,Online,Store 019,West,France,Product 105,Garden,Garden 2,2,837.98,440.32,false
2513,2025-03-27,Store,Store 034,West,Netherlands,Product 092,Home,Home 1,8,3471.92,2377.46,false
2514,2024-04-20,Store,Store 036,North,Germany,Product 111,Garden,Garden 4,9,1304.91,876.35,false
2515,2023-08-01,Online,Store 032,South,Spain,Product 077,Clothing,Clothing 2,9,3374.91,2553.07,false
2516,2025-03-05,Store,Store 031,North,France,Product 074,Home,Home 3,6,1583.94,1264.63,false
2517,2025-04-02,Online,Store 003,East,Italy,Product 004,Toys,Toys 1,6,923.94,515.21,false
2518,2023-07-17,Online,Store 001,North,France,Product 077,Clothing,Clothing 2,9,3374.91,2398.77,false
2519,2023-10-16,Online,Store 002,South,Spain,Product 098,Home,Home 3,9,1439.91,1109.45,false
2520,2023-04-10,Store,Store 029,West,United Kingdom,Product 086,Home,Home 3,5,1059.95,731.32,false
2521,2025-11-11,Online,Store 011,North,United Kingdom,Product 094,Toys,Toys 3,7,83.93,47.85,false
2522,2024-11-14,Store,Store 026,North,Spain,Product 069,Garden,Garden 2,3,236.97,127.90,false
2523,2025-07-12,Online,Store 040,Central,Netherlands,Product 080,Home,Home 1,2,971.98,628.54,false
2524,2023-08-10,Online,Store 029,West,United Kingdom,Product 009,Garden,Garden 2,4,1355.96,914.21,false
2525,2023-08-21,Store,Store 037,South,France,Product 060,Sports,Sports 1,6,1451.94,1012.41,false
2526,2023-09-17,Online,Store 037,South,France,Product 014,Home,Home 3,10,279.90,153.82,false
2527,2023-10-28,Online,Store 028,East,Netherlands,Product 049,Electronics,Electronics 2,5,1654.95,1108.28,false
2528,2023-05-01,Store,Store 031,North,France,Product 091,Electronics,Electronics 4,4,1587.96,1220.26,false
2529,2025-09-29,Store,Store 028,East,Netherlands,Product 070,Toys,Toys 3,1,115.99,77.41,false
2530,2024-02-17,Store,Store 003,East,Italy,Product 022,Toys,Toys 3,9,2915.91,1642.92,false
2531,2023-08-11,Store,Store 023,East,United Kingdom,Product 085,Electronics,Electronics 2,4,699.96,397.09,false
2532,2025-10-11,Online,Store 039,West,Italy,Product 088,Toys,Toys 1,10,2859.90,2205.21,false
2533,2024-09-12,Store,Store 018,East,Germany,Product 071,Clothing,Clothing 4,9,1376.91,920.28,false
2534,2023-12-05,Store,Store 040,Central,Netherlands,Product 094,Toys,Toys 3,7,83.93,56.71,false
2535,2024-02-15,Online,Store 019,West,France,Product 049,Electronics,Electronics 2,6,1985.94,1016.01,false
2536,2024-12-09,Online,Store 019,West,France,Product 016,Toys,Toys 1,8,815.92,428.84,false
2537,2024-07-22,Online,Store 033,East,Italy,Product 015,Garden,Garden 4,6,389.94,266.90,false
2538,2025-11-22,Store,Store 020,Central,Spain,Product 094,Toys,Toys 3,6,71.94,51.39,false
2539,2024-06-28,Online,Store 013,East,France,Product 038,Home,Home 3,9,3779.91,2598.59,false
2540,2023-10-30,Online,Store 001,North,France,Product 102,Sports,Sports 3,10,3079.90,1988.55,false
2541,2025-02-10,Store,Store 004,West,Netherlands,Product 057,Garden,Garden 2,8,1047.92,819.29,false
2542,2024-06-14,Online,Store 007,South,France,Product 020,Home,Home 1,6,1499.94,1189.27,false
2543,2025-04-23,Store,Store 013,East,France,Product 113,Clothing,Clothing 2,1,218.99,154.77,false
2544,2024-06-29,Online,Store 035,Central,United Kingdom,Product 073,Electronics,Electronics 2,4,907.96,549.13,false
2545,2025-11-27,Store,Store 023,East,United Kingdom,Product 009,Garden,Garden 2,3,1016.97,566.15,false
2546,2025-05-12,Store,Store 012,South,Germany,Product 083,Clothing,Clothing 4,7,706.93,408.68,false
2547,2024-07-06,Online,Store 015,Central,Italy,Product 013,Electronics,Electronics 2,4,1947.96,1249.23,false
2548,2023-01-25,Online,Store 030,Central,Germany,Product 032,Home,Home 1,6,1187.94,891.20,false
2549,2025-12-20,Store,Store 033,East,Italy,Product 085,Electronics,Electronics 2,4,699.96,443.46,false
2550,2023-03-13,Online,Store 028,East,Netherlands,Product 111,Garden,Garden 4,1,144.99,99.04,true
2551,2024-11-01,Store,Store 017,South,United Kingdom,Product 035,Clothing,Clothing 4,2,617.98,382.04,false
2552,2025-08-10,Store,Store 019,West,France,Product 025,Electronics,Electronics 2,4,1739.96,1321.20,false
2553,2024-05-28,Store,Store 005,Central,United Kingdom,Product 065,Clothing,Clothing 2,2,853.98,554.28,false
2554,2025-12-04,Store,Store 036,North,Germany,Product 029,Clothing,Clothing 2,6,521.94,344.46,false
2555,2024-08-23,Online,Store 028,East,Netherlands,Product 012,Sports,Sports 1,4,1799.96,1207.91,false
2556,2025-12-05,Store,Store 013,East,France,Product 083,Clothing,Clothing 4,10,1009.90,702.57,false
2557,2024-01-18,Store,Store 031,North,France,Product 039,Garden,Garden 4,7,3198.93,2177.28,false
2558,2025-03-16,Store,Store 020,Central,Spain,Product 087,Garden,Garden 4,3,746.97,553.86,false
2559,2024-08-21,Online,Store 034,West,Netherlands,Product 012,Sports,Sports 1,10,4499.90,2700.56,false
2560,2025-06-16,Store,Store 023,East,United Kingdom,Product 038,Home,Home 3,8,3359.92,1991.86,false
2561,2025-05-27,Store,Store 040,Central,Netherlands,Product 031,Electronics,Electronics 4,8,1287.92,898.98,false
2562,2024-06-28,Store,Store 010,Central,Netherlands,Product 100,Toys,Toys 1,9,2105.91,1272.37,false
2563,2024-01-13,Store,Store 007,South,France,Product 034,Toys,Toys 3,8,2175.92,1363.75,false
2564,2023-12-11,Store,Store 007,South,France,Product 030,Sports,Sports 3,3,371.97,272.88,false
2565,2023-01-02,Store,Store 019,West,France,Product 091,Electronics,Electronics 4,6,2381.94,1679.17,false
2566,2024-12-04,Store,Store 012,South,Germany,Product 078,Sports,Sports 3,7,2883.93,1524.99,false
2567,2024-06-01,Store,Store 030,Central,Germany,Product 108,Sports,Sports 1,9,305.91,188.26,false
2568,2023-06-09,Store,Store 022,South,Netherlands,Product 031,Electronics,Electronics 4,9,1448.91,1089.12,false
2569,2023-03-05,Online,Store 018,East,Germany,Product 020,Home,Home 1,5,1249.95,849.21,false
2570,2023-04-29,Online,Store 024,West,Germany,Product 113,Clothing,Clothing 2,8,1751.92,1002.66,false
2571,2023-07-26,Online,Store 020,Central,Spain,Product 071,Clothing,Clothing 4,10,1529.90,776.85,false
2572,2024-11-13,Online,Store 036,North,Germany,Product 119,Clothing,Clothing 4,5,2204.95,1108.58,false
2573,2024-06-30,Store,Store 029,West,United Kingdom,Product 064,Toys,Toys 1,6,2339.94,1471.66,false
2574,2025-07-10,Store,Store 002,South,Spain,Product 042,Sports,Sports 3,1,71.99,55.82,false
2575,2023-02-26,Store,Store 034,West,Netherlands,Product 097,Electronics,Electronics 2,2,245.98,133.62,false
2576,2023-04-02,Store,Store 010,Central,Netherlands,Product 022,Toys,Toys 3,1,323.99,205.08,false
2577,2024-10-13,Store,Store 039,West,Italy,Product 017,Clothing,Clothing 2,4,555.96,350.59,false
2578,2024-09-24,Online,Store 026,North,Spain,Product 051,Garden,Garden 4,8,3239.92,2145.77,false
2579,2024-08-25,Store,Store 018,East,Germany,Product 101,Clothing,Clothing 2,1,270.99,171.10,false
2580,2025-12-22,Online,Store 021,North,Italy,Product 009,Garden,Garden 2,3,1016.97,677.85,false
2581,2023-02-28,Store,Store 013,East,France,Product 039,Garden,Garden 4,5,2284.95,1274.70,false
2582,2025-04-07,Store,Store 014,West,Spain,Product 032,Home,Home 1,3,593.97,377.52,false
2583,2025-03-15,Store,Store 001,North,France,Product 084,Sports,Sports 1,5,689.95,478.38,false
2584,2024-07-06,Store,Store 001,North,France,Product 081,Garden,Garden 2,2,53.98,31.46,false
2585,2025-12-13,Online,Store 006,North,Germany,Product 084,Sports,Sports 1,3,413.97,254.64,false
2586,2024-12-21,Store,Store 032,South,Spain,Product 077,Clothing,Clothing 2,9,3374.91,1696.31,false
2587,2023-12-28,Store,Store 024,West,Germany,Product 111,Garden,Garden 4,10,1449.90,986.51,false
2588,2023-06-14,Store,Store 020,Central,Spain,Product 012,Sports,Sports 1,10,4499.90,2400.11,false
2589,2025-04-30,Online,Store 009,West,Italy,Product 045,Garden,Garden 2,1,182.99,134.56,false
2590,2025-10-30,Online,Store 008,East,Spain,Product 072,Sports,Sports 1,6,1139.94,660.33,false
2591,2024-02-06,Store,Store 010,Central,Netherlands,Product 099,Garden,Garden 4,7,1378.93,764.59,false
2592,2024-07-24,Store,Store 018,East,Germany,Product 010,Toys,Toys 3,4,1503.96,1200.96,false
2593,2023-04-29,Online,Store 022,South,Netherlands,Product 034,Toys,Toys 3,7,1903.93,1135.29,false
2594,2025-10-30,Store,Store 002,South,Spain,Product 106,Toys,Toys 3,9,4103.91,3000.89,false
2595,2025-11-29,Online,Store 029,West,United Kingdom,Product 003,Garden,Garden 4,4,467.96,298.29,true
2596,2024-01-07,Online,Store 015,Central,Italy,Product 012,Sports,Sports 1,8,3599.92,1860.07,false
2597,2024-11-30,Store,Store 007,South,France,Product 100,Toys,Toys 1,8,1871.92,1196.20,false
2598,2023-04-09,Online,Store 039,West,Italy,Product 033,Garden,Garden 2,7,1644.93,896.61,false
2599,2023-06-10,Store,Store 029,West,United Kingdom,Product 119,Clothing,Clothing 4,1,440.99,331.87,false
2600,2024-05-24,Online,Store 015,Central,Italy,Product 070,Toys,Toys 3,4,463.96,242.30,false
2601,2025-06-18,Store,Store 033,East,Italy,Product 067,Electronics,Electronics 4,10,5009.90,3315.05,false
2602,2023-09-02,Store,Store 014,West,Spain,Product 072,Sports,Sports 1,8,1519.92,830.45,false
2603,2023-12-07,Store,Store 010,Central,Netherlands,Product 001,Electronics,Electronics 2,7,300.93,182.64,false
2604,2023-05-27,Store,Store 028,East,Netherlands,Product 090,Sports,Sports 3,8,2879.92,1625.81,false
2605,2023-06-14,Store,Store 002,South,Spain,Product 069,Garden,Garden 2,9,710.91,510.39,false
2606,2023-10-10,Store,Store 016,North,Netherlands,Product 109,Electronics,Electronics 2,1,70.99,53.42,false
2607,2024-11-11,Online,Store 038,East,Spain,Product 097,Electronics,Electronics 2,1,122.99,71.45,false
2608,2024-12-25,Store,Store 040,Central,Netherlands,Product 114,Sports,Sports 3,6,1535.94,813.26,false
2609,2025-08-19,Store,Store 006,North,Germany,Product 005,Clothing,Clothing 2,9,1718.91,1191.79,false
2610,2023-01-06,Online,Store 009,West,Italy,Product 042,Sports,Sports 3,9,647.91,376.49,false
2611,2023-10-24,Online,Store 010,Central,Netherlands,Product 045,Garden,Garden 2,4,731.96,486.67,false
2612,2025-07-03,Store,Store 025,Central,France,Product 075,Garden,Garden 4,3,902.97,502.16,false
2613,2025-07-08,Store,Store 016,North,Netherlands,Product 091,Electronics,Electronics 4,3,1190.97,597.66,false
2614,2023-04-09,Store,Store 039,West,Italy,Product 083,Clothing,Clothing 4,3,302.97,154.05,false
2615,2023-11-26,Store,Store 022,South,Netherlands,Product 104,Home,Home 1,1,381.99,226.11,false
2616,2024-05-27,Store,Store 027,South,Italy,Product 056,Home,Home 1,8,751.92,597.34,false
2617,2025-07-11,Online,Store 026,North,Spain,Product 095,Clothing,Clothing 4,6,293.94,204.49,false
2618,2025-01-03,Online,Store 017,South,United Kingdom,Product 025,Electronics,Electronics 2,7,3044.93,1715.72,false
2619,2024-09-21,Store,Store 006,North,Germany,Product 102,Sports,Sports 3,6,1847.94,1046.96,false
2620,2024-06-08,Online,Store 029,West,United Kingdom,Product 117,Garden,Garden 2,5,1834.95,1080.55,false
2621,2025-09-09,Store,Store 034,West,Netherlands,Product 086,Home,Home 3,4,847.96,548.30,false
2622,2024-03-07,Online,Store 018,East,Germany,Product 034,Toys,Toys 3,7,1903.93,1392.53,false
2623,2025-08-29,Store,Store 004,West,Netherlands,Product 035,Clothing,Clothing 4,9,2780.91,1780.23,false
2624,2024-03-26,Store,Store 037,South,France,Product 112,Toys,Toys 1,9,1637.91,1192.66,false
2625,2025-03-13,Online,Store 040,Central,Netherlands,Product 076,Toys,Toys 1,8,2703.92,1450.82,false
2626,2024-05-09,Store,Store 029,West,United Kingdom,Product 003,Garden,Garden 4,5,584.95,367.93,false
2627,2023-05-27,Store,Store 020,Central,Spain,Product 034,Toys,Toys 3,2,543.98,361.50,false
2628,2023-06-28,Store,Store 036,North,Germany,Product 089,Clothing,Clothing 2,2,645.98,427.19,false
2629,2024-05-25,Online,Store 006,North,Germany,Product 026,Home,Home 3,2,943.98,653.65,false
2630,2024-01-09,Online,Store 023,East,United Kingdom,Product 095,Clothing,Clothing 4,3,146.97,92.56,false
2631,2023-03-10,Store,Store 038,East,Spain,Product 001,Electronics,Electronics 2,2,85.98,65.66,false
2632,2023-11-16,Store,Store 039,West,Italy,Product 060,Sports,Sports 1,7,1693.93,962.50,false
2633,2023-07-08,Store,Store 023,East,United Kingdom,Product 061,Electronics,Electronics 2,2,557.98,285.37,false
2634,2023-01-14,Store,Store 016,North,Netherlands,Product 026,Home,Home 3,5,2359.95,1288.33,false
2635,2023-03-04,Online,Store 012,South,Germany,Product 028,Toys,Toys 1,7,349.93,221.72,false
2636,2024-10-30,Online,Store 004,West,Netherlands,Product 020,Home,Home 1,4,999.96,653.33,false
2637,2024-08-20,Online,Store 007,South,France,Product 066,Sports,Sports 3,5,2319.95,1753.72,false
2638,2025-06-29,Online,Store 026,North,Spain,Product 057,Garden,Garden 2,10,1309.90,768.28,false
2639,2023-01-29,Store,Store 003,East,Italy,Product 108,Sports,Sports 1,4,135.96,103.88,false
2640,2025-03-17,Store,Store 033,East,Italy,Product 085,Electronics,Electronics 2,9,1574.91,1106.22,false
2641,2023-12-11,Store,Store 028,East,Netherlands,Product 054,Sports,Sports 3,2,39.98,29.70,false
2642,2024-09-17,Store,Store 001,North,France,Product 047,Clothing,Clothing 4,1,256.99,172.12,false
2643,2023-09-02,Store,Store 040,Central,Netherlands,Product 096,Sports,Sports 1,1,85.99,48.08,false
2644,2025-07-02,Store,Store 038,East,Spain,Product 035,Clothing,Clothing 4,5,1544.95,1093.34,false
2645,2023-03-06,Store,Store 005,Central,United Kingdom,Product 023,Clothing,Clothing 4,6,2165.94,1186.77,false
2646,2023-03-08,Store,Store 038,East,Spain,Product 116,Home,Home 1,2,659.98,382.92,false
2647,2024-06-09,Store,Store 015,Central,Italy,Product 070,Toys,Toys 3,6,695.94,523.45,false
2648,2024-08-14,Online,Store 001,North,France,Product 091,Electronics,Electronics 4,5,1984.95,1473.21,false
2649,2025-12-16,Online,Store 033,East,Italy,Product 047,Clothing,Clothing 4,8,2055.92,1115.15,false
2650,2025-03-20,Store,Store 004,West,Netherlands,Product 044,Home,Home 1,7,1021.93,572.26,false
2651,2023-11-02,Online,Store 010,Central,Netherlands,Product 032,Home,Home 1,1,197.99,109.43,false
2652,2024-01-14,Store,Store 001,North,France,Product 015,Garden,Garden 4,7,454.93,267.75,false
2653,2025-04-09,Online,Store 040,Central,Netherlands,Product 019,Electronics,Electronics 4,9,1916.91,1449.55,false
2654,2024-03-18,Store,Store 008,East,Spain,Product 019,Electronics,Electronics 4,3,638.97,362.13,false
2655,2024-12-05,Store,Store 011,North,United Kingdom,Product 056,Home,Home 1,8,751.92,383.11,false
2656,2023-07-02,Store,Store 018,East,Germany,Product 014,Home,Home 3,6,167.94,109.96,false
2657,2024-01-04,Store,Store 016,North,Netherlands,Product 010,Toys,Toys 3,10,3759.90,2909.76,false
2658,2024-12-24,Online,Store 029,West,United Kingdom,Product 087,Garden,Garden 4,3,746.97,483.06,false
2659,2024-01-19,Online,Store 017,South,United Kingdom,Product 118,Toys,Toys 3,1,403.99,211.48,false
2660,2024-07-19,Store,Store 032,South,Spain,Product 081,Garden,Garden 2,2,53.98,31.07,false
2661,2025-11-08,Store,Store 022,South,Netherlands,Product 021,Garden,Garden 2,2,573.98,419.29,false
2662,2023-06-05,Store,Store 039,West,Italy,Product 064,Toys,Toys 1,4,1559.96,881.74,false
2663,2024-08-05,Store,Store 014,West,Spain,Product 003,Garden,Garden 4,3,350.97,203.79,false
2664,2024-06-09,Store,Store 018,East,Germany,Product 014,Home,Home 3,4,111.96,68.17,false
2665,2023-06-30,Store,Store 024,West,Germany,Product 088,Toys,Toys 1,10,2859.90,1736.95,false
2666,2025-05-13,Store,Store 026,North,Spain,Product 117,Garden,Garden 2,9,3302.91,2259.75,false
2667,2023-12-28,Store,Store 019,West,France,Product 098,Home,Home 3,10,1599.90,1083.19,false
2668,2024-10-09,Online,Store 009,West,Italy,Product 023,Clothing,Clothing 4,9,3248.91,2376.38,false
2669,2024-03-28,Online,Store 015,Central,Italy,Product 066,Sports,Sports 3,7,3247.93,2572.25,false
2670,2025-04-26,Online,Store 024,West,Germany,Product 096,Sports,Sports 1,9,773.91,583.14,false
2671,2023-08-06,Store,Store 014,West,Spain,Product 024,Sports,Sports 1,7,2785.93,1779.61,true
2672,2025-03-07,Online,Store 008,East,Spain,Product 031,Electronics,Electronics 4,5,804.95,500.78,false
2673,2023-05-06,Store,Store 010,Central,Netherlands,Product 001,Electronics,Electronics 2,9,386.91,219.37,false
2674,2025-12-06,Online,Store 011,North,United Kingdom,Product 080,Home,Home 1,7,3401.93,2519.69,false
2675,2024-07-13,Store,Store 019,West,France,Product 013,Electronics,Electronics 2,8,3895.92,2232.23,false
2676,2025-12-10,Store,Store 015,Central,Italy,Product 045,Garden,Garden 2,9,1646.91,867.43,false
2677,2024-01-11,Store,Store 013,East,France,Product 101,Clothing,Clothing 2,2,541.98,286.78,false
2678,2025-03-23,Store,Store 017,South,United Kingdom,Product 009,Garden,Garden 2,1,338.99,176.30,false
2679,2024-06-03,Store,Store 021,North,Italy,Product 070,Toys,Toys 3,4,463.96,309.45,false
2680,2023-11-01,Store,Store 012,South,Germany,Product 057,Garden,Garden 2,1,130.99,86.91,false
2681,2024-05-15,Store,Store 013,East,France,Product 073,Electronics,Electronics 2,9,2042.91,1419.59,false
2682,2023-05-16,Store,Store 040,Central,Netherlands,Product 050,Home,Home 3,9,3311.91,2338.08,false
2683,2023-02-01,Store,Store 014,West,Spain,Product 118,Toys,Toys 3,3,1211.97,702.92,false
2684,2025-03-02,Store,Store 021,North,Italy,Product 091,Electronics,Electronics 4,4,1587.96,1237.29,false
2685,2025-01-12,Store,Store 017,South,United Kingdom,Product 035,Clothing,Clothing 4,10,3089.90,2233.31,false
2686,2024-10-24,Store,Store 039,West,Italy,Product 091,Electronics,Electronics 4,7,2778.93,1614.84,false
2687,2024-12-22,Online,Store 024,West,Germany,Product 108,Sports,Sports 1,7,237.93,161.91,false
2688,2024-10-23,Store,Store 011,North,United Kingdom,Product 072,Sports,Sports 1,10,1899.90,1284.45,false
2689,2024-02-23,Online,Store 019,West,France,Product 020,Home,Home 1,6,1499.94,936.78,false
2690,2023-04-25,Store,Store 016,North,Netherlands,Product 091,Electronics,Electronics 4,4,1587.96,799.90,true
2691,2025-09-01,Online,Store 027,South,Italy,Product 060,Sports,Sports 1,8,1935.92,1270.11,false
2692,2023-12-22,Online,Store 012,South,Germany,Product 063,Garden,Garden 4,5,1764.95,1119.58,false
2693,2023-10-09,Online,Store 017,South,United Kingdom,Product 031,Electronics,Electronics 4,9,1448.91,933.07,false
2694,2023-12-17,Store,Store 028,East,Netherlands,Product 107,Clothing,Clothing 4,2,985.98,536.85,false
2695,2024-10-23,Online,Store 015,Central,Italy,Product 022,Toys,Toys 3,1,323.99,167.59,false
2696,2025-01-16,Store,Store 032,South,Spain,Product 081,Garden,Garden 2,2,53.98,34.03,false
2697,2023-09-29,Online,Store 032,South,Spain,Product 061,Electronics,Electronics 2,5,1394.95,775.75,false
2698,2025-11-19,Online,Store 017,South,United Kingdom,Product 109,Electronics,Electronics 2,9,638.91,462.78,false
2699,2024-02-28,Store,Store 030,Central,Germany,Product 052,Toys,Toys 1,8,3535.92,2361.63,false
2700,2024-01-01,Store,Store 022,South,Netherlands,Product 054,Sports,Sports 3,4,79.96,60.94,false
2701,2023-02-25,Store,Store 022,South,Netherlands,Product 084,Sports,Sports 1,8,1103.92,872.55,false
2702,2023-01-22,Online,Store 037,South,France,Product 058,Toys,Toys 3,9,1511.91,764.85,false
2703,2023-02-09,Store,Store 026,North,Spain,Product 093,Garden,Garden 2,5,2354.95,1515.65,false
2704,2024-09-07,Online,Store 020,Central,Spain,Product 016,Toys,Toys 1,1,101.99,74.08,false
2705,2025-02-24,Online,Store 023,East,United Kingdom,Product 062,Home,Home 3,9,2843.91,1505.85,false
2706,2024-10-15,Store,Store 002,South,Spain,Product 041,Clothing,Clothing 2,2,69.98,37.42,false
2707,2024-01-27,Store,Store 015,Central,Italy,Product 012,Sports,Sports 1,3,1349.97,953.96,false
2708,2023-10-30,Online,Store 033,East,Italy,Product 037,Electronics,Electronics 2,6,2297.94,1476.56,false
2709,2023-03-22,Online,Store 017,South,United Kingdom,Product 050,Home,Home 3,7,2575.93,1831.50,false
2710,2025-06-27,Online,Store 037,South,France,Product 041,Clothing,Clothing 2,6,209.94,115.79,false
2711,2025-06-27,Store,Store 010,Central,Netherlands,Product 089,Clothing,Clothing 2,8,2583.92,1755.99,false
2712,2023-04-15,Store,Store 034,West,Netherlands,Product 057,Garden,Garden 2,7,916.93,507.89,false
2713,2024-07-09,Store,Store 027,South,Italy,Product 036,Sports,Sports 1,8,2767.92,1396.56,false
2714,2024-10-22,Store,Store 037,South,France,Product 008,Home,Home 1,10,3019.90,2202.23,false
2715,2023-06-16,Store,Store 005,Central,United Kingdom,Product 050,Home,Home 3,2,735.98,464.80,false
2716,2025-09-25,Store,Store 021,North,Italy,Product 086,Home,Home 3,8,1695.92,850.07,false
2717,2025-05-11,Online,Store 022,South,Netherlands,Product 020,Home,Home 1,10,2499.90,1988.50,false
2718,2023-01-18,Online,Store 022,South,Netherlands,Product 044,Home,Home 1,4,583.96,318.49,false
2719,2025-03-09,Online,Store 039,West,Italy,Product 038,Home,Home 3,5,2099.95,1567.20,false
2720,2024-11-22,Online,Store 039,West,Italy,Product 100,Toys,Toys 1,1,233.99,141.43,true
2721,2023-11-12,Store,Store 003,East,Italy,Product 007,Electronics,Electronics 4,3,794.97,485.98,false
2722,2023-12-20,Store,Store 036,North,Germany,Product 024,Sports,Sports 1,9,3581.91,1978.33,false
2723,2025-08-11,Store,Store 035,Central,United Kingdom,Product 096,Sports,Sports 1,5,429.95,223.22,false
2724,2023-01-14,Store,Store 040,Central,Netherlands,Product 082,Toys,Toys 3,7,447.93,261.61,false
2725,2023-06-05,Online,Store 005,Central,United Kingdom,Product 066,Sports,Sports 3,7,3247.93,2477.90,false
2726,2024-04-12,Store,Store 010,Central,Netherlands,Product 021,Garden,Garden 2,10,2869.90,2136.17,false
2727,2023-01-07,Online,Store 012,South,Germany,Product 022,Toys,Toys 3,4,1295.96,841.18,false
2728,2025-06-08,Online,Store 013,East,France,Product 037,Electronics,Electronics 2,9,3446.91,1729.05,false
2729,2024-03-15,Online,Store 033,East,Italy,Product 027,Garden,Garden 4,4,51.96,29.83,false
2730,2023-05-22,Store,Store 012,South,Germany,Product 037,Electronics,Electronics 2,2,765.98,393.73,false
2731,2025-09-23,Store,Store 035,Central,United Kingdom,Product 099,Garden,Garden 4,8,1575.92,1247.63,false
2732,2023-09-20,Store,Store 021,North,Italy,Product 065,Clothing,Clothing 2,7,2988.93,2023.07,false
2733,2025-04-17,Store,Store 031,North,France,Product 068,Home,Home 1,4,167.96,125.90,false
2734,2025-07-13,Store,Store 002,South,Spain,Product 026,Home,Home 3,3,1415.97,1001.84,false
2735,2023-11-19,Online,Store 006,North,Germany,Product 063,Garden,Garden 4,1,352.99,178.64,false
2736,2023-08-28,Online,Store 028,East,Netherlands,Product 108,Sports,Sports 1,4,135.96,100.28,false
2737,2023-10-02,Online,Store 008,East,Spain,Product 092,Home,Home 1,8,3471.92,2158.51,false
2738,2025-10-13,Online,Store 036,North,Germany,Product 013,Electronics,Electronics 2,4,1947.96,1054.92,false
2739,2024-01-11,Store,Store 019,West,France,Product 049,Electronics,Electronics 2,9,2978.91,2120.32,false
2740,2023-03-21,Store,Store 038,East,Spain,Product 117,Garden,Garden 2,10,3669.90,2373.67,false
2741,2024-12-28,Store,Store 025,Central,France,Product 045,Garden,Garden 2,5,914.95,539.71,false
2742,2025-03-24,Online,Store 019,West,France,Product 050,Home,Home 3,3,1103.97,732.20,false
2743,2024-09-03,Online,Store 012,South,Germany,Product 049,Electronics,Electronics 2,1,330.99,178.06,false
2744,2024-07-17,Online,Store 011,North,United Kingdom,Product 115,Electronics,Electronics 4,4,1171.96,821.67,false
2745,2024-08-24,Store,Store 026,North,Spain,Product 025,Electronics,Electronics 2,10,4349.90,2302.54,false
2746,2024-11-28,Store,Store 039,West,Italy,Product 117,Garden,Garden 2,5,1834.95,997.06,false
2747,2025-05-11,Online,Store 029,West,United Kingdom,Product 095,Clothing,Clothing 4,10,489.90,288.16,false
2748,2024-08-08,Online,Store 032,South,Spain,Product 108,Sports,Sports 1,2,67.98,47.11,false
2749,2025-04-18,Online,Store 009,West,Italy,Product 064,Toys,Toys 1,2,779.98,515.66,false
2750,2025-01-16,Store,Store 011,North,United Kingdom,Product 006,Sports,Sports 3,2,455.98,364.42,false
2751,2023-07-24,Store,Store 004,West,Netherlands,Product 111,Garden,Garden 4,7,1014.93,696.50,false
2752,2023-11-24,Online,Store 009,West,Italy,Product 039,Garden,Garden 4,4,1827.96,1150.22,false
2753,2025-04-16,Store,Store 001,North,France,Product 004,Toys,Toys 1,6,923.94,649.54,false
2754,2023-06-27,Online,Store 019,West,France,Product 074,Home,Home 3,5,1319.95,867.28,false
2755,2025-11-26,Online,Store 032,South,Spain,Product 041,Clothing,Clothing 2,9,314.91,199.09,false
2756,2023-06-02,Online,Store 040,Central,Netherlands,Product 039,Garden,Garden 4,9,4112.91,2209.17,false
2757,2025-06-15,Online,Store 018,East,Germany,Product 111,Garden,Garden 4,8,1159.92,722.28,false
2758,2023-11-05,Store,Store 007,South,France,Product 110,Home,Home 3,5,539.95,308.61,false
2759,2025-11-08,Store,Store 005,Central,United Kingdom,Product 008,Home,Home 1,6,1811.94,1070.54,false
2760,2023-02-28,Store,Store 025,Central,France,Product 023,Clothing,Clothing 4,7,2526.93,1341.57,false
2761,2025-04-26,Online,Store 037,South,France,Product 058,Toys,Toys 3,2,335.98,200.15,false
2762,2025-04-13,Online,Store 002,South,Spain,Product 093,Garden,Garden 2,9,4238.91,2773.20,false
2763,2024-04-18,Online,Store 018,East,Germany,Product 106,Toys,Toys 3,8,3647.92,2479.87,false
2764,2024-09-19,Store,Store 032,South,Spain,Product 028,Toys,Toys 1,3,149.97,98.94,false
2765,2025-05-27,Store,Store 036,North,Germany,Product 026,Home,Home 3,2,943.98,687.94,false
2766,2024-10-15,Online,Store 025,Central,France,Product 033,Garden,Garden 2,5,1174.95,711.41,false
2767,2024-09-27,Store,Store 031,North,France,Product 072,Sports,Sports 1,7,1329.93,948.61,false
2768,2025-05-27,Store,Store 033,East,Italy,Product 112,Toys,Toys 1,6,1091.94,628.61,false
2769,2025-11-28,Store,Store 005,Central,United Kingdom,Product 043,Electronics,Electronics 4,3,326.97,192.28,false
2770,2023-08-07,Store,Store 013,East,France,Product 120,Sports,Sports 1,1,477.99,308.56,false
2771,2023-01-01,Store,Store 023,East,United Kingdom,Product 001,Electronics,Electronics 2,6,257.94,185.47,false
2772,2024-04-18,Online,Store 031,North,France,Product 044,Home,Home 1,7,1021.93,613.21,false
2773,2025-07-16,Online,Store 037,South,France,Product 027,Garden,Garden 4,5,64.95,43.07,false
2774,2025-06-21,Store,Store 022,South,Netherlands,Product 053,Clothing,Clothing 2,7,3352.93,2170.95,false
2775,2023-01-12,Store,Store 006,North,Germany,Product 065,Clothing,Clothing 2,4,1707.96,1288.47,false
2776,2023-08-09,Store,Store 039,West,Italy,Product 120,Sports,Sports 1,6,2867.94,1516.58,false
2777,2023-10-09,Store,Store 035,Central,United Kingdom,Product 114,Sports,Sports 3,2,511.98,358.53,false
2778,2023-10-03,Online,Store 022,South,Netherlands,Product 118,Toys,Toys 3,4,1615.96,973.94,false
2779,2023-01-15,Store,Store 026,North,Spain,Product 013,Electronics,Electronics 2,5,2434.95,1727.86,true
2780,2025-08-13,Online,Store 025,Central,France,Product 009,Garden,Garden 2,3,1016.97,530.47,false
2781,2024-05-07,Store,Store 017,South,United Kingdom,Product 046,Toys,Toys 3,4,879.96,439.98,false
2782,2025-07-14,Online,Store 033,East,Italy,Product 114,Sports,Sports 3,4,1023.96,759.47,false
2783,2025-11-11,Store,Store 015,Central,Italy,Product 116,Home,Home 1,3,989.97,689.70,false
2784,2024-09-03,Store,Store 024,West,Germany,Product 111,Garden,Garden 4,7,1014.93,748.51,false
2785,2025-03-09,Online,Store 009,West,Italy,Product 024,Sports,Sports 1,3,1193.97,910.78,false
2786,2023-03-10,Online,Store 011,North,United Kingdom,Product 114,Sports,Sports 3,9,2303.91,1162.40,false
2787,2023-10-04,Online,Store 020,Central,Spain,Product 022,Toys,Toys 3,1,323.99,219.78,false
2788,2024-09-05,Store,Store 005,Central,United Kingdom,Product 072,Sports,Sports 1,10,1899.90,1424.35,false
2789,2025-04-09,Store,Store 030,Central,Germany,Product 056,Home,Home 1,1,93.99,54.06,false
2790,2024-02-29,Store,Store 011,North,United Kingdom,Product 073,Electronics,Electronics 2,1,226.99,142.54,false
2791,2025-11-16,Store,Store 030,Central,Germany,Product 024,Sports,Sports 1,3,1193.97,834.58,false
2792,2025-11-09,Store,Store 007,South,France,Product 082,Toys,Toys 3,9,575.91,384.86,false
2793,2023-12-06,Store,Store 004,West,Netherlands,Product 094,Toys,Toys 3,4,47.96,29.82,false
2794,2024-06-01,Store,Store 009,West,Italy,Product 008,Home,Home 1,7,2113.93,1650.77,false
2795,2024-07-26,Online,Store 006,North,Germany,Product 085,Electronics,Electronics 2,7,1224.93,692.34,false
2796,2024-09-14,Store,Store 024,West,Germany,Product 106,Toys,Toys 3,2,911.98,709.58,false
2797,2023-04-02,Store,Store 008,East,Spain,Product 011,Clothing,Clothing 4,6,2477.94,1876.34,false
2798,2024-11-10,Online,Store 021,North,Italy,Product 044,Home,Home 1,7,1021.93,540.90,false
2799,2024-08-04,Store,Store 032,South,Spain,Product 017,Clothing,Clothing 2,8,1111.92,639.40,false
2800,2024-06-15,Online,Store 039,West,Italy,Product 105,Garden,Garden 2,3,1256.97,677.23,false
2801,2025-01-06,Online,Store 036,North,Germany,Product 070,Toys,Toys 3,9,1043.91,591.88,false
2802,2025-10-17,Store,Store 015,Central,Italy,Product 116,Home,Home 1,8,2639.92,1722.50,false
2803,2023-01-07,Store,Store 033,East,Italy,Product 109,Electronics,Electronics 2,6,425.94,309.64,false
2804,2024-03-11,Store,Store 016,North,Netherlands,Product 012,Sports,Sports 1,7,3149.93,1803.49,false
2805,2024-01-10,Store,Store 033,East,Italy,Product 099,Garden,Garden 4,6,1181.94,923.57,false
2806,2024-06-15,Online,Store 006,North,Germany,Product 079,Electronics,Electronics 4,3,1346.97,831.21,false
2807,2025-01-17,Store,Store 032,South,Spain,Product 038,Home,Home 3,1,419.99,311.54,false
2808,2024-07-02,Online,Store 011,North,United Kingdom,Product 113,Clothing,Clothing 2,9,1970.91,1050.59,false
2809,2023-10-25,Store,Store 022,South,Netherlands,Product 040,Toys,Toys 1,9,4445.91,3216.56,false
2810,2025-09-29,Store,Store 036,North,Germany,Product 027,Garden,Garden 4,4,51.96,35.58,false
2811,2025-04-18,Online,Store 007,South,France,Product 011,Clothing,Clothing 4,2,825.98,549.84,false
2812,2023-03-18,Store,Store 021,North,Italy,Product 099,Garden,Garden 4,9,1772.91,1241.30,false
2813,2023-04-28,Store,Store 024,West,Germany,Product 093,Garden,Garden 2,10,4709.90,3471.18,false
2814,2023-08-17,Store,Store 006,North,Germany,Product 028,Toys,Toys 1,4,199.96,152.78,false
2815,2023-07-22,Store,Store 012,South,Germany,Product 112,Toys,Toys 1,7,1273.93,713.81,false
2816,2025-07-31,Store,Store 003,East,Italy,Product 109,Electronics,Electronics 2,1,70.99,48.80,false
2817,2023-10-18,Store,Store 016,North,Netherlands,Product 101,Clothing,Clothing 2,3,812.97,415.34,false
2818,2024-11-30,Store,Store 032,South,Spain,Product 061,Electronics,Electronics 2,7,1952.93,1511.88,false
2819,2024-04-28,Store,Store 017,South,United Kingdom,Product 081,Garden,Garden 2,5,134.95,74.49,false
2820,2024-01-13,Online,Store 021,North,Italy,Product 038,Home,Home 3,9,3779.91,2726.11,false
2821,2023-12-29,Online,Store 016,North,Netherlands,Product 115,Electronics,Electronics 4,5,1464.95,1026.10,false
2822,2024-07-25,Store,Store 014,West,Spain,Product 039,Garden,Garden 4,3,1370.97,820.89,false
2823,2025-05-03,Store,Store 005,Central,United Kingdom,Product 064,Toys,Toys 1,10,3899.90,2244.42,false
2824,2023-11-16,Online,Store 012,South,Germany,Product 091,Electronics,Electronics 4,8,3175.92,2345.43,false
2825,2023-06-22,Online,Store 033,East,Italy,Product 017,Clothing,Clothing 2,4,555.96,375.60,false
2826,2024-08-19,Online,Store 030,Central,Germany,Product 044,Home,Home 1,2,291.98,222.17,false
2827,2025-04-04,Store,Store 029,West,United Kingdom,Product 077,Clothing,Clothing 2,8,2999.92,2184.99,false
2828,2024-01-30,Online,Store 010,Central,Netherlands,Product 046,Toys,Toys 3,4,879.96,508.70,false
2829,2025-12-11,Online,Store 002,South,Spain,Product 038,Home,Home 3,2,839.98,606.84,false
2830,2024-11-21,Store,Store 013,East,France,Product 093,Garden,Garden 2,9,4238.91,2925.02,false
2831,2023-03-09,Online,Store 016,North,Netherlands,Product 117,Garden,Garden 2,4,1467.96,954.98,false
2832,2025-09-21,Online,Store 020,Central,Spain,Product 068,Home,Home 1,1,41.99,32.79,false
2833,2023-04-12,Online,Store 021,North,Italy,Product 068,Home,Home 1,7,293.93,208.09,false
2834,2025-04-21,Store,Store 006,North,Germany,Product 081,Garden,Garden 2,10,269.90,160.76,false
2835,2024-08-03,Online,Store 026,North,Spain,Product 111,Garden,Garden 4,3,434.97,271.82,false
2836,2024-10-29,Online,Store 011,North,United Kingdom,Product 012,Sports,Sports 1,1,449.99,274.84,false
2837,2023-03-12,Store,Store 014,West,Spain,Product 111,Garden,Garden 4,4,579.96,378.46,false
2838,2024-10-08,Store,Store 009,West,Italy,Product 032,Home,Home 1,2,395.98,234.88,false
2839,2024-03-14,Online,Store 032,South,Spain,Product 002,Home,Home 3,1,79.99,59.17,false
2840,2025-02-24,Store,Store 026,North,Spain,Product 012,Sports,Sports 1,8,3599.92,2308.00,false
2841,2023-09-09,Store,Store 035,Central,United Kingdom,Product 078,Sports,Sports 3,10,4119.90,3038.29,false
2842,2024-07-23,Online,Store 005,Central,United Kingdom,Product 079,Electronics,Electronics 4,1,448.99,351.13,false
2843,2025-08-18,Store,Store 026,North,Spain,Product 003,Garden,Garden 4,7,818.93,547.94,false
2844,2024-09-19,Store,Store 009,West,Italy,Product 057,Garden,Garden 2,8,1047.92,797.88,false
2845,2023-08-21,Store,Store 040,Central,Netherlands,Product 037,Electronics,Electronics 2,2,765.98,521.80,false
2846,2023-10-04,Online,Store 030,Central,Germany,Product 009,Garden,Garden 2,2,677.98,475.60,false
2847,2023-06-24,Store,Store 036,North,Germany,Product 003,Garden,Garden 4,4,467.96,373.18,false
2848,2025-08-05,Store,Store 002,South,Spain,Product 056,Home,Home 1,3,281.97,222.02,false
2849,2023-03-29,Online,Store 016,North,Netherlands,Product 064,Toys,Toys 1,2,779.98,441.35,false
2850,2024-10-23,Online,Store 008,East,Spain,Product 093,Garden,Garden 2,4,1883.96,1456.36,false
2851,2023-02-10,Store,Store 003,East,Italy,Product 016,Toys,Toys 1,10,1019.90,748.32,false
2852,2023-12-19,Online,Store 018,East,Germany,Product 069,Garden,Garden 2,2,157.98,97.24,false
2853,2025-10-21,Online,Store 009,West,Italy,Product 051,Garden,Garden 4,3,1214.97,862.05,false
2854,2023-10-12,Store,Store 007,South,France,Product 051,Garden,Garden 4,2,809.98,605.11,false
2855,2025-03-26,Store,Store 009,West,Italy,Product 050,Home,Home 3,1,367.99,252.88,false
2856,2023-07-28,Online,Store 006,North,Germany,Product 106,Toys,Toys 3,8,3647.92,1829.82,false
2857,2023-06-05,Online,Store 003,East,Italy,Product 053,Clothing,Clothing 2,10,4789.90,2464.26,false
2858,2024-09-25,Store,Store 016,North,Netherlands,Product 061,Electronics,Electronics 2,8,2231.92,1722.04,true
2859,2025-04-24,Store,Store 019,West,France,Product 015,Garden,Garden 4,2,129.98,94.36,false
2860,2024-12-08,Store,Store 034,West,Netherlands,Product 091,Electronics,Electronics 4,10,3969.90,2204.73,false
2861,2023-08-27,Store,Store 037,South,France,Product 119,Clothing,Clothing 4,6,2645.94,1420.92,false
2862,2024-11-28,Store,Store 033,East,Italy,Product 008,Home,Home 1,9,2717.91,1528.50,false
2863,2023-01-22,Store,Store 011,North,United Kingdom,Product 083,Clothing,Clothing 4,5,504.95,303.20,false
2864,2024-05-28,Online,Store 035,Central,United Kingdom,Product 073,Electronics,Electronics 2,10,2269.90,1165.72,false
2865,2025-04-28,Online,Store 030,Central,Germany,Product 063,Garden,Garden 4,6,2117.94,1685.32,false
2866,2024-05-08,Store,Store 025,Central,France,Product 096,Sports,Sports 1,1,85.99,55.04,false
2867,2023-03-07,Online,Store 036,North,Germany,Product 051,Garden,Garden 4,1,404.99,267.58,false
2868,2023-03-09,Online,Store 001,North,France,Product 094,Toys,Toys 3,1,11.99,8.72,false
2869,2024-02-09,Online,Store 005,Central,United Kingdom,Product 076,Toys,Toys 1,3,1013.97,702.58,false
2870,2023-06-24,Online,Store 034,West,Netherlands,Product 054,Sports,Sports 3,7,139.93,81.26,false
2871,2024-12-16,Online,Store 018,East,Germany,Product 007,Electronics,Electronics 4,7,1854.93,1389.40,false
2872,2024-08-20,Online,Store 032,South,Spain,Product 107,Clothing,Clothing 4,10,4929.90,2537.56,false
2873,2023-11-19,Store,Store 033,East,Italy,Product 003,Garden,Garden 4,3,350.97,239.39,false
2874,2024-04-16,Store,Store 026,North,Spain,Product 100,Toys,Toys 1,7,1637.93,914.57,false
2875,2025-04-03,Store,Store 012,South,Germany,Product 020,Home,Home 1,9,2249.91,1256.90,false
2876,2024-06-17,Store,Store 014,West,Spain,Product 086,Home,Home 3,4,847.96,593.88,false
2877,2023-04-14,Online,Store 016,North,Netherlands,Product 100,Toys,Toys 1,3,701.97,516.90,false
2878,2024-01-20,Store,Store 029,West,United Kingdom,Product 102,Sports,Sports 3,9,2771.91,1671.78,false
2879,2023-09-12,Store,Store 013,East,France,Product 046,Toys,Toys 3,6,1319.94,994.89,false
2880,2024-09-08,Store,Store 018,East,Germany,Product 096,Sports,Sports 1,1,85.99,59.69,false
2881,2024-05-16,Online,Store 001,North,France,Product 006,Sports,Sports 3,10,2279.90,1354.27,false
2882,2023-08-30,Store,Store 002,South,Spain,Product 092,Home,Home 1,9,3905.91,2050.48,false
2883,2025-10-11,Store,Store 028,East,Netherlands,Product 002,Home,Home 3,9,719.91,501.40,false
2884,2023-10-03,Store,Store 025,Central,France,Product 119,Clothing,Clothing 4,1,440.99,326.25,false
2885,2023-12-16,Store,Store 035,Central,United Kingdom,Product 038,Home,Home 3,2,839.98,597.70,false
2886,2024-04-07,Online,Store 040,Central,Netherlands,Product 086,Home,Home 3,2,423.98,219.91,false
2887,2024-05-17,Store,Store 030,Central,Germany,Product 085,Electronics,Electronics 2,5,874.95,679.73,false
2888,2025-07-10,Online,Store 031,North,France,Product 035,Clothing,Clothing 4,9,2780.91,1420.87,false
2889,2024-10-15,Online,Store 012,South,Germany,Product 113,Clothing,Clothing 2,9,1970.91,1081.78,false
2890,2025-09-23,Online,Store 001,North,France,Product 060,Sports,Sports 1,3,725.97,499.65,false
2891,2025-05-29,Store,Store 029,West,United Kingdom,Product 014,Home,Home 3,10,279.90,171.09,false
2892,2024-09-20,Online,Store 004,West,Netherlands,Product 111,Garden,Garden 4,6,869.94,565.19,false
2893,2024-02-15,Store,Store 013,East,France,Product 091,Electronics,Electronics 4,7,2778.93,2031.56,false
2894,2023-09-04,Online,Store 039,West,Italy,Product 101,Clothing,Clothing 2,7,1896.93,1131.42,false
2895,2024-09-18,Online,Store 025,Central,France,Product 105,Garden,Garden 2,5,2094.95,1220.14,false
2896,2025-04-09,Store,Store 029,West,United Kingdom,Product 029,Clothing,Clothing 2,1,86.99,43.56,false
2897,2024-04-10,Store,Store 034,West,Netherlands,Product 011,Clothing,Clothing 4,5,2064.95,1265.37,false
2898,2024-02-06,Online,Store 038,East,Spain,Product 004,Toys,Toys 1,10,1539.90,798.25,false
2899,2025-04-22,Store,Store 012,South,Germany,Product 045,Garden,Garden 2,2,365.98,211.94,false
2900,2023-05-29,Online,Store 039,West,Italy,Product 089,Clothing,Clothing 2,7,2260.93,1560.18,false
2901,2025-08-09,Store,Store 005,Central,United Kingdom,Product 058,Toys,Toys 3,8,1343.92,761.81,false
2902,2025-08-03,Store,Store 010,Central,Netherlands,Product 035,Clothing,Clothing 4,9,2780.91,1871.67,false
2903,2024-11-27,Online,Store 017,South,United Kingdom,Product 077,Clothing,Clothing 2,9,3374.91,2561.88,false
2904,2024-12-27,Online,Store 011,North,United Kingdom,Product 076,Toys,Toys 1,5,1689.95,1323.87,false
2905,2024-02-06,Store,Store 008,East,Spain,Product 100,Toys,Toys 1,9,2105.91,1300.79,false
2906,2023-08-24,Online,Store 028,East,Netherlands,Product 089,Clothing,Clothing 2,2,645.98,465.69,false
2907,2023-11-25,Online,Store 017,South,United Kingdom,Product 057,Garden,Garden 2,4,523.96,365.00,false
2908,2025-06-18,Store,Store 007,South,France,Product 020,Home,Home 1,1,249.99,174.36,false
2909,2024-12-04,Store,Store 033,East,Italy,Product 101,Clothing,Clothing 2,3,812.97,608.57,false
2910,2024-04-18,Store,Store 027,South,Italy,Product 101,Clothing,Clothing 2,9,2438.91,1831.98,false
2911,2024-02-04,Online,Store 021,North,Italy,Product 097,Electronics,Electronics 2,1,122.99,65.10,false
2912,2025-08-02,Store,Store 017,South,United Kingdom,Product 025,Electronics,Electronics 2,9,3914.91,2433.00,false
2913,2025-01-25,Store,Store 014,West,Spain,Product 073,Electronics,Electronics 2,8,1815.92,1024.18,false
2914,2024-01-08,Store,Store 024,West,Germany,Product 018,Sports,Sports 3,4,703.96,483.31,true
2915,2025-08-12,Store,Store 036,North,Germany,Product 091,Electronics,Electronics 4,4,1587.96,906.48,false
2916,2025-04-06,Online,Store 015,Central,Italy,Product 104,Home,Home 1,6,2291.94,1247.52,false
2917,2023-01-12,Online,Store 011,North,United Kingdom,Product 088,Toys,Toys 1,4,1143.96,599.46,false
2918,2024-11-03,Store,Store 010,Central,Netherlands,Product 081,Garden,Garden 2,2,53.98,38.28,false
2919,2024-03-22,Online,Store 029,West,United Kingdom,Product 086,Home,Home 3,10,2119.90,1441.16,false
2920,2023-03-02,Online,Store 015,Central,Italy,Product 052,Toys,Toys 1,7,3093.93,2146.91,false
2921,2024-07-30,Online,Store 039,West,Italy,Product 117,Garden,Garden 2,9,3302.91,2047.38,false
2922,2023-07-10,Online,Store 040,Central,Netherlands,Product 006,Sports,Sports 3,8,1823.92,971.43,false
2923,2025-06-15,Online,Store 035,Central,United Kingdom,Product 062,Home,Home 3,3,947.97,547.41,false
2924,2024-01-18,Online,Store 026,North,Spain,Product 022,Toys,Toys 3,5,1619.95,961.18,false
2925,2024-10-13,Online,Store 004,West,Netherlands,Product 057,Garden,Garden 2,3,392.97,200.20,false
2926,2023-05-15,Store,Store 028,East,Netherlands,Product 079,Electronics,Electronics 4,3,1346.97,882.54,false
2927,2024-12-29,Store,Store 007,South,France,Product 013,Electronics,Electronics 2,4,1947.96,1097.71,true
2928,2024-09-17,Store,Store 015,Central,Italy,Product 079,Electronics,Electronics 4,5,2244.95,1528.90,false
2929,2024-01-17,Store,Store 033,East,Italy,Product 061,Electronics,Electronics 2,3,836.97,612.85,false
2930,2025-08-14,Store,Store 024,West,Germany,Product 032,Home,Home 1,7,1385.93,879.00,false
2931,2023-05-06,Online,Store 030,Central,Germany,Product 051,Garden,Garden 4,10,4049.90,3124.37,false
2932,2025-07-27,Online,Store 031,North,France,Product 031,Electronics,Electronics 4,4,643.96,454.59,false
2933,2023-07-07,Online,Store 012,South,Germany,Product 117,Garden,Garden 2,9,3302.91,1784.03,false
2934,2024-05-21,Store,Store 029,West,United Kingdom,Product 070,Toys,Toys 3,4,463.96,356.26,false
2935,2024-01-19,Store,Store 026,North,Spain,Product 062,Home,Home 3,6,1895.94,1402.96,false
2936,2025-08-26,Store,Store 035,Central,United Kingdom,Product 099,Garden,Garden 4,8,1575.92,1229.97,false
2937,2023-04-16,Online,Store 039,West,Italy,Product 094,Toys,Toys 3,7,83.93,44.22,false
2938,2025-01-26,Store,Store 025,Central,France,Product 107,Clothing,Clothing 4,7,3450.93,1804.60,false
2939,2023-06-09,Online,Store 024,West,Germany,Product 050,Home,Home 3,4,1471.96,1143.77,false
2940,2023-01-04,Online,Store 038,East,Spain,Product 049,Electronics,Electronics 2,4,1323.96,1012.88,false
2941,2025-06-06,Store,Store 037,South,France,Product 099,Garden,Garden 4,5,984.95,601.72,false
2942,2025-06-20,Store,Store 020,Central,Spain,Product 001,Electronics,Electronics 2,2,85.98,65.74,false
2943,2024-08-29,Store,Store 004,West,Netherlands,Product 098,Home,Home 3,8,1279.92,836.37,false
2944,2023-02-07,Store,Store 016,North,Netherlands,Product 015,Garden,Garden 4,5,324.95,255.92,false
2945,2025-03-30,Store,Store 025,Central,France,Product 074,Home,Home 3,2,527.98,300.86,true
2946,2023-05-08,Store,Store 026,North,Spain,Product 089,Clothing,Clothing 2,7,2260.93,1271.27,false
2947,2025-05-30,Store,Store 012,South,Germany,Product 012,Sports,Sports 1,9,4049.91,2755.25,false
2948,2025-02-17,Store,Store 038,East,Spain,Product 051,Garden,Garden 4,2,809.98,422.10,false
2949,2023-06-17,Store,Store 014,West,Spain,Product 093,Garden,Garden 2,5,2354.95,1232.33,false
2950,2024-01-11,Store,Store 001,North,France,Product 051,Garden,Garden 4,3,1214.97,800.69,true
2951,2024-05-28,Online,Store 008,East,Spain,Product 112,Toys,Toys 1,3,545.97,392.89,false
2952,2024-05-30,Store,Store 012,South,Germany,Product 097,Electronics,Electronics 2,6,737.94,513.60,false
2953,2023-11-01,Store,Store 010,Central,Netherlands,Product 110,Home,Home 3,4,431.96,273.51,false
2954,2023-03-29,Store,Store 026,North,Spain,Product 085,Electronics,Electronics 2,6,1049.94,669.36,false
2955,2023-04-26,Online,Store 039,West,Italy,Product 054,Sports,Sports 3,10,199.90,153.70,false
2956,2025-09-01,Store,Store 008,East,Spain,Product 092,Home,Home 1,9,3905.91,2579.25,false
2957,2024-12-09,Online,Store 014,West,Spain,Product 064,Toys,Toys 1,6,2339.94,1804.44,false
2958,2025-02-07,Store,Store 022,South,Netherlands,Product 055,Electronics,Electronics 4,10,569.90,382.48,false
2959,2024-09-26,Online,Store 025,Central,France,Product 055,Electronics,Electronics 4,4,227.96,157.23,false
2960,2025-12-20,Store,Store 038,East,Spain,Product 041,Clothing,Clothing 2,3,104.97,74.92,false
2961,2023-11-19,Store,Store 023,East,United Kingdom,Product 020,Home,Home 1,6,1499.94,911.59,false
2962,2025-07-27,Online,Store 037,South,France,Product 038,Home,Home 3,7,2939.93,1608.25,false
2963,2023-01-15,Store,Store 026,North,Spain,Product 096,Sports,Sports 1,1,85.99,50.60,false
2964,2024-10-19,Store,Store 002,South,Spain,Product 006,Sports,Sports 3,3,683.97,485.05,false
2965,2024-07-21,Store,Store 033,East,Italy,Product 065,Clothing,Clothing 2,5,2134.95,1146.72,false
2966,2025-01-17,Online,Store 035,Central,United Kingdom,Product 068,Home,Home 1,7,293.93,209.88,false
2967,2024-10-26,Store,Store 014,West,Spain,Product 112,Toys,Toys 1,8,1455.92,786.59,false
2968,2025-08-05,Online,Store 028,East,Netherlands,Product 011,Clothing,Clothing 4,4,1651.96,1105.11,false
2969,2023-12-01,Store,Store 040,Central,Netherlands,Product 075,Garden,Garden 4,1,300.99,230.52,false
2970,2025-10-27,Online,Store 018,East,Germany,Product 064,Toys,Toys 1,8,3119.92,1574.98,false
2971,2024-06-06,Online,Store 036,North,Germany,Product 041,Clothing,Clothing 2,6,209.94,136.61,false
2972,2023-06-13,Online,Store 035,Central,United Kingdom,Product 107,Clothing,Clothing 4,9,4436.91,3265.61,false
2973,2023-03-16,Store,Store 024,West,Germany,Product 109,Electronics,Electronics 2,1,70.99,38.07,false
2974,2024-09-14,Store,Store 009,West,Italy,Product 004,Toys,Toys 1,6,923.94,645.71,true
2975,2024-01-20,Online,Store 014,West,Spain,Product 030,Sports,Sports 3,1,123.99,83.32,false
2976,2025-10-04,Online,Store 025,Central,France,Product 048,Sports,Sports 1,1,293.99,208.99,false
2977,2023-10-11,Online,Store 039,West,Italy,Product 039,Garden,Garden 4,8,3655.92,2715.39,false
2978,2025-09-10,Online,Store 040,Central,Netherlands,Product 094,Toys,Toys 3,1,11.99,6.08,false
2979,2024-09-02,Store,Store 020,Central,Spain,Product 096,Sports,Sports 1,5,429.95,236.75,false
2980,2023-11-09,Store,Store 004,West,Netherlands,Product 068,Home,Home 1,8,335.92,214.65,false
2981,2025-08-31,Online,Store 032,South,Spain,Product 025,Electronics,Electronics 2,4,1739.96,982.22,false
2982,2024-08-19,Store,Store 004,West,Netherlands,Product 020,Home,Home 1,4,999.96,748.38,false
2983,2025-12-11,Online,Store 022,South,Netherlands,Product 090,Sports,Sports 3,10,3599.90,2820.81,false
2984,2025-07-11,Store,Store 038,East,Spain,Product 030,Sports,Sports 3,10,1239.90,828.29,false
2985,2023-08-30,Online,Store 036,North,Germany,Product 025,Electronics,Electronics 2,7,3044.93,2245.34,false
2986,2024-09-20,Online,Store 017,South,United Kingdom,Product 005,Clothing,Clothing 2,6,1145.94,708.89,false
2987,2024-01-23,Online,Store 016,North,Netherlands,Product 018,Sports,Sports 3,4,703.96,549.08,false
2988,2025-08-14,Online,Store 039,West,Italy,Product 006,Sports,Sports 3,1,227.99,145.66,false
2989,2025-06-16,Online,Store 030,Central,Germany,Product 041,Clothing,Clothing 2,5,174.95,116.12,false
2990,2023-09-29,Store,Store 030,Central,Germany,Product 069,Garden,Garden 2,2,157.98,121.57,false
2991,2024-09-29,Online,Store 015,Central,Italy,Product 052,Toys,Toys 1,3,1325.97,753.28,false
2992,2025-11-30,Online,Store 037,South,France,Product 012,Sports,Sports 1,7,3149.93,2121.98,false
2993,2023-04-04,Store,Store 003,East,Italy,Product 065,Clothing,Clothing 2,5,2134.95,1462.84,false
2994,2025-02-14,Store,Store 010,Central,Netherlands,Product 076,Toys,Toys 1,3,1013.97,716.33,false
2995,2025-01-31,Store,Store 014,West,Spain,Product 073,Electronics,Electronics 2,4,907.96,641.70,false
2996,2024-02-13,Store,Store 027,South,Italy,Product 012,Sports,Sports 1,1,449.99,278.68,false
2997,2023-12-23,Store,Store 003,East,Italy,Product 053,Clothing,Clothing 2,10,4789.90,3351.84,false
2998,2025-04-16,Online,Store 016,North,Netherlands,Product 036,Sports,Sports 1,8,2767.92,1622.97,true
2999,2023-03-27,Online,Store 032,South,Spain,Product 051,Garden,Garden 4,3,1214.97,962.25,false
3000,2023-10-29,Online,Store 018,East,Germany,Product 098,Home,Home 3,3,479.97,298.88,false
3001,2023-11-29,Store,Store 013,East,France,Product 071,Clothing,Clothing 4,8,1223.92,930.72,false
3002,2024-08-21,Store,Store 006,North,Germany,Product 051,Garden,Garden 4,1,404.99,285.36,false
3003,2024-01-16,Store,Store 003,East,Italy,Product 112,Toys,Toys 1,2,363.98,243.63,false
3004,2023-07-15,Store,Store 014,West,Spain,Product 043,Electronics,Electronics 4,3,326.97,225.95,false
3005,2025-01-30,Online,Store 015,Central,Italy,Product 117,Garden,Garden 2,4,1467.96,907.28,false
3006,2025-04-11,Online,Store 024,West,Germany,Product 086,Home,Home 3,5,1059.95,629.82,false
3007,2025-05-25,Online,Store 025,Central,France,Product 033,Garden,Garden 2,3,704.97,490.41,false
3008,2025-09-03,Online,Store 021,North,Italy,Product 099,Garden,Garden 4,7,1378.93,742.39,false
3009,2023-08-14,Store,Store 033,East,Italy,Product 025,Electronics,Electronics 2,7,3044.93,1622.43,false
3010,2023-01-19,Online,Store 013,East,France,Product 020,Home,Home 1,10,2499.90,1379.49,false
3011,2024-09-16,Store,Store 021,North,Italy,Product 066,Sports,Sports 3,10,4639.90,2827.76,false
3012,2023-06-30,Store,Store 009,West,Italy,Product 097,Electronics,Electronics 2,9,1106.91,598.87,false
3013,2025-06-14,Store,Store 040,Central,Netherlands,Product 052,Toys,Toys 1,7,3093.93,2246.05,false
3014,2023-10-22,Online,Store 008,East,Spain,Product 109,Electronics,Electronics 2,2,141.98,103.07,false
3015,2025-07-06,Store,Store 014,West,Spain,Product 113,Clothing,Clothing 2,6,1313.94,737.02,false
3016,2025-06-07,Store,Store 022,South,Netherlands,Product 072,Sports,Sports 1,9,1709.91,958.73,false
3017,2025-07-16,Online,Store 037,South,France,Product 120,Sports,Sports 1,2,955.98,602.54,false
3018,2023-12-27,Store,Store 025,Central,France,Product 031,Electronics,Electronics 4,8,1287.92,682.37,false
3019,2023-07-02,Online,Store 012,South,Germany,Product 005,Clothing,Clothing 2,7,1336.93,679.31,false
3020,2024-07-14,Store,Store 039,West,Italy,Product 087,Garden,Garden 4,3,746.97,475.67,false
3021,2024-02-26,Store,Store 016,North,Netherlands,Product 049,Electronics,Electronics 2,9,2978.91,2080.04,false
3022,2024-08-07,Store,Store 007,South,France,Product 061,Electronics,Electronics 2,6,1673.94,1189.18,false
3023,2023-02-16,Store,Store 032,South,Spain,Product 051,Garden,Garden 4,8,3239.92,2073.07,false
3024,2023-06-08,Store,Store 003,East,Italy,Product 053,Clothing,Clothing 2,6,2873.94,1531.37,false
3025,2024-05-08,Store,Store 039,West,Italy,Product 088,Toys,Toys 1,3,857.97,477.43,false
3026,2024-10-07,Store,Store 021,North,Italy,Product 055,Electronics,Electronics 4,5,284.95,225.21,false
3027,2025-06-30,Store,Store 014,West,Spain,Product 055,Electronics,Electronics 4,9,512.91,348.66,false
3028,2025-10-11,Store,Store 005,Central,United Kingdom,Product 054,Sports,Sports 3,7,139.93,108.56,false
3029,2025-03-22,Store,Store 006,North,Germany,Product 087,Garden,Garden 4,9,2240.91,1245.32,false
3030,2023-04-26,Store,Store 012,South,Germany,Product 083,Clothing,Clothing 4,7,706.93,530.60,false
3031,2025-09-22,Store,Store 033,East,Italy,Product 001,Electronics,Electronics 2,2,85.98,46.48,false
3032,2023-04-27,Store,Store 028,East,Netherlands,Product 071,Clothing,Clothing 4,4,611.96,390.47,false
3033,2023-01-08,Store,Store 018,East,Germany,Product 108,Sports,Sports 1,9,305.91,224.33,false
3034,2024-03-29,Store,Store 030,Central,Germany,Product 104,Home,Home 1,2,763.98,402.03,false
3035,2025-04-13,Online,Store 029,West,United Kingdom,Product 068,Home,Home 1,10,419.90,230.81,false
3036,2025-03-05,Online,Store 034,West,Netherlands,Product 014,Home,Home 3,9,251.91,147.36,false
3037,2024-03-15,Store,Store 005,Central,United Kingdom,Product 099,Garden,Garden 4,8,1575.92,1237.60,false
3038,2024-10-02,Store,Store 003,East,Italy,Product 085,Electronics,Electronics 2,6,1049.94,770.14,false
3039,2024-02-09,Online,Store 033,East,Italy,Product 111,Garden,Garden 4,7,1014.93,640.70,false
3040,2025-03-02,Store,Store 039,West,Italy,Product 070,Toys,Toys 3,3,347.97,276.08,false
3041,2023-02-12,Online,Store 028,East,Netherlands,Product 030,Sports,Sports 3,3,371.97,268.54,false
3042,2023-08-30,Store,Store 001,North,France,Product 044,Home,Home 1,7,1021.93,794.91,false
3043,2024-06-30,Online,Store 018,East,Germany,Product 113,Clothing,Clothing 2,8,1751.92,1027.10,false
3044,2024-02-02,Online,Store 018,East,Germany,Product 027,Garden,Garden 4,4,51.96,41.48,false
3045,2025-10-25,Store,Store 003,East,Italy,Product 021,Garden,Garden 2,7,2008.93,1294.82,false
3046,2025-05-09,Store,Store 001,North,France,Product 103,Electronics,Electronics 4,8,2759.92,1748.08,false
3047,2023-01-06,Online,Store 019,West,France,Product 016,Toys,Toys 1,10,1019.90,635.05,false
3048,2025-05-04,Store,Store 014,West,Spain,Product 045,Garden,Garden 2,5,914.95,538.17,false
3049,2025-06-24,Store,Store 032,South,Spain,Product 089,Clothing,Clothing 2,9,2906.91,1892.61,false
3050,2024-10-17,Online,Store 013,East,France,Product 047,Clothing,Clothing 4,10,2569.90,1581.85,false
3051,2024-07-10,Online,Store 034,West,Netherlands,Product 094,Toys,Toys 3,1,11.99,9.00,false
3052,2024-03-25,Store,Store 035,Central,United Kingdom,Product 109,Electronics,Electronics 2,9,638.91,448.86,false
3053,2023-07-10,Online,Store 025,Central,France,Product 001,Electronics,Electronics 2,8,343.92,202.76,false
3054,2023-12-28,Online,Store 028,East,Netherlands,Product 113,Clothing,Clothing 2,7,1532.93,1119.79,false
3055,2023-03-28,Store,Store 012,South,Germany,Product 056,Home,Home 1,8,751.92,486.65,false
3056,2025-03-13,Store,Store 039,West,Italy,Product 007,Electronics,Electronics 4,2,529.98,402.77,false
3057,2024-09-14,Store,Store 035,Central,United Kingdom,Product 049,Electronics,Electronics 2,10,3309.90,2027.60,true
3058,2024-01-24,Store,Store 014,West,Spain,Product 055,Electronics,Electronics 4,3,170.97,113.85,false
3059,2023-07-02,Store,Store 028,East,Netherlands,Product 034,Toys,Toys 3,7,1903.93,1075.58,false
3060,2025-02-19,Store,Store 014,West,Spain,Product 013,Electronics,Electronics 2,6,2921.94,1710.71,false
3061,2025-04-25,Store,Store 007,South,France,Product 093,Garden,Garden 2,1,470.99,323.56,false
3062,2023-11-14,Online,Store 035,Central,United Kingdom,Product 042,Sports,Sports 3,1,71.99,50.48,false
3063,2025-03-12,Store,Store 014,West,Spain,Product 083,Clothing,Clothing 4,7,706.93,379.74,false
3064,2025-02-02,Store,Store 020,Central,Spain,Product 065,Clothing,Clothing 2,6,2561.94,1671.63,false
3065,2024-07-09,Store,Store 026,North,Spain,Product 087,Garden,Garden 4,1,248.99,134.56,false
3066,2025-08-06,Store,Store 029,West,United Kingdom,Product 043,Electronics,Electronics 4,6,653.94,371.42,false
3067,2025-01-19,Store,Store 007,South,France,Product 070,Toys,Toys 3,1,115.99,63.67,false
3068,2025-07-05,Store,Store 007,South,France,Product 076,Toys,Toys 1,6,2027.94,1401.22,false
3069,2025-02-16,Online,Store 036,North,Germany,Product 114,Sports,Sports 3,9,2303.91,1214.55,false
3070,2023-10-15,Store,Store 040,Central,Netherlands,Product 045,Garden,Garden 2,6,1097.94,596.87,false
3071,2023-09-19,Online,Store 002,South,Spain,Product 115,Electronics,Electronics 4,8,2343.92,1411.40,false
3072,2023-12-08,Online,Store 037,South,France,Product 015,Garden,Garden 4,9,584.91,296.40,false
3073,2023-04-24,Store,Store 028,East,Netherlands,Product 029,Clothing,Clothing 2,9,782.91,441.79,false
3074,2024-04-04,Online,Store 028,East,Netherlands,Product 017,Clothing,Clothing 2,2,277.98,221.45,false
3075,2023-05-30,Online,Store 031,North,France,Product 008,Home,Home 1,6,1811.94,1025.41,false
3076,2023-02-01,Store,Store 022,South,Netherlands,Product 034,Toys,Toys 3,10,2719.90,1867.20,false
3077,2025-03-19,Store,Store 020,Central,Spain,Product 068,Home,Home 1,5,209.95,111.23,true
3078,2023-06-08,Online,Store 028,East,Netherlands,Product 050,Home,Home 3,7,2575.93,1289.87,false
3079,2024-02-18,Store,Store 025,Central,France,Product 117,Garden,Garden 2,8,2935.92,1847.80,false
3080,2025-06-17,Store,Store 003,East,Italy,Product 030,Sports,Sports 3,2,247.98,180.90,false
3081,2023-03-21,Store,Store 030,Central,Germany,Product 093,Garden,Garden 2,1,470.99,351.62,false
3082,2023-09-22,Store,Store 010,Central,Netherlands,Product 050,Home,Home 3,8,2943.92,1635.71,false
3083,2025-05-17,Store,Store 018,East,Germany,Product 012,Sports,Sports 1,8,3599.92,2834.08,false
3084,2025-12-04,Store,Store 015,Central,Italy,Product 019,Electronics,Electronics 4,6,1277.94,945.70,false
3085,2025-12-31,Online,Store 024,West,Germany,Product 092,Home,Home 1,1,433.99,333.16,false
3086,2023-05-07,Store,Store 017,South,United Kingdom,Product 077,Clothing,Clothing 2,3,1124.97,676.18,false
3087,2024-09-28,Store,Store 024,West,Germany,Product 110,Home,Home 3,9,971.91,585.08,false
3088,2023-08-07,Store,Store 029,West,United Kingdom,Product 045,Garden,Garden 2,8,1463.92,851.05,false
3089,2025-02-20,Online,Store 017,South,United Kingdom,Product 005,Clothing,Clothing 2,10,1909.90,1044.33,false
3090,2023-04-12,Store,Store 023,East,United Kingdom,Product 071,Clothing,Clothing 4,5,764.95,424.68,false
3091,2023-05-05,Online,Store 020,Central,Spain,Product 090,Sports,Sports 3,2,719.98,384.09,false
3092,2023-10-19,Store,Store 014,West,Spain,Product 057,Garden,Garden 2,4,523.96,326.57,false
3093,2025-01-25,Store,Store 035,Central,United Kingdom,Product 096,Sports,Sports 1,2,171.98,108.43,false
3094,2025-10-29,Online,Store 006,North,Germany,Product 059,Clothing,Clothing 4,1,204.99,104.03,false
3095,2025-12-03,Store,Store 003,East,Italy,Product 080,Home,Home 1,1,485.99,307.43,false
3096,2024-07-04,Online,Store 003,East,Italy,Product 039,Garden,Garden 4,3,1370.97,955.33,false
3097,2024-08-27,Online,Store 002,South,Spain,Product 072,Sports,Sports 1,4,759.96,493.01,false
3098,2024-10-07,Online,Store 003,East,Italy,Product 034,Toys,Toys 3,5,1359.95,870.61,false
3099,2024-11-19,Online,Store 030,Central,Germany,Product 085,Electronics,Electronics 2,5,874.95,605.00,false
3100,2024-07-04,Online,Store 002,South,Spain,Product 032,Home,Home 1,10,1979.90,1565.60,false
3101,2024-12-14,Store,Store 025,Central,France,Product 117,Garden,Garden 2,1,366.99,217.76,false
3102,2025-01-26,Store,Store 008,East,Spain,Product 117,Garden,Garden 2,3,1100.97,626.60,false
3103,2023-08-06,Online,Store 011,North,United Kingdom,Product 080,Home,Home 1,7,3401.93,2114.82,false
3104,2024-02-15,Online,Store 010,Central,Netherlands,Product 075,Garden,Garden 4,1,300.99,190.06,false
3105,2023-07-05,Store,Store 016,North,Netherlands,Product 031,Electronics,Electronics 4,8,1287.92,742.85,false
3106,2024-04-10,Online,Store 015,Central,Italy,Product 023,Clothing,Clothing 4,10,3609.90,2426.80,false
3107,2025-03-01,Store,Store 038,East,Spain,Product 070,Toys,Toys 3,6,695.94,515.26,false
3108,2025-05-26,Store,Store 017,South,United Kingdom,Product 033,Garden,Garden 2,10,2349.90,1593.70,false
3109,2025-09-22,Store,Store 023,East,United Kingdom,Product 020,Home,Home 1,3,749.97,540.21,false
3110,2023-07-31,Store,Store 001,North,France,Product 091,Electronics,Electronics 4,7,2778.93,1680.90,false
3111,2024-07-16,Store,Store 033,East,Italy,Product 028,Toys,Toys 1,4,199.96,102.08,false
3112,2023-06-01,Online,Store 028,East,Netherlands,Product 054,Sports,Sports 3,10,199.90,124.50,false
3113,2025-02-10,Store,Store 032,South,Spain,Product 049,Electronics,Electronics 2,5,1654.95,1123.34,false
3114,2024-10-27,Store,Store 031,North,France,Product 063,Garden,Garden 4,7,2470.93,1343.89,false
3115,2023-07-04,Online,Store 003,East,Italy,Product 013,Electronics,Electronics 2,10,4869.90,2773.42,false
3116,2024-04-23,Online,Store 028,East,Netherlands,Product 095,Clothing,Clothing 4,7,342.93,247.92,false
3117,2023-12-19,Online,Store 021,North,Italy,Product 019,Electronics,Electronics 4,6,1277.94,689.98,false
3118,2023-08-31,Online,Store 019,West,France,Product 010,Toys,Toys 3,7,2631.93,1825.52,false
3119,2025-03-30,Online,Store 035,Central,United Kingdom,Product 116,Home,Home 1,7,2309.93,1542.20,false
3120,2023-03-30,Store,Store 015,Central,Italy,Product 118,Toys,Toys 3,3,1211.97,922.15,false
3121,2024-06-13,Store,Store 035,Central,United Kingdom,Product 120,Sports,Sports 1,2,955.98,517.13,false
3122,2024-03-08,Store,Store 001,North,France,Product 006,Sports,Sports 3,2,455.98,279.57,false
3123,2024-03-06,Online,Store 004,West,Netherlands,Product 118,Toys,Toys 3,6,2423.94,1374.31,false
3124,2023-10-20,Store,Store 021,North,Italy,Product 094,Toys,Toys 3,1,11.99,8.73,false
3125,2024-05-19,Store,Store 029,West,United Kingdom,Product 104,Home,Home 1,5,1909.95,1180.04,false
3126,2023-06-11,Store,Store 025,Central,France,Product 074,Home,Home 3,10,2639.90,1560.69,false
3127,2025-12-15,Online,Store 015,Central,Italy,Product 030,Sports,Sports 3,7,867.93,674.50,false
3128,2024-03-05,Online,Store 008,East,Spain,Product 057,Garden,Garden 2,10,1309.90,936.38,false
3129,2024-11-02,Online,Store 037,South,France,Product 082,Toys,Toys 3,10,639.90,500.25,false
3130,2023-06-08,Online,Store 021,North,Italy,Product 070,Toys,Toys 3,4,463.96,253.09,false
3131,2025-06-29,Store,Store 027,South,Italy,Product 020,Home,Home 1,8,1999.92,1540.98,false
3132,2025-12-16,Online,Store 008,East,Spain,Product 086,Home,Home 3,5,1059.95,740.77,false
3133,2024-09-05,Online,Store 035,Central,United Kingdom,Product 016,Toys,Toys 1,7,713.93,474.59,false
3134,2025-12-10,Online,Store 007,South,France,Product 031,Electronics,Electronics 4,9,1448.91,1005.51,false
3135,2025-03-18,Online,Store 033,East,Italy,Product 096,Sports,Sports 1,10,859.90,540.80,false
3136,2024-02-27,Store,Store 010,Central,Netherlands,Product 053,Clothing,Clothing 2,7,3352.93,2336.95,false
3137,2023-03-09,Online,Store 036,North,Germany,Product 071,Clothing,Clothing 4,1,152.99,106.40,false
3138,2024-07-06,Online,Store 009,West,Italy,Product 050,Home,Home 3,3,1103.97,849.32,false
3139,2024-04-18,Store,Store 035,Central,United Kingdom,Product 077,Clothing,Clothing 2,10,3749.90,2097.91,false
3140,2024-12-26,Store,Store 008,East,Spain,Product 070,Toys,Toys 3,7,811.93,629.64,false
3141,2023-06-17,Online,Store 016,North,Netherlands,Product 032,Home,Home 1,2,395.98,299.93,false
3142,2024-08-26,Store,Store 010,Central,Netherlands,Product 001,Electronics,Electronics 2,4,171.96,130.72,false
3143,2025-07-31,Store,Store 039,West,Italy,Product 044,Home,Home 1,5,729.95,450.66,false
3144,2023-11-21,Store,Store 024,West,Germany,Product 003,Garden,Garden 4,1,116.99,68.17,false
3145,2024-01-30,Store,Store 023,East,United Kingdom,Product 081,Garden,Garden 2,7,188.93,150.51,false
3146,2023-02-17,Store,Store 002,South,Spain,Product 076,Toys,Toys 1,3,1013.97,627.44,false
3147,2025-02-22,Store,Store 018,East,Germany,Product 017,Clothing,Clothing 2,2,277.98,218.34,false
3148,2024-03-26,Store,Store 038,East,Spain,Product 002,Home,Home 3,1,79.99,62.41,false
3149,2023-07-24,Store,Store 030,Central,Germany,Product 101,Clothing,Clothing 2,5,1354.95,1039.90,false
3150,2024-10-11,Online,Store 021,North,Italy,Product 027,Garden,Garden 4,10,129.90,83.78,false
3151,2023-09-19,Store,Store 020,Central,Spain,Product 109,Electronics,Electronics 2,5,354.95,209.48,false
3152,2024-01-22,Online,Store 029,West,United Kingdom,Product 084,Sports,Sports 1,8,1103.92,668.69,false
3153,2024-08-24,Store,Store 002,South,Spain,Product 023,Clothing,Clothing 4,7,2526.93,1602.15,false
3154,2023-01-25,Store,Store 031,North,France,Product 043,Electronics,Electronics 4,8,871.92,658.52,false
3155,2023-01-29,Store,Store 034,West,Netherlands,Product 058,Toys,Toys 3,1,167.99,122.76,false
3156,2023-01-22,Store,Store 015,Central,Italy,Product 066,Sports,Sports 3,3,1391.97,851.64,false
3157,2024-03-17,Store,Store 018,East,Germany,Product 116,Home,Home 1,1,329.99,211.59,false
3158,2024-06-21,Store,Store 024,West,Germany,Product 058,Toys,Toys 3,1,167.99,129.75,false
3159,2025-06-19,Store,Store 009,West,Italy,Product 115,Electronics,Electronics 4,1,292.99,182.60,false
3160,2023-08-28,Store,Store 001,North,France,Product 039,Garden,Garden 4,4,1827.96,1011.97,false
3161,2025-12-05,Store,Store 029,West,United Kingdom,Product 029,Clothing,Clothing 2,8,695.92,404.32,false
3162,2025-05-26,Store,Store 023,East,United Kingdom,Product 095,Clothing,Clothing 4,5,244.95,168.65,false
3163,2023-11-01,Online,Store 009,West,Italy,Product 084,Sports,Sports 1,1,137.99,90.49,false
3164,2023-03-04,Store,Store 018,East,Germany,Product 006,Sports,Sports 3,4,911.96,538.41,false
3165,2024-02-23,Online,Store 007,South,France,Product 042,Sports,Sports 3,9,647.91,488.94,false
3166,2024-12-27,Store,Store 015,Central,Italy,Product 106,Toys,Toys 3,2,911.98,656.49,false
3167,2023-10-06,Store,Store 012,South,Germany,Product 032,Home,Home 1,7,1385.93,837.86,false
3168,2025-05-31,Store,Store 028,East,Netherlands,Product 088,Toys,Toys 1,8,2287.92,1239.17,false
3169,2025-12-18,Online,Store 013,East,France,Product 085,Electronics,Electronics 2,5,874.95,550.75,false
3170,2023-06-22,Online,Store 033,East,Italy,Product 075,Garden,Garden 4,6,1805.94,957.32,false
3171,2024-10-30,Store,Store 012,South,Germany,Product 110,Home,Home 3,5,539.95,354.33,false
3172,2025-10-25,Store,Store 008,East,Spain,Product 031,Electronics,Electronics 4,1,160.99,82.06,false
3173,2025-03-05,Store,Store 019,West,France,Product 083,Clothing,Clothing 4,2,201.98,106.87,false
3174,2024-08-17,Store,Store 021,North,Italy,Product 064,Toys,Toys 1,8,3119.92,2170.08,false
3175,2023-03-09,Store,Store 036,North,Germany,Product 077,Clothing,Clothing 2,4,1499.96,1141.05,false
3176,2023-11-23,Store,Store 034,West,Netherlands,Product 117,Garden,Garden 2,6,2201.94,1298.84,false
3177,2023-02-16,Online,Store 003,East,Italy,Product 096,Sports,Sports 1,1,85.99,66.70,false
3178,2025-09-11,Online,Store 023,East,United Kingdom,Product 118,Toys,Toys 3,4,1615.96,1165.17,false
3179,2023-09-02,Online,Store 024,West,Germany,Product 081,Garden,Garden 2,10,269.90,141.92,false
3180,2024-02-16,Store,Store 003,East,Italy,Product 041,Clothing,Clothing 2,9,314.91,223.61,false
3181,2023-11-05,Store,Store 009,West,Italy,Product 059,Clothing,Clothing 4,3,614.97,351.68,false
3182,2025-06-25,Store,Store 008,East,Spain,Product 105,Garden,Garden 2,3,1256.97,729.46,false
3183,2025-09-06,Store,Store 002,South,Spain,Product 068,Home,Home 1,8,335.92,268.58,false
3184,2024-05-04,Online,Store 005,Central,United Kingdom,Product 049,Electronics,Electronics 2,7,2316.93,1169.65,false
3185,2023-07-21,Store,Store 022,South,Netherlands,Product 025,Electronics,Electronics 2,7,3044.93,2161.52,false
3186,2025-05-28,Store,Store 039,West,Italy,Product 052,Toys,Toys 1,9,3977.91,2296.21,false
3187,2024-07-19,Online,Store 020,Central,Spain,Product 036,Sports,Sports 1,8,2767.92,1485.88,false
3188,2023-04-21,Store,Store 016,North,Netherlands,Product 027,Garden,Garden 4,6,77.94,54.16,false
3189,2023-04-04,Online,Store 006,North,Germany,Product 038,Home,Home 3,4,1679.96,955.22,false
3190,2023-06-27,Store,Store 009,West,Italy,Product 061,Electronics,Electronics 2,8,2231.92,1691.66,false
3191,2024-08-29,Store,Store 016,North,Netherlands,Product 055,Electronics,Electronics 4,3,170.97,90.47,false
3192,2025-05-01,Store,Store 021,North,Italy,Product 026,Home,Home 3,6,2831.94,1702.56,false
3193,2024-05-29,Store,Store 013,East,France,Product 118,Toys,Toys 3,9,3635.91,2063.09,false
3194,2024-12-10,Store,Store 025,Central,France,Product 070,Toys,Toys 3,3,347.97,253.48,false
3195,2023-03-08,Online,Store 002,South,Spain,Product 114,Sports,Sports 3,2,511.98,371.35,false
3196,2024-02-10,Store,Store 017,South,United Kingdom,Product 089,Clothing,Clothing 2,1,322.99,168.88,false
3197,2024-12-21,Store,Store 012,South,Germany,Product 038,Home,Home 3,2,839.98,610.12,false
3198,2024-07-15,Store,Store 025,Central,France,Product 079,Electronics,Electronics 4,9,4040.91,2625.27,true
3199,2023-11-17,Online,Store 032,South,Spain,Product 058,Toys,Toys 3,10,1679.90,1295.38,false
3200,2023-08-08,Store,Store 008,East,Spain,Product 095,Clothing,Clothing 4,9,440.91,251.17,false
3201,2023-12-23,Online,Store 039,West,Italy,Product 025,Electronics,Electronics 2,7,3044.93,1594.89,false
3202,2024-11-10,Store,Store 026,North,Spain,Product 026,Home,Home 3,10,4719.90,3082.77,false
3203,2024-01-19,Online,Store 021,North,Italy,Product 062,Home,Home 3,5,1579.95,1030.20,false
3204,2023-05-23,Online,Store 030,Central,Germany,Product 115,Electronics,Electronics 4,4,1171.96,735.97,false
3205,2023-08-20,Store,Store 013,East,France,Product 045,Garden,Garden 2,6,1097.94,792.50,false
3206,2023-12-25,Online,Store 035,Central,United Kingdom,Product 103,Electronics,Electronics 4,2,689.98,524.07,false
3207,2025-04-04,Store,Store 033,East,Italy,Product 109,Electronics,Electronics 2,8,567.92,401.70,false
3208,2024-10-06,Store,Store 016,North,Netherlands,Product 039,Garden,Garden 4,1,456.99,250.40,false
3209,2025-08-25,Store,Store 017,South,United Kingdom,Product 016,Toys,Toys 1,10,1019.90,676.53,false
3210,2024-05-05,Store,Store 019,West,France,Product 103,Electronics,Electronics 4,10,3449.90,1977.52,false
3211,2024-12-08,Store,Store 004,West,Netherlands,Product 074,Home,Home 3,2,527.98,396.51,false
3212,2025-08-10,Store,Store 014,West,Spain,Product 115,Electronics,Electronics 4,4,1171.96,838.04,false
3213,2025-05-05,Online,Store 035,Central,United Kingdom,Product 017,Clothing,Clothing 2,7,972.93,629.08,false
3214,2023-02-05,Online,Store 003,East,Italy,Product 045,Garden,Garden 2,6,1097.94,700.97,false
3215,2024-11-06,Store,Store 004,West,Netherlands,Product 091,Electronics,Electronics 4,7,2778.93,1832.14,false
3216,2024-02-03,Online,Store 031,North,France,Product 094,Toys,Toys 3,7,83.93,66.98,false
3217,2023-10-11,Online,Store 038,East,Spain,Product 064,Toys,Toys 1,3,1169.97,855.60,false
3218,2025-05-20,Store,Store 016,North,Netherlands,Product 050,Home,Home 3,5,1839.95,1082.73,false
3219,2025-07-09,Online,Store 032,South,Spain,Product 115,Electronics,Electronics 4,6,1757.94,965.26,false
3220,2023-12-16,Store,Store 028,East,Netherlands,Product 105,Garden,Garden 2,2,837.98,577.25,false
3221,2024-03-21,Store,Store 008,East,Spain,Product 101,Clothing,Clothing 2,1,270.99,186.36,false
3222,2023-10-05,Online,Store 006,North,Germany,Product 113,Clothing,Clothing 2,7,1532.93,836.34,false
3223,2024-04-01,Online,Store 026,North,Spain,Product 016,Toys,Toys 1,8,815.92,603.88,false
3224,2024-04-25,Store,Store 009,West,Italy,Product 093,Garden,Garden 2,2,941.98,491.20,false
3225,2025-04-14,Online,Store 037,South,France,Product 052,Toys,Toys 1,2,883.98,625.92,false
3226,2025-08-10,Store,Store 001,North,France,Product 048,Sports,Sports 1,10,2939.90,1831.31,false
3227,2024-10-19,Store,Store 029,West,United Kingdom,Product 100,Toys,Toys 1,8,1871.92,1345.41,false
3228,2024-11-18,Online,Store 020,Central,Spain,Product 068,Home,Home 1,3,125.97,94.56,false
3229,2023-06-18,Online,Store 037,South,France,Product 081,Garden,Garden 2,6,161.94,129.21,false
3230,2025-05-09,Store,Store 029,West,United Kingdom,Product 041,Clothing,Clothing 2,3,104.97,72.64,false
3231,2023-06-15,Store,Store 015,Central,Italy,Product 014,Home,Home 3,1,27.99,16.14,false
3232,2025-07-16,Store,Store 015,Central,Italy,Product 024,Sports,Sports 1,5,1989.95,1528.53,false
3233,2025-12-21,Store,Store 036,North,Germany,Product 015,Garden,Garden 4,10,649.90,486.52,false
3234,2025-01-12,Online,Store 031,North,France,Product 100,Toys,Toys 1,3,701.97,398.32,false
3235,2024-08-28,Store,Store 015,Central,Italy,Product 061,Electronics,Electronics 2,4,1115.96,577.16,false
3236,2023-11-28,Store,Store 011,North,United Kingdom,Product 027,Garden,Garden 4,5,64.95,46.93,false
3237,2023-01-03,Store,Store 021,North,Italy,Product 054,Sports,Sports 3,5,99.95,59.35,false
3238,2023-12-23,Store,Store 018,East,Germany,Product 058,Toys,Toys 3,10,1679.90,940.99,false
3239,2025-12-10,Online,Store 008,East,Spain,Product 029,Clothing,Clothing 2,3,260.97,206.63,false
3240,2025-09-29,Online,Store 017,South,United Kingdom,Product 058,Toys,Toys 3,8,1343.92,741.94,false
3241,2023-03-18,Online,Store 004,West,Netherlands,Product 025,Electronics,Electronics 2,1,434.99,299.50,false
3242,2023-01-24,Store,Store 032,South,Spain,Product 086,Home,Home 3,1,211.99,110.90,false
3243,2024-05-26,Store,Store 008,East,Spain,Product 110,Home,Home 3,3,323.97,168.90,false
3244,2023-10-21,Store,Store 040,Central,Netherlands,Product 070,Toys,Toys 3,2,231.98,185.17,false
3245,2024-08-03,Online,Store 005,Central,United Kingdom,Product 104,Home,Home 1,9,3437.91,2340.34,false
3246,2025-09-21,Online,Store 040,Central,Netherlands,Product 043,Electronics,Electronics 4,7,762.93,521.34,false
3247,2025-05-19,Store,Store 030,Central,Germany,Product 105,Garden,Garden 2,5,2094.95,1631.27,false
3248,2025-08-26,Online,Store 033,East,Italy,Product 010,Toys,Toys 3,1,375.99,227.45,false
3249,2024-01-17,Store,Store 007,South,France,Product 085,Electronics,Electronics 2,5,874.95,536.15,false
3250,2023-09-30,Online,Store 027,South,Italy,Product 116,Home,Home 1,7,2309.93,1175.05,false
3251,2025-12-03,Store,Store 039,West,Italy,Product 028,Toys,Toys 1,2,99.98,62.95,false
3252,2024-07-03,Online,Store 020,Central,Spain,Product 018,Sports,Sports 3,4,703.96,387.52,false
3253,2023-08-21,Online,Store 040,Central,Netherlands,Product 036,Sports,Sports 1,1,345.99,255.59,false
3254,2024-02-08,Online,Store 025,Central,France,Product 083,Clothing,Clothing 4,7,706.93,413.39,false
3255,2023-05-29,Online,Store 010,Central,Netherlands,Product 054,Sports,Sports 3,9,179.91,94.32,false
3256,2025-12-14,Store,Store 015,Central,Italy,Product 098,Home,Home 3,9,1439.91,893.35,false
3257,2023-04-25,Online,Store 001,North,France,Product 021,Garden,Garden 2,5,1434.95,783.76,false
3258,2025-06-14,Store,Store 028,East,Netherlands,Product 018,Sports,Sports 3,2,351.98,249.50,false
3259,2025-10-08,Store,Store 035,Central,United Kingdom,Product 069,Garden,Garden 2,10,789.90,492.24,false
3260,2023-09-17,Store,Store 009,West,Italy,Product 093,Garden,Garden 2,3,1412.97,1046.14,false
3261,2023-12-15,Store,Store 019,West,France,Product 049,Electronics,Electronics 2,5,1654.95,1076.59,false
3262,2024-02-04,Store,Store 010,Central,Netherlands,Product 105,Garden,Garden 2,8,3351.92,2038.97,false
3263,2023-08-17,Store,Store 030,Central,Germany,Product 008,Home,Home 1,6,1811.94,1013.38,false
3264,2023-08-03,Store,Store 023,East,United Kingdom,Product 037,Electronics,Electronics 2,6,2297.94,1398.22,false
3265,2023-05-31,Store,Store 029,West,United Kingdom,Product 013,Electronics,Electronics 2,3,1460.97,894.93,false
3266,2023-03-21,Online,Store 017,South,United Kingdom,Product 107,Clothing,Clothing 4,9,4436.91,2823.86,false
3267,2025-08-17,Store,Store 025,Central,France,Product 119,Clothing,Clothing 4,6,2645.94,1837.64,false
3268,2023-08-02,Online,Store 030,Central,Germany,Product 089,Clothing,Clothing 2,2,645.98,498.20,false
3269,2024-01-11,Store,Store 036,North,Germany,Product 093,Garden,Garden 2,8,3767.92,2608.19,false
3270,2025-09-22,Store,Store 029,West,United Kingdom,Product 096,Sports,Sports 1,5,429.95,333.96,false
3271,2025-12-29,Store,Store 020,Central,Spain,Product 048,Sports,Sports 1,9,2645.91,1936.57,false
3272,2023-01-24,Store,Store 012,South,Germany,Product 047,Clothing,Clothing 4,2,513.98,283.22,false
3273,2024-08-12,Store,Store 029,West,United Kingdom,Product 014,Home,Home 3,1,27.99,19.79,false
3274,2025-01-26,Store,Store 014,West,Spain,Product 053,Clothing,Clothing 2,8,3831.92,2055.48,false
3275,2025-06-26,Store,Store 002,South,Spain,Product 070,Toys,Toys 3,10,1159.90,777.68,false
3276,2023-09-07,Online,Store 029,West,United Kingdom,Product 016,Toys,Toys 1,3,305.97,158.63,false
3277,2023-01-29,Online,Store 007,South,France,Product 061,Electronics,Electronics 2,10,2789.90,2109.69,false
3278,2024-09-24,Online,Store 036,North,Germany,Product 021,Garden,Garden 2,4,1147.96,859.27,false
3279,2024-12-29,Store,Store 014,West,Spain,Product 017,Clothing,Clothing 2,6,833.94,507.85,false
3280,2023-06-24,Store,Store 011,North,United Kingdom,Product 004,Toys,Toys 1,2,307.98,240.09,false
3281,2024-11-13,Store,Store 023,East,United Kingdom,Product 010,Toys,Toys 3,4,1503.96,798.29,false
3282,2023-08-23,Store,Store 038,East,Spain,Product 081,Garden,Garden 2,5,134.95,88.23,false
3283,2023-03-20,Store,Store 023,East,United Kingdom,Product 005,Clothing,Clothing 2,8,1527.92,1010.10,false
3284,2025-07-07,Store,Store 005,Central,United Kingdom,Product 017,Clothing,Clothing 2,8,1111.92,832.86,false
3285,2023-08-04,Store,Store 006,North,Germany,Product 099,Garden,Garden 4,8,1575.92,1204.41,false
3286,2025-05-28,Store,Store 031,North,France,Product 021,Garden,Garden 2,10,2869.90,1505.10,false
3287,2025-06-11,Store,Store 028,East,Netherlands,Product 047,Clothing,Clothing 4,2,513.98,270.54,false
3288,2023-03-20,Store,Store 027,South,Italy,Product 040,Toys,Toys 1,1,493.99,371.27,false
3289,2024-12-04,Online,Store 006,North,Germany,Product 002,Home,Home 3,2,159.98,126.59,false
3290,2023-03-27,Store,Store 012,South,Germany,Product 055,Electronics,Electronics 4,5,284.95,168.21,false
3291,2023-10-16,Online,Store 011,North,United Kingdom,Product 103,Electronics,Electronics 4,7,2414.93,1344.50,false
3292,2023-12-25,Online,Store 003,East,Italy,Product 082,Toys,Toys 3,10,639.90,421.46,false
3293,2024-04-07,Online,Store 039,West,Italy,Product 077,Clothing,Clothing 2,2,749.98,389.36,false
3294,2024-07-11,Online,Store 036,North,Germany,Product 066,Sports,Sports 3,5,2319.95,1273.21,false
3295,2023-03-13,Online,Store 021,North,Italy,Product 065,Clothing,Clothing 2,5,2134.95,1391.79,false
3296,2025-06-29,Online,Store 036,North,Germany,Product 115,Electronics,Electronics 4,1,292.99,151.54,false
3297,2023-10-18,Store,Store 007,South,France,Product 038,Home,Home 3,8,3359.92,1814.01,false
3298,2023-10-11,Online,Store 032,South,Spain,Product 119,Clothing,Clothing 4,1,440.99,251.39,false
3299,2023-07-10,Online,Store 012,South,Germany,Product 004,Toys,Toys 1,3,461.97,299.31,false
3300,2023-11-28,Store,Store 024,West,Germany,Product 011,Clothing,Clothing 4,7,2890.93,1530.26,false
3301,2023-12-04,Online,Store 028,East,Netherlands,Product 098,Home,Home 3,5,799.95,628.25,false
3302,2023-08-09,Store,Store 005,Central,United Kingdom,Product 070,Toys,Toys 3,6,695.94,497.89,false
3303,2024-08-31,Store,Store 029,West,United Kingdom,Product 113,Clothing,Clothing 2,8,1751.92,1324.17,false
3304,2023-05-30,Store,Store 026,North,Spain,Product 018,Sports,Sports 3,9,1583.91,817.51,false
3305,2024-09-18,Online,Store 002,South,Spain,Product 013,Electronics,Electronics 2,4,1947.96,998.95,false
3306,2023-01-09,Online,Store 033,East,Italy,Product 080,Home,Home 1,6,2915.94,1878.18,false
3307,2025-03-04,Store,Store 016,North,Netherlands,Product 087,Garden,Garden 4,10,2489.90,1424.81,false
3308,2024-01-16,Online,Store 031,North,France,Product 028,Toys,Toys 1,7,349.93,248.81,false
3309,2023-07-13,Store,Store 037,South,France,Product 010,Toys,Toys 3,6,2255.94,1423.64,false
3310,2023-12-16,Store,Store 003,East,Italy,Product 029,Clothing,Clothing 2,9,782.91,534.53,false
3311,2024-07-16,Store,Store 034,West,Netherlands,Product 006,Sports,Sports 3,6,1367.94,1006.06,false
3312,2024-09-24,Store,Store 026,North,Spain,Product 113,Clothing,Clothing 2,9,1970.91,1153.63,false
3313,2023-02-19,Store,Store 010,Central,Netherlands,Product 111,Garden,Garden 4,2,289.98,168.58,false
3314,2025-09-19,Store,Store 036,North,Germany,Product 111,Garden,Garden 4,8,1159.92,770.66,false
3315,2024-02-09,Online,Store 011,North,United Kingdom,Product 026,Home,Home 3,9,4247.91,2762.36,false
3316,2023-04-02,Store,Store 017,South,United Kingdom,Product 022,Toys,Toys 3,2,647.98,516.62,false
3317,2023-02-06,Online,Store 023,East,United Kingdom,Product 020,Home,Home 1,10,2499.90,1387.11,false
3318,2024-06-03,Online,Store 010,Central,Netherlands,Product 083,Clothing,Clothing 4,8,807.92,460.08,false
3319,2024-08-02,Store,Store 019,West,France,Product 071,Clothing,Clothing 4,7,1070.93,707.15,false
3320,2024-12-06,Online,Store 020,Central,Spain,Product 112,Toys,Toys 1,4,727.96,518.34,false
3321,2023-01-30,Online,Store 027,South,Italy,Product 024,Sports,Sports 1,1,397.99,278.44,false
3322,2023-07-03,Online,Store 012,South,Germany,Product 091,Electronics,Electronics 4,8,3175.92,1928.28,false
3323,2024-04-30,Store,Store 006,North,Germany,Product 034,Toys,Toys 3,1,271.99,149.31,false
3324,2024-01-04,Store,Store 014,West,Spain,Product 016,Toys,Toys 1,6,611.94,405.75,false
3325,2024-04-08,Online,Store 032,South,Spain,Product 081,Garden,Garden 2,7,188.93,139.82,false
3326,2023-07-03,Online,Store 036,North,Germany,Product 064,Toys,Toys 1,3,1169.97,845.71,false
3327,2025-04-08,Online,Store 005,Central,United Kingdom,Product 015,Garden,Garden 4,10,649.90,484.15,false
3328,2024-02-15,Online,Store 016,North,Netherlands,Product 095,Clothing,Clothing 4,6,293.94,229.96,false
3329,2023-09-20,Store,Store 016,North,Netherlands,Product 084,Sports,Sports 1,7,965.93,576.94,false
3330,2025-02-12,Store,Store 037,South,France,Product 066,Sports,Sports 3,10,4639.90,2938.93,false
3331,2023-03-06,Store,Store 040,Central,Netherlands,Product 090,Sports,Sports 3,5,1799.95,1408.48,false
3332,2023-03-17,Store,Store 005,Central,United Kingdom,Product 005,Clothing,Clothing 2,2,381.98,258.12,false
3333,2023-10-04,Online,Store 005,Central,United Kingdom,Product 031,Electronics,Electronics 4,5,804.95,533.44,false
3334,2025-11-12,Store,Store 023,East,United Kingdom,Product 051,Garden,Garden 4,8,3239.92,2026.56,false
3335,2023-10-23,Online,Store 024,West,Germany,Product 034,Toys,Toys 3,7,1903.93,1075.50,false
3336,2025-07-14,Online,Store 002,South,Spain,Product 010,Toys,Toys 3,1,375.99,192.11,false
3337,2024-11-21,Store,Store 008,East,Spain,Product 032,Home,Home 1,5,989.95,661.02,false
3338,2025-04-07,Online,Store 038,East,Spain,Product 020,Home,Home 1,2,499.98,313.84,false
3339,2025-02-01,Store,Store 002,South,Spain,Product 048,Sports,Sports 1,6,1763.94,1073.09,false
3340,2025-08-20,Online,Store 027,South,Italy,Product 089,Clothing,Clothing 2,7,2260.93,1211.40,false
3341,2024-11-08,Online,Store 021,North,Italy,Product 113,Clothing,Clothing 2,5,1094.95,754.55,false
3342,2024-02-22,Store,Store 025,Central,France,Product 083,Clothing,Clothing 4,4,403.96,315.36,false
3343,2024-03-02,Online,Store 005,Central,United Kingdom,Product 111,Garden,Garden 4,10,1449.90,1083.16,false
3344,2023-09-12,Online,Store 037,South,France,Product 053,Clothing,Clothing 2,8,3831.92,2568.22,false
3345,2024-05-12,Online,Store 021,North,Italy,Product 112,Toys,Toys 1,3,545.97,274.07,false
3346,2025-09-23,Online,Store 005,Central,United Kingdom,Product 043,Electronics,Electronics 4,5,544.95,299.06,false
3347,2024-01-22,Store,Store 001,North,France,Product 017,Clothing,Clothing 2,1,138.99,82.40,false
3348,2024-12-03,Online,Store 031,North,France,Product 119,Clothing,Clothing 4,4,1763.96,1001.73,false
3349,2025-02-21,Store,Store 021,North,Italy,Product 074,Home,Home 3,5,1319.95,841.54,false
3350,2024-09-30,Store,Store 033,East,Italy,Product 003,Garden,Garden 4,2,233.98,124.19,false
3351,2024-02-10,Store,Store 013,East,France,Product 107,Clothing,Clothing 4,3,1478.97,1020.44,false
3352,2024-12-14,Store,Store 036,North,Germany,Product 093,Garden,Garden 2,2,941.98,485.68,false
3353,2024-08-08,Store,Store 016,North,Netherlands,Product 030,Sports,Sports 3,5,619.95,364.15,false
3354,2024-07-23,Store,Store 006,North,Germany,Product 107,Clothing,Clothing 4,7,3450.93,2031.07,false
3355,2023-09-16,Store,Store 020,Central,Spain,Product 098,Home,Home 3,5,799.95,628.46,false
3356,2023-03-15,Store,Store 019,West,France,Product 093,Garden,Garden 2,5,2354.95,1422.15,false
3357,2024-08-19,Store,Store 024,West,Germany,Product 035,Clothing,Clothing 4,4,1235.96,723.11,false
3358,2025-11-20,Store,Store 035,Central,United Kingdom,Product 086,Home,Home 3,3,635.97,464.84,false
3359,2025-05-03,Store,Store 032,South,Spain,Product 034,Toys,Toys 3,9,2447.91,1236.26,false
3360,2025-06-21,Store,Store 015,Central,Italy,Product 021,Garden,Garden 2,5,1434.95,933.79,false
3361,2024-03-31,Store,Store 015,Central,Italy,Product 002,Home,Home 3,3,239.97,139.26,false
3362,2024-05-16,Store,Store 005,Central,United Kingdom,Product 114,Sports,Sports 3,10,2559.90,1884.11,false
3363,2024-11-14,Online,Store 039,West,Italy,Product 100,Toys,Toys 1,7,1637.93,1053.83,false
3364,2023-08-29,Store,Store 038,East,Spain,Product 020,Home,Home 1,7,1749.93,1018.43,true
3365,2025-05-12,Online,Store 014,West,Spain,Product 101,Clothing,Clothing 2,6,1625.94,936.76,false
3366,2025-08-05,Store,Store 022,South,Netherlands,Product 050,Home,Home 3,2,735.98,500.75,false
3367,2024-04-17,Online,Store 020,Central,Spain,Product 086,Home,Home 3,6,1271.94,804.23,false
3368,2024-05-03,Store,Store 034,West,Netherlands,Product 091,Electronics,Electronics 4,6,2381.94,1530.52,false
3369,2024-09-16,Online,Store 032,South,Spain,Product 047,Clothing,Clothing 4,1,256.99,159.68,false
3370,2024-04-03,Online,Store 003,East,Italy,Product 074,Home,Home 3,2,527.98,285.91,false
3371,2025-04-01,Store,Store 038,East,Spain,Product 076,Toys,Toys 1,4,1351.96,934.44,false
3372,2024-11-18,Store,Store 035,Central,United Kingdom,Product 095,Clothing,Clothing 4,10,489.90,375.59,false
3373,2025-01-02,Store,Store 012,South,Germany,Product 104,Home,Home 1,6,2291.94,1388.42,false
3374,2024-01-29,Store,Store 009,West,Italy,Product 096,Sports,Sports 1,2,171.98,120.13,false
3375,2024-04-12,Online,Store 014,West,Spain,Product 119,Clothing,Clothing 4,7,3086.93,2107.71,false
3376,2025-12-26,Online,Store 033,East,Italy,Product 009,Garden,Garden 2,2,677.98,537.52,false
3377,2023-03-24,Store,Store 039,West,Italy,Product 015,Garden,Garden 4,10,649.90,444.84,false
3378,2023-02-05,Online,Store 023,East,United Kingdom,Product 050,Home,Home 3,9,3311.91,2572.48,true
3379,2024-09-16,Online,Store 010,Central,Netherlands,Product 058,Toys,Toys 3,1,167.99,85.97,false
3380,2023-01-04,Store,Store 010,Central,Netherlands,Product 069,Garden,Garden 2,6,473.94,288.82,false
3381,2024-12-19,Online,Store 034,West,Netherlands,Product 063,Garden,Garden 4,7,2470.93,1696.83,false
3382,2023-06-06,Online,Store 005,Central,United Kingdom,Product 092,Home,Home 1,10,4339.90,2803.63,true
3383,2024-05-16,Online,Store 015,Central,Italy,Product 046,Toys,Toys 3,5,1099.95,571.46,false
3384,2023-01-05,Online,Store 012,South,Germany,Product 001,Electronics,Electronics 2,6,257.94,177.23,false
3385,2025-02-14,Store,Store 034,West,Netherlands,Product 059,Clothing,Clothing 4,1,204.99,139.61,false
3386,2024-03-29,Store,Store 013,East,France,Product 073,Electronics,Electronics 2,2,453.98,252.42,false
3387,2025-06-16,Store,Store 005,Central,United Kingdom,Product 041,Clothing,Clothing 2,2,69.98,51.92,false
3388,2023-01-08,Store,Store 028,East,Netherlands,Product 035,Clothing,Clothing 4,3,926.97,603.69,false
3389,2024-11-19,Online,Store 039,West,Italy,Product 007,Electronics,Electronics 4,4,1059.96,621.90,false
3390,2025-06-06,Store,Store 036,North,Germany,Product 035,Clothing,Clothing 4,1,308.99,230.07,false
3391,2023-03-20,Store,Store 035,Central,United Kingdom,Product 085,Electronics,Electronics 2,10,1749.90,1112.94,false
3392,2024-06-22,Store,Store 016,North,Netherlands,Product 115,Electronics,Electronics 4,8,2343.92,1274.43,false
3393,2025-01-01,Store,Store 014,West,Spain,Product 054,Sports,Sports 3,8,159.92,98.72,false
3394,2024-12-07,Store,Store 005,Central,United Kingdom,Product 039,Garden,Garden 4,4,1827.96,1000.56,false
3395,2024-01-13,Store,Store 006,North,Germany,Product 057,Garden,Garden 2,8,1047.92,714.30,false
3396,2025-01-17,Store,Store 030,Central,Germany,Product 016,Toys,Toys 1,6,611.94,423.63,false
3397,2024-12-16,Online,Store 029,West,United Kingdom,Product 004,Toys,Toys 1,8,1231.92,805.48,false
3398,2024-08-13,Online,Store 030,Central,Germany,Product 116,Home,Home 1,8,2639.92,1732.51,false
3399,2025-09-13,Store,Store 007,South,France,Product 035,Clothing,Clothing 4,4,1235.96,671.40,true
3400,2025-03-27,Online,Store 004,West,Netherlands,Product 047,Clothing,Clothing 4,7,1798.93,1104.85,false
3401,2024-03-10,Online,Store 031,North,France,Product 119,Clothing,Clothing 4,1,440.99,244.54,false
3402,2025-09-02,Online,Store 012,South,Germany,Product 097,Electronics,Electronics 2,2,245.98,152.36,false
3403,2025-07-11,Store,Store 013,East,France,Product 058,Toys,Toys 3,10,1679.90,862.75,false
3404,2023-01-12,Online,Store 039,West,Italy,Product 045,Garden,Garden 2,2,365.98,213.58,false
3405,2025-11-01,Online,Store 027,South,Italy,Product 001,Electronics,Electronics 2,10,429.90,231.52,false
3406,2024-12-11,Online,Store 017,South,United Kingdom,Product 100,Toys,Toys 1,7,1637.93,834.07,false
3407,2023-02-04,Online,Store 015,Central,Italy,Product 034,Toys,Toys 3,1,271.99,163.54,false
3408,2024-11-10,Online,Store 018,East,Germany,Product 064,Toys,Toys 1,8,3119.92,1829.30,false
3409,2024-02-04,Online,Store 014,West,Spain,Product 015,Garden,Garden 4,7,454.93,320.65,false
3410,2023-10-11,Online,Store 039,West,Italy,Product 064,Toys,Toys 1,8,3119.92,2061.19,false
3411,2024-11-14,Store,Store 016,North,Netherlands,Product 095,Clothing,Clothing 4,10,489.90,308.67,false
3412,2024-07-11,Store,Store 019,West,France,Product 025,Electronics,Electronics 2,3,1304.97,737.73,false
3413,2024-04-16,Online,Store 015,Central,Italy,Product 106,Toys,Toys 3,7,3191.93,1759.30,false
3414,2024-09-02,Store,Store 029,West,United Kingdom,Product 017,Clothing,Clothing 2,2,277.98,213.12,false
3415,2024-12-19,Online,Store 033,East,Italy,Product 009,Garden,Garden 2,5,1694.95,960.78,false
3416,2025-12-11,Store,Store 013,East,France,Product 080,Home,Home 1,4,1943.96,1031.39,false
3417,2024-05-30,Online,Store 017,South,United Kingdom,Product 057,Garden,Garden 2,8,1047.92,701.55,false
3418,2024-04-08,Store,Store 008,East,Spain,Product 115,Electronics,Electronics 4,6,1757.94,1324.27,false
3419,2024-03-04,Store,Store 039,West,Italy,Product 045,Garden,Garden 2,7,1280.93,689.37,false
3420,2025-02-14,Online,Store 025,Central,France,Product 107,Clothing,Clothing 4,7,3450.93,2498.73,false
3421,2024-12-14,Store,Store 022,South,Netherlands,Product 054,Sports,Sports 3,2,39.98,21.62,false
3422,2025-07-21,Store,Store 013,East,France,Product 079,Electronics,Electronics 4,2,897.98,668.33,false
3423,2025-11-09,Store,Store 018,East,Germany,Product 004,Toys,Toys 1,2,307.98,217.03,false
3424,2024-09-28,Online,Store 032,South,Spain,Product 071,Clothing,Clothing 4,6,917.94,541.02,false
3425,2025-11-29,Online,Store 040,Central,Netherlands,Product 119,Clothing,Clothing 4,6,2645.94,1546.52,false
3426,2024-05-26,Store,Store 009,West,Italy,Product 070,Toys,Toys 3,2,231.98,132.70,false
3427,2023-07-29,Store,Store 003,East,Italy,Product 109,Electronics,Electronics 2,5,354.95,259.02,true
3428,2025-11-26,Store,Store 034,West,Netherlands,Product 076,Toys,Toys 1,1,337.99,237.15,false
3429,2025-05-11,Store,Store 006,North,Germany,Product 098,Home,Home 3,6,959.94,671.65,false
3430,2023-07-20,Store,Store 007,South,France,Product 095,Clothing,Clothing 4,7,342.93,242.45,false
3431,2025-02-17,Online,Store 003,East,Italy,Product 045,Garden,Garden 2,2,365.98,202.81,false
3432,2025-11-13,Store,Store 031,North,France,Product 001,Electronics,Electronics 2,1,42.99,31.61,false
3433,2024-02-02,Store,Store 015,Central,Italy,Product 102,Sports,Sports 3,4,1231.96,914.50,false
3434,2023-01-23,Online,Store 032,South,Spain,Product 060,Sports,Sports 1,1,241.99,132.90,false
3435,2023-05-31,Online,Store 033,East,Italy,Product 047,Clothing,Clothing 4,6,1541.94,1189.75,false
3436,2024-09-16,Store,Store 031,North,France,Product 069,Garden,Garden 2,2,157.98,89.52,false
3437,2025-07-08,Store,Store 035,Central,United Kingdom,Product 046,Toys,Toys 3,6,1319.94,966.51,false
3438,2025-09-01,Online,Store 014,West,Spain,Product 083,Clothing,Clothing 4,3,302.97,153.76,false
3439,2025-07-06,Store,Store 026,North,Spain,Product 002,Home,Home 3,1,79.99,49.60,false
3440,2024-12-06,Store,Store 016,North,Netherlands,Product 092,Home,Home 1,5,2169.95,1453.04,false
3441,2023-09-19,Online,Store 011,North,United Kingdom,Product 015,Garden,Garden 4,1,64.99,48.58,false
3442,2025-09-15,Online,Store 031,North,France,Product 028,Toys,Toys 1,7,349.93,196.39,false
3443,2023-12-20,Store,Store 004,West,Netherlands,Product 048,Sports,Sports 1,7,2057.93,1576.11,false
3444,2025-01-30,Online,Store 028,East,Netherlands,Product 033,Garden,Garden 2,2,469.98,364.18,false
3445,2025-11-29,Store,Store 002,South,Spain,Product 008,Home,Home 1,2,603.98,377.31,false
3446,2025-08-29,Online,Store 006,North,Germany,Product 040,Toys,Toys 1,10,4939.90,3313.77,false
3447,2023-10-14,Store,Store 011,North,United Kingdom,Product 073,Electronics,Electronics 2,2,453.98,253.46,false
3448,2024-03-08,Store,Store 017,South,United Kingdom,Product 119,Clothing,Clothing 4,1,440.99,278.12,false
3449,2024-10-15,Store,Store 014,West,Spain,Product 088,Toys,Toys 1,2,571.98,345.01,false
3450,2024-12-24,Online,Store 028,East,Netherlands,Product 061,Electronics,Electronics 2,2,557.98,343.50,false
3451,2025-03-26,Online,Store 019,West,France,Product 033,Garden,Garden 2,3,704.97,481.73,false
3452,2025-11-18,Online,Store 014,West,Spain,Product 083,Clothing,Clothing 4,6,605.94,324.49,false
3453,2024-07-20,Store,Store 037,South,France,Product 014,Home,Home 3,10,279.90,207.16,false
3454,2025-01-09,Online,Store 020,Central,Spain,Product 081,Garden,Garden 2,5,134.95,90.81,false
3455,2025-04-26,Store,Store 030,Central,Germany,Product 080,Home,Home 1,7,3401.93,2208.17,false
3456,2025-02-22,Store,Store 003,East,Italy,Product 054,Sports,Sports 3,10,199.90,145.71,false
3457,2025-05-23,Store,Store 030,Central,Germany,Product 108,Sports,Sports 1,1,33.99,19.35,false
3458,2024-09-20,Store,Store 027,South,Italy,Product 112,Toys,Toys 1,9,1637.91,1091.88,false
3459,2023-10-02,Store,Store 011,North,United Kingdom,Product 095,Clothing,Clothing 4,5,244.95,141.43,false
3460,2025-10-31,Store,Store 012,South,Germany,Product 041,Clothing,Clothing 2,10,349.90,258.97,false
3461,2023-07-01,Store,Store 001,North,France,Product 020,Home,Home 1,6,1499.94,1025.65,false
3462,2024-01-01,Store,Store 026,North,Spain,Product 019,Electronics,Electronics 4,8,1703.92,874.22,false
3463,2025-03-29,Store,Store 002,South,Spain,Product 084,Sports,Sports 1,10,1379.90,781.30,false
3464,2023-08-24,Online,Store 004,West,Netherlands,Product 108,Sports,Sports 1,9,305.91,222.28,false
3465,2023-11-03,Store,Store 011,North,United Kingdom,Product 021,Garden,Garden 2,3,860.97,610.50,false
3466,2025-07-22,Store,Store 028,East,Netherlands,Product 101,Clothing,Clothing 2,6,1625.94,1281.87,false
3467,2023-07-26,Store,Store 038,East,Spain,Product 043,Electronics,Electronics 4,4,435.96,285.74,false
3468,2024-06-30,Store,Store 023,East,United Kingdom,Product 107,Clothing,Clothing 4,4,1971.96,1272.40,false
3469,2025-05-19,Store,Store 032,South,Spain,Product 027,Garden,Garden 4,5,64.95,49.76,false
3470,2024-05-17,Store,Store 011,North,United Kingdom,Product 054,Sports,Sports 3,3,59.97,35.98,false
3471,2024-10-09,Store,Store 037,South,France,Product 111,Garden,Garden 4,2,289.98,174.40,false
3472,2023-03-28,Online,Store 020,Central,Spain,Product 075,Garden,Garden 4,6,1805.94,1372.55,false
3473,2024-05-12,Store,Store 026,North,Spain,Product 041,Clothing,Clothing 2,6,209.94,108.75,false
3474,2023-10-14,Online,Store 003,East,Italy,Product 018,Sports,Sports 3,1,175.99,92.52,false
3475,2025-07-01,Store,Store 018,East,Germany,Product 083,Clothing,Clothing 4,2,201.98,133.34,false
3476,2023-01-02,Online,Store 003,East,Italy,Product 053,Clothing,Clothing 2,9,4310.91,2454.43,false
3477,2025-04-08,Store,Store 026,North,Spain,Product 119,Clothing,Clothing 4,2,881.98,517.86,false
3478,2024-02-23,Store,Store 003,East,Italy,Product 090,Sports,Sports 3,1,359.99,207.69,false
3479,2024-06-07,Online,Store 011,North,United Kingdom,Product 120,Sports,Sports 1,10,4779.90,2797.23,false
3480,2025-07-13,Store,Store 013,East,France,Product 020,Home,Home 1,8,1999.92,1338.82,false
3481,2025-02-19,Store,Store 007,South,France,Product 064,Toys,Toys 1,5,1949.95,1218.12,false
3482,2024-01-30,Online,Store 028,East,Netherlands,Product 103,Electronics,Electronics 4,3,1034.97,658.56,false
3483,2025-05-10,Online,Store 025,Central,France,Product 109,Electronics,Electronics 2,5,354.95,251.17,false
3484,2025-09-28,Store,Store 001,North,France,Product 094,Toys,Toys 3,9,107.91,62.40,false
3485,2025-01-10,Store,Store 030,Central,Germany,Product 110,Home,Home 3,7,755.93,436.16,false
3486,2024-05-30,Online,Store 020,Central,Spain,Product 044,Home,Home 1,4,583.96,434.63,false
3487,2024-10-13,Online,Store 032,South,Spain,Product 001,Electronics,Electronics 2,6,257.94,189.72,false
3488,2023-04-18,Store,Store 005,Central,United Kingdom,Product 012,Sports,Sports 1,8,3599.92,2867.93,false
3489,2025-06-30,Online,Store 011,North,United Kingdom,Product 079,Electronics,Electronics 4,5,2244.95,1338.01,false
3490,2024-11-18,Store,Store 021,North,Italy,Product 066,Sports,Sports 3,9,4175.91,3138.68,false
3491,2025-10-03,Online,Store 012,South,Germany,Product 120,Sports,Sports 1,6,2867.94,1701.22,false
3492,2025-10-27,Store,Store 031,North,France,Product 072,Sports,Sports 1,2,379.98,294.67,false
3493,2025-04-24,Store,Store 015,Central,Italy,Product 076,Toys,Toys 1,3,1013.97,800.96,false
3494,2025-06-03,Store,Store 007,South,France,Product 054,Sports,Sports 3,9,179.91,97.14,false
3495,2025-08-12,Store,Store 005,Central,United Kingdom,Product 019,Electronics,Electronics 4,1,212.99,114.41,false
3496,2025-01-11,Online,Store 039,West,Italy,Product 048,Sports,Sports 1,7,2057.93,1504.48,false
3497,2025-04-28,Online,Store 036,North,Germany,Product 098,Home,Home 3,5,799.95,431.10,false
3498,2025-12-09,Store,Store 030,Central,Germany,Product 096,Sports,Sports 1,6,515.94,355.73,false
3499,2024-12-29,Store,Store 037,South,France,Product 116,Home,Home 1,1,329.99,259.08,false
3500,2025-02-07,Online,Store 030,Central,Germany,Product 079,Electronics,Electronics 4,9,4040.91,2281.98,false
3501,2025-04-09,Store,Store 005,Central,United Kingdom,Product 068,Home,Home 1,6,251.94,154.46,false
3502,2024-04-26,Store,Store 032,South,Spain,Product 077,Clothing,Clothing 2,7,2624.93,1619.85,false
3503,2024-06-24,Store,Store 020,Central,Spain,Product 109,Electronics,Electronics 2,7,496.93,260.10,false
3504,2025-09-30,Online,Store 016,North,Netherlands,Product 049,Electronics,Electronics 2,10,3309.90,1697.85,false
3505,2024-01-25,Online,Store 005,Central,United Kingdom,Product 092,Home,Home 1,2,867.98,645.67,false
3506,2024-10-01,Online,Store 017,South,United Kingdom,Product 022,Toys,Toys 3,10,3239.90,2390.40,false
3507,2024-02-16,Store,Store 018,East,Germany,Product 008,Home,Home 1,6,1811.94,1049.78,true
3508,2025-08-05,Store,Store 026,North,Spain,Product 009,Garden,Garden 2,7,2372.93,1876.08,false
3509,2024-01-07,Store,Store 007,South,France,Product 054,Sports,Sports 3,7,139.93,71.21,false
3510,2024-03-30,Online,Store 016,North,Netherlands,Product 115,Electronics,Electronics 4,8,2343.92,1550.00,false
3511,2025-10-02,Store,Store 010,Central,Netherlands,Product 011,Clothing,Clothing 4,5,2064.95,1456.65,false
3512,2025-07-22,Store,Store 032,South,Spain,Product 091,Electronics,Electronics 4,6,2381.94,1468.01,false
3513,2025-06-22,Store,Store 019,West,France,Product 039,Garden,Garden 4,5,2284.95,1608.72,false
3514,2024-10-13,Online,Store 009,West,Italy,Product 073,Electronics,Electronics 2,6,1361.94,1046.82,false
3515,2025-01-12,Store,Store 005,Central,United Kingdom,Product 119,Clothing,Clothing 4,8,3527.92,2212.29,false
3516,2023-10-16,Store,Store 003,East,Italy,Product 085,Electronics,Electronics 2,10,1749.90,1368.51,false
3517,2024-03-07,Online,Store 038,East,Spain,Product 014,Home,Home 3,4,111.96,79.51,false
3518,2024-10-25,Store,Store 003,East,Italy,Product 069,Garden,Garden 2,7,552.93,336.07,false
3519,2023-05-08,Store,Store 036,North,Germany,Product 077,Clothing,Clothing 2,7,2624.93,1347.80,false
3520,2023-07-15,Store,Store 019,West,France,Product 063,Garden,Garden 4,7,2470.93,1313.67,false
3521,2023-08-10,Online,Store 003,East,Italy,Product 011,Clothing,Clothing 4,6,2477.94,1894.53,false
3522,2024-01-29,Store,Store 040,Central,Netherlands,Product 097,Electronics,Electronics 2,2,245.98,146.07,true
3523,2025-06-09,Store,Store 032,South,Spain,Product 087,Garden,Garden 4,1,248.99,145.61,false
3524,2024-08-03,Store,Store 031,North,France,Product 090,Sports,Sports 3,4,1439.96,836.41,true
3525,2025-04-13,Store,Store 024,West,Germany,Product 069,Garden,Garden 2,1,78.99,60.11,false
3526,2024-11-17,Online,Store 010,Central,Netherlands,Product 109,Electronics,Electronics 2,3,212.97,151.78,false
3527,2023-08-21,Store,Store 005,Central,United Kingdom,Product 106,Toys,Toys 3,5,2279.95,1260.86,false
3528,2024-07-01,Store,Store 028,East,Netherlands,Product 081,Garden,Garden 2,2,53.98,39.80,false
3529,2025-11-23,Store,Store 032,South,Spain,Product 064,Toys,Toys 1,7,2729.93,1902.84,false
3530,2023-07-21,Store,Store 005,Central,United Kingdom,Product 050,Home,Home 3,10,3679.90,2130.80,false
3531,2024-12-17,Online,Store 038,East,Spain,Product 112,Toys,Toys 1,8,1455.92,772.17,false
3532,2025-01-08,Online,Store 011,North,United Kingdom,Product 098,Home,Home 3,8,1279.92,862.81,false
3533,2025-04-04,Store,Store 032,South,Spain,Product 115,Electronics,Electronics 4,5,1464.95,1078.72,false
3534,2025-02-09,Store,Store 034,West,Netherlands,Product 016,Toys,Toys 1,6,611.94,451.64,false
3535,2024-06-22,Store,Store 029,West,United Kingdom,Product 115,Electronics,Electronics 4,3,878.97,587.46,false
3536,2023-03-22,Store,Store 009,West,Italy,Product 035,Clothing,Clothing 4,4,1235.96,894.50,false
3537,2025-11-23,Store,Store 034,West,Netherlands,Product 100,Toys,Toys 1,6,1403.94,932.58,false
3538,2025-09-07,Online,Store 005,Central,United Kingdom,Product 113,Clothing,Clothing 2,9,1970.91,1285.12,false
3539,2025-07-21,Store,Store 005,Central,United Kingdom,Product 049,Electronics,Electronics 2,10,3309.90,2112.90,false
3540,2025-09-22,Store,Store 001,North,France,Product 026,Home,Home 3,1,471.99,245.84,false
3541,2024-02-23,Store,Store 023,East,United Kingdom,Product 064,Toys,Toys 1,4,1559.96,1229.79,false
3542,2023-03-13,Online,Store 004,West,Netherlands,Product 109,Electronics,Electronics 2,1,70.99,56.56,false
3543,2023-10-23,Store,Store 039,West,Italy,Product 090,Sports,Sports 3,8,2879.92,2026.17,false
3544,2023-07-24,Online,Store 023,East,United Kingdom,Product 044,Home,Home 1,10,1459.90,895.26,false
3545,2024-12-11,Online,Store 005,Central,United Kingdom,Product 029,Clothing,Clothing 2,2,173.98,109.74,false
3546,2024-11-04,Store,Store 004,West,Netherlands,Product 071,Clothing,Clothing 4,2,305.98,155.42,true
3547,2023-03-22,Store,Store 011,North,United Kingdom,Product 063,Garden,Garden 4,2,705.98,559.19,false
3548,2024-10-22,Online,Store 024,West,Germany,Product 054,Sports,Sports 3,9,179.91,112.78,false
3549,2023-06-16,Store,Store 039,West,Italy,Product 031,Electronics,Electronics 4,5,804.95,635.38,false
3550,2024-01-19,Store,Store 036,North,Germany,Product 035,Clothing,Clothing 4,5,1544.95,802.31,true
3551,2025-08-15,Store,Store 018,East,Germany,Product 033,Garden,Garden 2,2,469.98,329.23,false
3552,2023-04-22,Store,Store 014,West,Spain,Product 050,Home,Home 3,8,2943.92,1680.44,false
3553,2025-09-20,Online,Store 040,Central,Netherlands,Product 102,Sports,Sports 3,4,1231.96,856.55,false
3554,2025-06-12,Store,Store 013,East,France,Product 055,Electronics,Electronics 4,9,512.91,300.29,false
3555,2023-06-10,Online,Store 018,East,Germany,Product 048,Sports,Sports 1,3,881.97,542.28,false
3556,2023-04-24,Online,Store 003,East,Italy,Product 044,Home,Home 1,10,1459.90,909.74,false
3557,2024-06-21,Store,Store 037,South,France,Product 001,Electronics,Electronics 2,3,128.97,72.85,false
3558,2023-03-19,Store,Store 003,East,Italy,Product 076,Toys,Toys 1,1,337.99,187.20,false
3559,2025-09-24,Store,Store 031,North,France,Product 086,Home,Home 3,6,1271.94,951.20,false
3560,2025-04-10,Online,Store 018,East,Germany,Product 058,Toys,Toys 3,1,167.99,112.05,false
3561,2024-01-15,Store,Store 032,South,Spain,Product 115,Electronics,Electronics 4,10,2929.90,1966.06,false
3562,2025-12-30,Store,Store 015,Central,Italy,Product 055,Electronics,Electronics 4,8,455.92,287.45,false
3563,2025-04-26,Online,Store 026,North,Spain,Product 055,Electronics,Electronics 4,10,569.90,285.83,false
3564,2024-04-09,Store,Store 014,West,Spain,Product 022,Toys,Toys 3,1,323.99,209.81,false
3565,2023-06-23,Online,Store 026,North,Spain,Product 059,Clothing,Clothing 4,4,819.96,445.56,false
3566,2023-10-17,Online,Store 008,East,Spain,Product 102,Sports,Sports 3,7,2155.93,1482.52,false
3567,2023-03-20,Online,Store 001,North,France,Product 036,Sports,Sports 1,7,2421.93,1702.95,false
3568,2025-07-29,Store,Store 016,North,Netherlands,Product 100,Toys,Toys 1,1,233.99,149.33,false
3569,2024-02-21,Online,Store 012,South,Germany,Product 068,Home,Home 1,2,83.98,59.30,false
3570,2023-06-04,Store,Store 031,North,France,Product 076,Toys,Toys 1,10,3379.90,2577.03,false
3571,2025-06-28,Store,Store 005,Central,United Kingdom,Product 113,Clothing,Clothing 2,9,1970.91,1197.97,false
3572,2024-04-04,Store,Store 010,Central,Netherlands,Product 041,Clothing,Clothing 2,4,139.96,105.23,false
3573,2025-09-14,Online,Store 027,South,Italy,Product 100,Toys,Toys 1,7,1637.93,972.90,false
3574,2025-04-18,Online,Store 001,North,France,Product 069,Garden,Garden 2,1,78.99,49.59,false
3575,2024-09-19,Store,Store 011,North,United Kingdom,Product 021,Garden,Garden 2,10,2869.90,1764.67,false
3576,2023-04-12,Online,Store 028,East,Netherlands,Product 097,Electronics,Electronics 2,5,614.95,384.90,false
3577,2024-08-17,Store,Store 015,Central,Italy,Product 082,Toys,Toys 3,2,127.98,100.59,false
3578,2023-03-26,Store,Store 037,South,France,Product 076,Toys,Toys 1,3,1013.97,518.85,false
3579,2025-06-23,Online,Store 033,East,Italy,Product 053,Clothing,Clothing 2,10,4789.90,2575.29,false
3580,2024-09-27,Store,Store 023,East,United Kingdom,Product 069,Garden,Garden 2,9,710.91,526.44,false
3581,2023-04-16,Store,Store 016,North,Netherlands,Product 066,Sports,Sports 3,1,463.99,318.85,false
3582,2025-10-26,Store,Store 032,South,Spain,Product 006,Sports,Sports 3,8,1823.92,1325.94,false
3583,2025-12-06,Store,Store 034,West,Netherlands,Product 078,Sports,Sports 3,4,1647.96,892.21,false
3584,2023-09-16,Online,Store 012,South,Germany,Product 071,Clothing,Clothing 4,9,1376.91,1066.05,false
3585,2024-10-30,Store,Store 012,South,Germany,Product 022,Toys,Toys 3,10,3239.90,1694.32,false
3586,2025-07-13,Store,Store 035,Central,United Kingdom,Product 006,Sports,Sports 3,10,2279.90,1243.90,false
3587,2023-08-30,Store,Store 030,Central,Germany,Product 016,Toys,Toys 1,1,101.99,71.20,false
3588,2023-12-22,Store,Store 028,East,Netherlands,Product 057,Garden,Garden 2,5,654.95,409.64,false
3589,2025-06-20,Store,Store 023,East,United Kingdom,Product 057,Garden,Garden 2,1,130.99,90.10,false
3590,2025-02-22,Store,Store 031,North,France,Product 037,Electronics,Electronics 2,8,3063.92,1643.48,false
3591,2024-11-08,Online,Store 011,North,United Kingdom,Product 102,Sports,Sports 3,4,1231.96,931.21,false
3592,2025-07-27,Store,Store 017,South,United Kingdom,Product 015,Garden,Garden 4,7,454.93,238.17,false
3593,2025-07-22,Store,Store 006,North,Germany,Product 014,Home,Home 3,7,195.93,111.13,false
3594,2024-06-24,Online,Store 029,West,United Kingdom,Product 067,Electronics,Electronics 4,8,4007.92,2648.55,false
3595,2023-10-21,Store,Store 018,East,Germany,Product 093,Garden,Garden 2,8,3767.92,2699.66,false
3596,2023-03-31,Store,Store 011,North,United Kingdom,Product 046,Toys,Toys 3,6,1319.94,867.88,false
3597,2023-09-11,Online,Store 039,West,Italy,Product 054,Sports,Sports 3,6,119.94,68.39,false
3598,2025-12-15,Store,Store 031,North,France,Product 116,Home,Home 1,10,3299.90,2299.41,true
3599,2025-03-12,Store,Store 004,West,Netherlands,Product 108,Sports,Sports 1,9,305.91,181.85,false
3600,2025-10-02,Store,Store 018,East,Germany,Product 011,Clothing,Clothing 4,9,3716.91,1982.17,false
3601,2025-12-19,Store,Store 036,North,Germany,Product 054,Sports,Sports 3,6,119.94,68.64,false
3602,2025-03-14,Store,Store 023,East,United Kingdom,Product 093,Garden,Garden 2,6,2825.94,2079.32,false
3603,2023-05-15,Store,Store 007,South,France,Product 028,Toys,Toys 1,3,149.97,82.96,false
3604,2025-08-16,Store,Store 027,South,Italy,Product 106,Toys,Toys 3,8,3647.92,2084.43,false
3605,2025-07-01,Online,Store 029,West,United Kingdom,Product 047,Clothing,Clothing 4,8,2055.92,1055.65,false
3606,2025-06-16,Online,Store 011,North,United Kingdom,Product 083,Clothing,Clothing 4,7,706.93,513.75,false
3607,2025-05-13,Store,Store 033,East,Italy,Product 071,Clothing,Clothing 4,8,1223.92,935.40,false
3608,2023-05-23,Store,Store 027,South,Italy,Product 004,Toys,Toys 1,4,615.96,490.49,false
3609,2025-07-29,Online,Store 031,North,France,Product 033,Garden,Garden 2,3,704.97,429.08,false
3610,2025-07-30,Store,Store 025,Central,France,Product 108,Sports,Sports 1,1,33.99,23.83,false
3611,2024-02-20,Store,Store 036,North,Germany,Product 120,Sports,Sports 1,1,477.99,351.31,false
3612,2023-12-31,Store,Store 038,East,Spain,Product 043,Electronics,Electronics 4,3,326.97,221.95,false
3613,2025-04-18,Store,Store 025,Central,France,Product 077,Clothing,Clothing 2,1,374.99,232.76,true
3614,2025-05-17,Store,Store 035,Central,United Kingdom,Product 008,Home,Home 1,2,603.98,387.49,false
3615,2024-03-15,Store,Store 022,South,Netherlands,Product 119,Clothing,Clothing 4,1,440.99,259.02,false
3616,2025-04-05,Online,Store 016,North,Netherlands,Product 018,Sports,Sports 3,8,1407.92,768.30,false
3617,2024-12-22,Online,Store 001,North,France,Product 020,Home,Home 1,6,1499.94,1030.27,false
3618,2025-02-24,Store,Store 038,East,Spain,Product 050,Home,Home 3,2,735.98,441.82,false
3619,2023-06-29,Store,Store 040,Central,Netherlands,Product 052,Toys,Toys 1,3,1325.97,777.44,false
3620,2023-12-28,Online,Store 012,South,Germany,Product 061,Electronics,Electronics 2,7,1952.93,1168.67,false
3621,2025-09-04,Online,Store 007,South,France,Product 101,Clothing,Clothing 2,9,2438.91,1478.73,false
3622,2023-06-29,Store,Store 031,North,France,Product 039,Garden,Garden 4,8,3655.92,2891.72,false
3623,2025-02-06,Store,Store 012,South,Germany,Product 076,Toys,Toys 1,7,2365.93,1855.76,false
3624,2023-01-30,Online,Store 036,North,Germany,Product 008,Home,Home 1,6,1811.94,1373.49,false
3625,2025-02-11,Store,Store 007,South,France,Product 083,Clothing,Clothing 4,4,403.96,304.00,true
3626,2023-01-05,Store,Store 005,Central,United Kingdom,Product 033,Garden,Garden 2,7,1644.93,1114.63,false
3627,2025-01-01,Store,Store 014,West,Spain,Product 006,Sports,Sports 3,5,1139.95,852.25,false
3628,2025-10-04,Store,Store 030,Central,Germany,Product 046,Toys,Toys 3,8,1759.92,1030.61,false
3629,2023-12-12,Store,Store 026,North,Spain,Product 008,Home,Home 1,8,2415.92,1398.13,false
3630,2023-07-14,Store,Store 036,North,Germany,Product 061,Electronics,Electronics 2,3,836.97,627.08,false
3631,2024-06-04,Online,Store 001,North,France,Product 100,Toys,Toys 1,10,2339.90,1259.77,false
3632,2024-03-18,Online,Store 022,South,Netherlands,Product 001,Electronics,Electronics 2,7,300.93,233.66,false
3633,2025-04-23,Store,Store 029,West,United Kingdom,Product 071,Clothing,Clothing 4,7,1070.93,673.18,false
3634,2023-03-07,Store,Store 016,North,Netherlands,Product 036,Sports,Sports 1,4,1383.96,1104.05,false
3635,2025-04-24,Store,Store 038,East,Spain,Product 003,Garden,Garden 4,3,350.97,272.32,false
3636,2024-09-14,Store,Store 025,Central,France,Product 080,Home,Home 1,5,2429.95,1223.80,false
3637,2024-03-13,Online,Store 028,East,Netherlands,Product 044,Home,Home 1,2,291.98,229.67,false
3638,2024-04-09,Store,Store 040,Central,Netherlands,Product 003,Garden,Garden 4,1,116.99,85.24,false
3639,2023-07-21,Store,Store 018,East,Germany,Product 040,Toys,Toys 1,4,1975.96,1578.44,false
3640,2025-12-21,Online,Store 004,West,Netherlands,Product 048,Sports,Sports 1,1,293.99,232.09,false
3641,2023-05-25,Online,Store 033,East,Italy,Product 112,Toys,Toys 1,10,1819.90,1407.37,false
3642,2024-05-05,Online,Store 014,West,Spain,Product 028,Toys,Toys 1,7,349.93,257.41,false
3643,2025-07-20,Store,Store 019,West,France,Product 020,Home,Home 1,6,1499.94,985.33,false
3644,2025-08-29,Store,Store 037,South,France,Product 099,Garden,Garden 4,10,1969.90,1536.98,false
3645,2024-09-03,Store,Store 035,Central,United Kingdom,Product 068,Home,Home 1,7,293.93,202.22,false
3646,2024-07-15,Store,Store 027,South,Italy,Product 033,Garden,Garden 2,3,704.97,416.81,false
3647,2024-04-25,Online,Store 040,Central,Netherlands,Product 030,Sports,Sports 3,9,1115.91,707.98,false
3648,2023-07-05,Store,Store 007,South,France,Product 041,Clothing,Clothing 2,4,139.96,110.80,false
3649,2025-08-30,Store,Store 008,East,Spain,Product 118,Toys,Toys 3,7,2827.93,1503.80,false
3650,2025-05-10,Store,Store 031,North,France,Product 030,Sports,Sports 3,3,371.97,192.22,false
3651,2025-01-13,Store,Store 003,East,Italy,Product 078,Sports,Sports 3,8,3295.92,2120.54,false
3652,2024-06-02,Store,Store 040,Central,Netherlands,Product 037,Electronics,Electronics 2,5,1914.95,1154.44,false
3653,2025-05-20,Online,Store 026,North,Spain,Product 030,Sports,Sports 3,10,1239.90,677.87,false
3654,2024-10-29,Store,Store 011,North,United Kingdom,Product 016,Toys,Toys 1,10,1019.90,615.17,false
3655,2023-06-28,Online,Store 011,North,United Kingdom,Product 018,Sports,Sports 3,2,351.98,274.06,false
3656,2025-06-26,Store,Store 015,Central,Italy,Product 062,Home,Home 3,2,631.98,470.27,false
3657,2025-12-11,Online,Store 026,North,Spain,Product 093,Garden,Garden 2,1,470.99,342.32,false
3658,2025-01-30,Online,Store 040,Central,Netherlands,Product 120,Sports,Sports 1,9,4301.91,3333.12,false
3659,2025-09-23,Online,Store 008,East,Spain,Product 093,Garden,Garden 2,8,3767.92,2507.34,false
3660,2025-02-07,Online,Store 039,West,Italy,Product 104,Home,Home 1,7,2673.93,1662.19,false
3661,2024-07-10,Store,Store 020,Central,Spain,Product 052,Toys,Toys 1,5,2209.95,1682.55,false
3662,2025-10-08,Store,Store 013,East,France,Product 043,Electronics,Electronics 4,1,108.99,79.41,false
3663,2023-06-01,Store,Store 005,Central,United Kingdom,Product 117,Garden,Garden 2,7,2568.93,1431.72,false
3664,2024-06-20,Store,Store 026,North,Spain,Product 034,Toys,Toys 3,4,1087.96,710.89,false
3665,2024-07-09,Store,Store 002,South,Spain,Product 113,Clothing,Clothing 2,7,1532.93,1126.43,false
3666,2024-03-20,Online,Store 001,North,France,Product 023,Clothing,Clothing 4,8,2887.92,1532.71,false
3667,2025-12-16,Online,Store 007,South,France,Product 021,Garden,Garden 2,6,1721.94,1284.30,false
3668,2025-05-12,Store,Store 040,Central,Netherlands,Product 012,Sports,Sports 1,9,4049.91,2266.10,false
3669,2023-05-01,Online,Store 007,South,France,Product 054,Sports,Sports 3,5,99.95,76.86,false
3670,2024-10-27,Online,Store 001,North,France,Product 115,Electronics,Electronics 4,4,1171.96,713.47,false
3671,2025-12-27,Store,Store 009,West,Italy,Product 072,Sports,Sports 1,1,189.99,129.90,false
3672,2023-02-27,Online,Store 037,South,France,Product 043,Electronics,Electronics 4,3,326.97,233.43,false
3673,2024-09-13,Online,Store 034,West,Netherlands,Product 023,Clothing,Clothing 4,10,3609.90,1997.57,false
3674,2024-02-08,Online,Store 040,Central,Netherlands,Product 020,Home,Home 1,2,499.98,273.02,false
3675,2025-07-10,Store,Store 028,East,Netherlands,Product 108,Sports,Sports 1,8,271.92,138.20,false
3676,2025-07-01,Online,Store 036,North,Germany,Product 111,Garden,Garden 4,4,579.96,349.50,false
3677,2025-08-23,Online,Store 009,West,Italy,Product 024,Sports,Sports 1,4,1591.96,879.70,false
3678,2024-03-21,Store,Store 016,North,Netherlands,Product 058,Toys,Toys 3,4,671.96,389.81,false
3679,2025-09-02,Online,Store 008,East,Spain,Product 018,Sports,Sports 3,6,1055.94,747.83,false
3680,2024-07-13,Store,Store 025,Central,France,Product 098,Home,Home 3,7,1119.93,586.28,false
3681,2025-08-03,Store,Store 034,West,Netherlands,Product 007,Electronics,Electronics 4,10,2649.90,2062.26,false
3682,2023-05-15,Store,Store 012,South,Germany,Product 046,Toys,Toys 3,10,2199.90,1412.18,false
3683,2025-09-27,Store,Store 010,Central,Netherlands,Product 021,Garden,Garden 2,7,2008.93,1177.52,true
3684,2025-03-28,Online,Store 025,Central,France,Product 115,Electronics,Electronics 4,3,878.97,475.25,false
3685,2025-11-17,Store,Store 010,Central,Netherlands,Product 075,Garden,Garden 4,6,1805.94,1195.09,false
3686,2023-05-30,Online,Store 037,South,France,Product 110,Home,Home 3,1,107.99,75.07,false
3687,2024-09-24,Online,Store 013,East,France,Product 102,Sports,Sports 3,9,2771.91,2038.42,false
3688,2023-06-18,Online,Store 013,East,France,Product 047,Clothing,Clothing 4,9,2312.91,1457.45,false
3689,2023-04-09,Store,Store 026,North,Spain,Product 094,Toys,Toys 3,3,35.97,26.43,false
3690,2025-11-18,Online,Store 010,Central,Netherlands,Product 017,Clothing,Clothing 2,5,694.95,497.68,false
3691,2023-11-19,Online,Store 003,East,Italy,Product 097,Electronics,Electronics 2,8,983.92,559.02,false
3692,2025-03-25,Store,Store 033,East,Italy,Product 012,Sports,Sports 1,5,2249.95,1682.02,false
3693,2024-04-12,Online,Store 032,South,Spain,Product 093,Garden,Garden 2,5,2354.95,1328.97,false
3694,2023-07-01,Online,Store 022,South,Netherlands,Product 044,Home,Home 1,2,291.98,228.05,false
3695,2024-11-10,Store,Store 039,West,Italy,Product 071,Clothing,Clothing 4,4,611.96,321.94,false
3696,2025-11-09,Store,Store 027,South,Italy,Product 043,Electronics,Electronics 4,6,653.94,506.73,false
3697,2023-04-15,Online,Store 030,Central,Germany,Product 105,Garden,Garden 2,2,837.98,442.51,false
3698,2023-09-10,Online,Store 022,South,Netherlands,Product 073,Electronics,Electronics 2,6,1361.94,822.17,false
3699,2025-02-03,Store,Store 006,North,Germany,Product 093,Garden,Garden 2,5,2354.95,1333.28,false
3700,2023-11-28,Store,Store 003,East,Italy,Product 026,Home,Home 3,6,2831.94,2067.38,false
3701,2023-03-11,Store,Store 035,Central,United Kingdom,Product 111,Garden,Garden 4,5,724.95,576.58,false
3702,2024-02-01,Store,Store 004,West,Netherlands,Product 025,Electronics,Electronics 2,7,3044.93,2206.89,false
3703,2023-12-09,Online,Store 007,South,France,Product 111,Garden,Garden 4,6,869.94,624.87,false
3704,2025-07-27,Online,Store 040,Central,Netherlands,Product 074,Home,Home 3,2,527.98,368.03,false
3705,2025-08-06,Store,Store 005,Central,United Kingdom,Product 008,Home,Home 1,5,1509.95,1029.62,false
3706,2025-03-02,Store,Store 036,North,Germany,Product 063,Garden,Garden 4,6,2117.94,1177.64,false
3707,2025-11-10,Store,Store 008,East,Spain,Product 085,Electronics,Electronics 2,2,349.98,260.00,false
3708,2023-08-25,Online,Store 037,South,France,Product 083,Clothing,Clothing 4,7,706.93,519.84,false
3709,2025-08-08,Online,Store 001,North,France,Product 074,Home,Home 3,1,263.99,182.85,false
3710,2023-12-15,Store,Store 007,South,France,Product 001,Electronics,Electronics 2,7,300.93,237.80,false
3711,2023-07-04,Online,Store 008,East,Spain,Product 073,Electronics,Electronics 2,7,1588.93,1213.96,false
3712,2025-08-30,Store,Store 026,North,Spain,Product 025,Electronics,Electronics 2,7,3044.93,2359.81,false
3713,2024-06-30,Store,Store 024,West,Germany,Product 012,Sports,Sports 1,9,4049.91,2762.99,false
3714,2025-09-25,Store,Store 027,South,Italy,Product 102,Sports,Sports 3,1,307.99,235.99,false
3715,2024-07-15,Store,Store 020,Central,Spain,Product 059,Clothing,Clothing 4,3,614.97,395.98,false
3716,2024-12-07,Online,Store 038,East,Spain,Product 101,Clothing,Clothing 2,8,2167.92,1097.43,false
3717,2025-11-07,Online,Store 019,West,France,Product 004,Toys,Toys 1,10,1539.90,1221.26,false
3718,2023-05-23,Store,Store 010,Central,Netherlands,Product 042,Sports,Sports 3,4,287.96,191.06,false
3719,2024-01-04,Store,Store 027,South,Italy,Product 116,Home,Home 1,2,659.98,383.90,false
3720,2024-04-14,Store,Store 003,East,Italy,Product 075,Garden,Garden 4,8,2407.92,1488.71,false
3721,2025-03-23,Store,Store 038,East,Spain,Product 104,Home,Home 1,6,2291.94,1361.57,false
3722,2024-12-04,Store,Store 039,West,Italy,Product 020,Home,Home 1,6,1499.94,854.70,false
3723,2025-10-04,Store,Store 025,Central,France,Product 116,Home,Home 1,9,2969.91,2053.97,false
3724,2025-02-17,Online,Store 005,Central,United Kingdom,Product 003,Garden,Garden 4,7,818.93,460.90,false
3725,2023-06-07,Store,Store 033,East,Italy,Product 035,Clothing,Clothing 4,6,1853.94,1412.79,false
3726,2025-07-21,Store,Store 023,East,United Kingdom,Product 066,Sports,Sports 3,9,4175.91,2525.34,false
3727,2025-09-21,Store,Store 017,South,United Kingdom,Product 103,Electronics,Electronics 4,4,1379.96,860.39,false
3728,2024-07-03,Online,Store 001,North,France,Product 039,Garden,Garden 4,9,4112.91,2954.20,false
3729,2025-10-05,Store,Store 024,West,Germany,Product 069,Garden,Garden 2,6,473.94,285.26,false
3730,2024-05-30,Online,Store 029,West,United Kingdom,Product 023,Clothing,Clothing 4,1,360.99,277.99,false
3731,2024-07-29,Store,Store 037,South,France,Product 032,Home,Home 1,3,593.97,351.49,false
3732,2023-01-16,Online,Store 006,North,Germany,Product 099,Garden,Garden 4,1,196.99,153.27,false
3733,2025-12-07,Store,Store 012,South,Germany,Product 076,Toys,Toys 1,5,1689.95,993.97,false
3734,2025-03-05,Online,Store 039,West,Italy,Product 069,Garden,Garden 2,9,710.91,438.49,false
3735,2025-01-08,Store,Store 021,North,Italy,Product 005,Clothing,Clothing 2,5,954.95,595.63,false
3736,2025-10-23,Store,Store 019,West,France,Product 010,Toys,Toys 3,3,1127.97,774.48,false
3737,2024-10-03,Store,Store 020,Central,Spain,Product 065,Clothing,Clothing 2,6,2561.94,1756.34,false
3738,2025-03-13,Online,Store 023,East,United Kingdom,Product 018,Sports,Sports 3,3,527.97,373.83,false
3739,2025-01-28,Store,Store 038,East,Spain,Product 066,Sports,Sports 3,8,3711.92,2225.82,false
3740,2024-01-01,Online,Store 025,Central,France,Product 009,Garden,Garden 2,5,1694.95,983.42,false
3741,2023-06-14,Store,Store 020,Central,Spain,Product 009,Garden,Garden 2,2,677.98,346.76,false
3742,2025-05-14,Online,Store 025,Central,France,Product 058,Toys,Toys 3,6,1007.94,568.19,false
3743,2023-09-26,Store,Store 017,South,United Kingdom,Product 104,Home,Home 1,10,3819.90,2204.67,false
3744,2024-12-04,Online,Store 020,Central,Spain,Product 016,Toys,Toys 1,1,101.99,61.89,false
3745,2024-09-30,Store,Store 030,Central,Germany,Product 083,Clothing,Clothing 4,2,201.98,140.14,false
3746,2023-07-04,Store,Store 031,North,France,Product 031,Electronics,Electronics 4,10,1609.90,826.44,false
3747,2023-08-01,Store,Store 023,East,United Kingdom,Product 109,Electronics,Electronics 2,5,354.95,270.95,false
3748,2024-04-04,Store,Store 027,South,Italy,Product 074,Home,Home 3,10,2639.90,1759.15,false
3749,2024-01-23,Online,Store 009,West,Italy,Product 070,Toys,Toys 3,7,811.93,422.74,false
3750,2025-05-24,Store,Store 012,South,Germany,Product 086,Home,Home 3,10,2119.90,1184.78,false
3751,2025-11-08,Store,Store 001,North,France,Product 098,Home,Home 3,1,159.99,106.94,true
3752,2024-04-30,Online,Store 020,Central,Spain,Product 028,Toys,Toys 1,8,399.92,230.87,false
3753,2024-03-08,Store,Store 016,North,Netherlands,Product 032,Home,Home 1,1,197.99,146.47,false
3754,2024-06-18,Store,Store 001,North,France,Product 109,Electronics,Electronics 2,2,141.98,75.36,false
3755,2025-12-09,Store,Store 009,West,Italy,Product 031,Electronics,Electronics 4,9,1448.91,927.74,false
3756,2023-08-18,Store,Store 032,South,Spain,Product 098,Home,Home 3,5,799.95,480.33,false
3757,2025-09-14,Online,Store 002,South,Spain,Product 073,Electronics,Electronics 2,6,1361.94,968.44,false
3758,2025-09-16,Store,Store 015,Central,Italy,Product 108,Sports,Sports 1,10,339.90,177.83,false
3759,2024-08-07,Online,Store 012,South,Germany,Product 065,Clothing,Clothing 2,10,4269.90,3346.78,false
3760,2025-12-25,Store,Store 027,South,Italy,Product 091,Electronics,Electronics 4,6,2381.94,1263.90,false
3761,2025-08-28,Store,Store 037,South,France,Product 018,Sports,Sports 3,3,527.97,349.69,false
3762,2023-10-26,Store,Store 022,South,Netherlands,Product 114,Sports,Sports 3,3,767.97,449.32,false
3763,2025-05-10,Online,Store 016,North,Netherlands,Product 116,Home,Home 1,10,3299.90,1973.00,false
3764,2025-11-15,Online,Store 034,West,Netherlands,Product 093,Garden,Garden 2,8,3767.92,2198.37,false
3765,2025-03-03,Store,Store 005,Central,United Kingdom,Product 087,Garden,Garden 4,10,2489.90,1322.76,false
3766,2024-12-07,Online,Store 031,North,France,Product 044,Home,Home 1,2,291.98,212.77,false
3767,2023-12-25,Store,Store 025,Central,France,Product 053,Clothing,Clothing 2,3,1436.97,1117.05,false
3768,2024-08-20,Online,Store 019,West,France,Product 049,Electronics,Electronics 2,3,992.97,626.33,false
3769,2025-12-20,Online,Store 024,West,Germany,Product 050,Home,Home 3,7,2575.93,1970.61,false
3770,2024-03-15,Store,Store 030,Central,Germany,Product 107,Clothing,Clothing 4,2,985.98,717.75,false
3771,2024-09-27,Online,Store 009,West,Italy,Product 114,Sports,Sports 3,7,1791.93,956.91,false
3772,2023-03-24,Store,Store 018,East,Germany,Product 079,Electronics,Electronics 4,6,2693.94,1825.67,false
3773,2025-09-15,Store,Store 013,East,France,Product 075,Garden,Garden 4,5,1504.95,1144.23,false
3774,2023-07-24,Store,Store 036,North,Germany,Product 090,Sports,Sports 3,3,1079.97,631.39,false
3775,2024-11-27,Store,Store 008,East,Spain,Product 011,Clothing,Clothing 4,8,3303.92,2024.43,false
3776,2025-03-25,Store,Store 007,South,France,Product 058,Toys,Toys 3,10,1679.90,1107.78,false
3777,2024-04-16,Online,Store 028,East,Netherlands,Product 051,Garden,Garden 4,6,2429.94,1445.51,false
3778,2023-07-06,Online,Store 020,Central,Spain,Product 007,Electronics,Electronics 4,8,2119.92,1177.65,true
3779,2024-12-31,Store,Store 038,East,Spain,Product 008,Home,Home 1,6,1811.94,1133.05,false
3780,2024-07-11,Store,Store 007,South,France,Product 097,Electronics,Electronics 2,1,122.99,83.38,false
3781,2024-02-03,Online,Store 019,West,France,Product 023,Clothing,Clothing 4,10,3609.90,2573.08,false
3782,2024-09-18,Store,Store 013,East,France,Product 101,Clothing,Clothing 2,5,1354.95,855.27,false
3783,2024-10-10,Online,Store 006,North,Germany,Product 054,Sports,Sports 3,2,39.98,26.59,false
3784,2024-06-23,Online,Store 003,East,Italy,Product 102,Sports,Sports 3,2,615.98,412.31,false
3785,2025-10-30,Store,Store 029,West,United Kingdom,Product 050,Home,Home 3,2,735.98,413.34,false
3786,2025-11-13,Store,Store 028,East,Netherlands,Product 100,Toys,Toys 1,2,467.98,337.97,false
3787,2025-10-24,Store,Store 012,South,Germany,Product 060,Sports,Sports 1,5,1209.95,912.71,false
3788,2023-07-26,Store,Store 002,South,Spain,Product 019,Electronics,Electronics 4,6,1277.94,959.28,false
3789,2024-04-20,Store,Store 034,West,Netherlands,Product 001,Electronics,Electronics 2,1,42.99,23.88,false
3790,2025-01-30,Store,Store 002,South,Spain,Product 027,Garden,Garden 4,6,77.94,43.95,false
3791,2025-07-24,Store,Store 019,West,France,Product 019,Electronics,Electronics 4,1,212.99,145.86,false
3792,2025-11-26,Online,Store 026,North,Spain,Product 035,Clothing,Clothing 4,8,2471.92,1305.20,false
3793,2025-09-16,Store,Store 027,South,Italy,Product 038,Home,Home 3,6,2519.94,1581.16,false
3794,2023-07-18,Store,Store 022,South,Netherlands,Product 081,Garden,Garden 2,7,188.93,106.02,false
3795,2023-04-26,Store,Store 004,West,Netherlands,Product 035,Clothing,Clothing 4,3,926.97,563.26,false
3796,2023-11-11,Online,Store 029,West,United Kingdom,Product 070,Toys,Toys 3,6,695.94,361.96,false
3797,2024-09-24,Store,Store 032,South,Spain,Product 043,Electronics,Electronics 4,5,544.95,432.52,false
3798,2025-11-04,Store,Store 028,East,Netherlands,Product 004,Toys,Toys 1,6,923.94,566.60,false
3799,2024-07-20,Online,Store 032,South,Spain,Product 017,Clothing,Clothing 2,2,277.98,204.95,false
3800,2025-10-05,Store,Store 024,West,Germany,Product 101,Clothing,Clothing 2,9,2438.91,1750.84,false
3801,2023-10-24,Online,Store 037,South,France,Product 095,Clothing,Clothing 4,2,97.98,64.47,false
3802,2024-04-30,Store,Store 002,South,Spain,Product 106,Toys,Toys 3,7,3191.93,1700.01,false
3803,2025-02-14,Online,Store 012,South,Germany,Product 083,Clothing,Clothing 4,8,807.92,556.27,false
3804,2024-02-23,Store,Store 040,Central,Netherlands,Product 030,Sports,Sports 3,7,867.93,503.92,false
3805,2023-11-07,Store,Store 019,West,France,Product 109,Electronics,Electronics 2,6,425.94,332.20,false
3806,2024-07-03,Store,Store 033,East,Italy,Product 023,Clothing,Clothing 4,5,1804.95,1174.33,false
3807,2024-03-16,Online,Store 037,South,France,Product 004,Toys,Toys 1,7,1077.93,676.12,false
3808,2024-10-26,Store,Store 014,West,Spain,Product 104,Home,Home 1,8,3055.92,1976.06,false
3809,2023-10-28,Store,Store 005,Central,United Kingdom,Product 099,Garden,Garden 4,8,1575.92,1129.01,false
3810,2025-08-02,Store,Store 012,South,Germany,Product 032,Home,Home 1,3,593.97,446.04,false
3811,2025-03-28,Online,Store 012,South,Germany,Product 004,Toys,Toys 1,9,1385.91,1068.97,false
3812,2025-06-11,Store,Store 010,Central,Netherlands,Product 034,Toys,Toys 3,9,2447.91,1634.45,false
3813,2023-07-06,Store,Store 036,North,Germany,Product 112,Toys,Toys 1,10,1819.90,1112.78,false
3814,2024-11-12,Store,Store 028,East,Netherlands,Product 060,Sports,Sports 1,7,1693.93,1000.66,false
3815,2024-12-19,Store,Store 007,South,France,Product 036,Sports,Sports 1,3,1037.97,727.88,false
3816,2025-02-02,Store,Store 039,West,Italy,Product 055,Electronics,Electronics 4,6,341.94,258.07,false
3817,2024-09-15,Online,Store 035,Central,United Kingdom,Product 099,Garden,Garden 4,6,1181.94,721.37,false
3818,2023-01-31,Online,Store 013,East,France,Product 072,Sports,Sports 1,5,949.95,543.97,false
3819,2023-08-10,Store,Store 040,Central,Netherlands,Product 080,Home,Home 1,1,485.99,260.94,false
3820,2024-09-18,Online,Store 009,West,Italy,Product 002,Home,Home 3,1,79.99,57.77,false
3821,2024-07-11,Store,Store 023,East,United Kingdom,Product 113,Clothing,Clothing 2,8,1751.92,1287.23,false
3822,2024-11-02,Store,Store 006,North,Germany,Product 071,Clothing,Clothing 4,5,764.95,526.20,true
3823,2024-04-14,Online,Store 006,North,Germany,Product 030,Sports,Sports 3,9,1115.91,845.13,false
3824,2024-02-29,Store,Store 024,West,Germany,Product 087,Garden,Garden 4,5,1244.95,983.53,false
3825,2025-09-04,Store,Store 036,North,Germany,Product 053,Clothing,Clothing 2,3,1436.97,799.73,false
3826,2023-06-17,Online,Store 037,South,France,Product 099,Garden,Garden 4,6,1181.94,714.52,false
3827,2025-05-23,Online,Store 034,West,Netherlands,Product 063,Garden,Garden 4,2,705.98,354.36,false
3828,2025-04-08,Online,Store 018,East,Germany,Product 042,Sports,Sports 3,5,359.95,190.95,false
3829,2023-04-23,Store,Store 040,Central,Netherlands,Product 020,Home,Home 1,10,2499.90,1989.74,false
3830,2024-01-06,Store,Store 027,South,Italy,Product 115,Electronics,Electronics 4,8,2343.92,1824.82,false
3831,2023-07-19,Online,Store 033,East,Italy,Product 111,Garden,Garden 4,1,144.99,108.11,false
3832,2025-08-24,Store,Store 038,East,Spain,Product 029,Clothing,Clothing 2,2,173.98,108.49,false
3833,2023-08-08,Store,Store 036,North,Germany,Product 093,Garden,Garden 2,9,4238.91,2319.62,false
3834,2025-01-04,Online,Store 019,West,France,Product 091,Electronics,Electronics 4,10,3969.90,2113.01,false
3835,2023-05-04,Online,Store 021,North,Italy,Product 092,Home,Home 1,8,3471.92,2661.87,false
3836,2024-09-11,Online,Store 003,East,Italy,Product 002,Home,Home 3,2,159.98,86.64,false
3837,2025-06-05,Online,Store 028,East,Netherlands,Product 060,Sports,Sports 1,1,241.99,166.97,false
3838,2025-09-11,Store,Store 005,Central,United Kingdom,Product 094,Toys,Toys 3,3,35.97,22.53,false
3839,2024-10-29,Store,Store 010,Central,Netherlands,Product 119,Clothing,Clothing 4,1,440.99,269.47,false
3840,2024-10-09,Online,Store 006,North,Germany,Product 037,Electronics,Electronics 2,6,2297.94,1309.14,false
3841,2023-07-24,Store,Store 023,East,United Kingdom,Product 094,Toys,Toys 3,9,107.91,60.14,false
3842,2025-06-26,Online,Store 034,West,Netherlands,Product 028,Toys,Toys 1,1,49.99,35.27,false
3843,2024-02-03,Store,Store 030,Central,Germany,Product 014,Home,Home 3,6,167.94,134.17,false
3844,2023-12-10,Online,Store 032,South,Spain,Product 063,Garden,Garden 4,3,1058.97,749.24,false
3845,2025-07-31,Online,Store 028,East,Netherlands,Product 063,Garden,Garden 4,4,1411.96,795.00,false
3846,2025-02-17,Store,Store 026,North,Spain,Product 007,Electronics,Electronics 4,9,2384.91,1417.65,false
3847,2024-04-02,Online,Store 012,South,Germany,Product 033,Garden,Garden 2,6,1409.94,971.90,false
3848,2024-07-27,Store,Store 024,West,Germany,Product 036,Sports,Sports 1,9,3113.91,1706.44,false
3849,2024-11-29,Online,Store 039,West,Italy,Product 090,Sports,Sports 3,10,3599.90,2204.11,false
3850,2024-04-22,Online,Store 024,West,Germany,Product 009,Garden,Garden 2,4,1355.96,921.70,false
3851,2024-06-19,Online,Store 021,North,Italy,Product 002,Home,Home 3,10,799.90,606.84,false
3852,2023-12-24,Online,Store 037,South,France,Product 007,Electronics,Electronics 4,10,2649.90,1702.82,false
3853,2024-12-18,Store,Store 020,Central,Spain,Product 015,Garden,Garden 4,7,454.93,280.06,false
3854,2024-12-28,Store,Store 012,South,Germany,Product 097,Electronics,Electronics 2,1,122.99,96.95,false
3855,2023-10-05,Store,Store 015,Central,Italy,Product 064,Toys,Toys 1,8,3119.92,1894.30,false
3856,2024-12-22,Store,Store 004,West,Netherlands,Product 110,Home,Home 3,8,863.92,690.60,false
3857,2025-01-20,Store,Store 013,East,France,Product 073,Electronics,Electronics 2,2,453.98,294.70,false
3858,2025-04-20,Store,Store 021,North,Italy,Product 082,Toys,Toys 3,6,383.94,192.31,false
3859,2023-10-17,Online,Store 011,North,United Kingdom,Product 041,Clothing,Clothing 2,3,104.97,55.82,false
3860,2023-09-18,Store,Store 040,Central,Netherlands,Product 083,Clothing,Clothing 4,10,1009.90,707.78,false
3861,2024-01-11,Store,Store 037,South,France,Product 092,Home,Home 1,10,4339.90,3146.21,false
3862,2024-04-06,Store,Store 024,West,Germany,Product 065,Clothing,Clothing 2,4,1707.96,1044.04,false
3863,2024-05-29,Online,Store 026,North,Spain,Product 090,Sports,Sports 3,5,1799.95,1126.47,false
3864,2024-11-27,Online,Store 030,Central,Germany,Product 037,Electronics,Electronics 2,6,2297.94,1205.30,false
3865,2023-04-02,Store,Store 022,South,Netherlands,Product 063,Garden,Garden 4,9,3176.91,2454.27,false
3866,2023-04-12,Online,Store 036,North,Germany,Product 088,Toys,Toys 1,5,1429.95,910.73,false
3867,2025-12-10,Store,Store 020,Central,Spain,Product 061,Electronics,Electronics 2,4,1115.96,866.04,false
3868,2024-08-30,Store,Store 024,West,Germany,Product 079,Electronics,Electronics 4,10,4489.90,3084.61,false
3869,2025-02-13,Store,Store 004,West,Netherlands,Product 104,Home,Home 1,7,2673.93,1808.70,false
3870,2023-08-13,Store,Store 027,South,Italy,Product 002,Home,Home 3,7,559.93,325.86,false
3871,2023-01-22,Store,Store 024,West,Germany,Product 072,Sports,Sports 1,4,759.96,437.58,false
3872,2023-05-09,Online,Store 020,Central,Spain,Product 073,Electronics,Electronics 2,4,907.96,692.75,false
3873,2025-10-22,Store,Store 032,South,Spain,Product 103,Electronics,Electronics 4,5,1724.95,925.28,false
3874,2025-08-29,Online,Store 027,South,Italy,Product 071,Clothing,Clothing 4,1,152.99,79.51,false
3875,2023-01-27,Store,Store 024,West,Germany,Product 111,Garden,Garden 4,10,1449.90,873.02,false
3876,2023-06-27,Store,Store 011,North,United Kingdom,Product 037,Electronics,Electronics 2,9,3446.91,1765.16,false
3877,2023-08-19,Online,Store 013,East,France,Product 105,Garden,Garden 2,2,837.98,501.48,false
3878,2025-03-07,Store,Store 032,South,Spain,Product 076,Toys,Toys 1,4,1351.96,848.52,false
3879,2025-01-29,Online,Store 004,West,Netherlands,Product 046,Toys,Toys 3,10,2199.90,1278.44,false
3880,2024-07-28,Store,Store 007,South,France,Product 117,Garden,Garden 2,7,2568.93,2035.36,false
3881,2023-07-24,Online,Store 026,North,Spain,Product 083,Clothing,Clothing 4,9,908.91,573.71,false
3882,2025-10-28,Store,Store 029,West,United Kingdom,Product 070,Toys,Toys 3,9,1043.91,696.00,false
3883,2025-07-20,Online,Store 003,East,Italy,Product 071,Clothing,Clothing 4,7,1070.93,545.10,false
3884,2023-06-10,Store,Store 039,West,Italy,Product 110,Home,Home 3,3,323.97,190.66,false
3885,2024-01-29,Online,Store 032,South,Spain,Product 018,Sports,Sports 3,8,1407.92,814.92,false
3886,2025-02-27,Online,Store 014,West,Spain,Product 017,Clothing,Clothing 2,3,416.97,217.59,false
3887,2025-08-07,Store,Store 001,North,France,Product 054,Sports,Sports 3,1,19.99,14.11,false
3888,2024-06-28,Online,Store 011,North,United Kingdom,Product 025,Electronics,Electronics 2,2,869.98,551.89,false
3889,2024-09-09,Online,Store 039,West,Italy,Product 081,Garden,Garden 2,3,80.97,56.57,false
3890,2024-01-06,Online,Store 005,Central,United Kingdom,Product 040,Toys,Toys 1,8,3951.92,2944.74,false
3891,2025-06-26,Online,Store 027,South,Italy,Product 098,Home,Home 3,4,639.96,417.21,false
3892,2023-09-02,Online,Store 023,East,United Kingdom,Product 112,Toys,Toys 1,10,1819.90,964.54,false
3893,2025-02-01,Store,Store 016,North,Netherlands,Product 114,Sports,Sports 3,6,1535.94,817.99,false
3894,2023-03-28,Store,Store 001,North,France,Product 036,Sports,Sports 1,7,2421.93,1851.49,true
3895,2023-09-17,Store,Store 027,South,Italy,Product 120,Sports,Sports 1,2,955.98,559.48,false
3896,2025-12-06,Store,Store 025,Central,France,Product 045,Garden,Garden 2,2,365.98,193.81,false
3897,2025-05-13,Store,Store 026,North,Spain,Product 110,Home,Home 3,5,539.95,369.70,false
3898,2024-04-27,Store,Store 016,North,Netherlands,Product 051,Garden,Garden 4,1,404.99,305.50,false
3899,2024-12-20,Online,Store 006,North,Germany,Product 042,Sports,Sports 3,2,143.98,112.87,false
3900,2023-09-15,Store,Store 034,West,Netherlands,Product 018,Sports,Sports 3,9,1583.91,850.33,false
3901,2024-06-27,Online,Store 030,Central,Germany,Product 108,Sports,Sports 1,3,101.97,75.57,false
3902,2023-03-27,Online,Store 008,East,Spain,Product 014,Home,Home 3,9,251.91,155.11,false
3903,2025-02-10,Store,Store 032,South,Spain,Product 031,Electronics,Electronics 4,7,1126.93,620.38,false
3904,2023-03-25,Store,Store 026,North,Spain,Product 037,Electronics,Electronics 2,2,765.98,524.33,false
3905,2025-08-27,Store,Store 005,Central,United Kingdom,Product 022,Toys,Toys 3,1,323.99,200.37,false
3906,2025-08-26,Store,Store 021,North,Italy,Product 076,Toys,Toys 1,5,1689.95,1304.72,false
3907,2023-08-15,Online,Store 012,South,Germany,Product 096,Sports,Sports 1,8,687.92,452.22,false
3908,2024-11-23,Store,Store 027,South,Italy,Product 006,Sports,Sports 3,5,1139.95,579.99,false
3909,2025-12-16,Store,Store 019,West,France,Product 005,Clothing,Clothing 2,8,1527.92,1207.07,false
3910,2025-09-25,Online,Store 006,North,Germany,Product 023,Clothing,Clothing 4,10,3609.90,2697.80,false
3911,2023-10-10,Online,Store 027,South,Italy,Product 003,Garden,Garden 4,3,350.97,227.59,false
3912,2023-01-29,Online,Store 005,Central,United Kingdom,Product 079,Electronics,Electronics 4,3,1346.97,726.15,false
3913,2025-02-08,Online,Store 006,North,Germany,Product 109,Electronics,Electronics 2,5,354.95,232.01,false
3914,2023-02-07,Store,Store 035,Central,United Kingdom,Product 048,Sports,Sports 1,2,587.98,318.71,false
3915,2024-08-18,Online,Store 024,West,Germany,Product 037,Electronics,Electronics 2,7,2680.93,1754.43,false
3916,2025-02-05,Store,Store 024,West,Germany,Product 103,Electronics,Electronics 4,7,2414.93,1612.72,false
3917,2025-03-04,Store,Store 020,Central,Spain,Product 025,Electronics,Electronics 2,7,3044.93,1771.40,false
3918,2023-09-01,Store,Store 019,West,France,Product 019,Electronics,Electronics 4,5,1064.95,584.95,false
3919,2025-09-08,Store,Store 004,West,Netherlands,Product 040,Toys,Toys 1,6,2963.94,2006.49,false
3920,2023-11-09,Online,Store 006,North,Germany,Product 095,Clothing,Clothing 4,10,489.90,297.84,false
3921,2024-05-02,Online,Store 025,Central,France,Product 088,Toys,Toys 1,4,1143.96,630.81,false
3922,2025-04-17,Online,Store 032,South,Spain,Product 088,Toys,Toys 1,9,2573.91,1729.88,false
3923,2023-04-04,Store,Store 026,North,Spain,Product 085,Electronics,Electronics 2,1,174.99,134.08,false
3924,2025-07-22,Online,Store 038,East,Spain,Product 105,Garden,Garden 2,9,3770.91,2265.83,false
3925,2025-08-29,Store,Store 028,East,Netherlands,Product 082,Toys,Toys 3,8,511.92,395.08,false
3926,2025-06-18,Online,Store 017,South,United Kingdom,Product 097,Electronics,Electronics 2,5,614.95,421.33,false
3927,2023-06-08,Store,Store 037,South,France,Product 028,Toys,Toys 1,2,99.98,65.17,false
3928,2025-09-18,Online,Store 012,South,Germany,Product 077,Clothing,Clothing 2,1,374.99,204.61,false
3929,2023-09-27,Store,Store 029,West,United Kingdom,Product 084,Sports,Sports 1,3,413.97,215.05,true
3930,2025-04-08,Store,Store 037,South,France,Product 079,Electronics,Electronics 4,2,897.98,466.46,false
3931,2023-07-06,Store,Store 028,East,Netherlands,Product 006,Sports,Sports 3,2,455.98,325.08,false
3932,2024-07-03,Store,Store 002,South,Spain,Product 009,Garden,Garden 2,6,2033.94,1346.47,false
3933,2024-09-03,Store,Store 030,Central,Germany,Product 071,Clothing,Clothing 4,6,917.94,481.89,false
3934,2024-01-10,Store,Store 012,South,Germany,Product 062,Home,Home 3,10,3159.90,1914.30,false
3935,2024-04-21,Online,Store 005,Central,United Kingdom,Product 102,Sports,Sports 3,6,1847.94,1332.64,false
3936,2025-06-09,Store,Store 027,South,Italy,Product 072,Sports,Sports 1,2,379.98,250.20,false
3937,2023-10-19,Store,Store 010,Central,Netherlands,Product 028,Toys,Toys 1,4,199.96,111.46,false
3938,2024-05-24,Online,Store 017,South,United Kingdom,Product 025,Electronics,Electronics 2,1,434.99,287.83,false
3939,2023-05-18,Store,Store 035,Central,United Kingdom,Product 032,Home,Home 1,1,197.99,155.54,false
3940,2023-01-24,Online,Store 024,West,Germany,Product 016,Toys,Toys 1,9,917.91,462.25,false
3941,2024-08-01,Online,Store 039,West,Italy,Product 082,Toys,Toys 3,3,191.97,133.22,false
3942,2023-08-02,Store,Store 022,South,Netherlands,Product 021,Garden,Garden 2,2,573.98,369.69,false
3943,2023-03-27,Store,Store 023,East,United Kingdom,Product 029,Clothing,Clothing 2,4,347.96,197.45,false
3944,2024-02-26,Online,Store 011,North,United Kingdom,Product 078,Sports,Sports 3,1,411.99,327.56,false
3945,2023-11-15,Online,Store 029,West,United Kingdom,Product 102,Sports,Sports 3,8,2463.92,1645.61,false
3946,2024-01-26,Store,Store 040,Central,Netherlands,Product 100,Toys,Toys 1,2,467.98,358.20,false
3947,2023-11-12,Store,Store 012,South,Germany,Product 064,Toys,Toys 1,2,779.98,562.67,false
3948,2024-03-06,Online,Store 034,West,Netherlands,Product 082,Toys,Toys 3,4,255.96,128.01,false
3949,2023-10-29,Store,Store 014,West,Spain,Product 005,Clothing,Clothing 2,5,954.95,702.79,false
3950,2024-02-16,Online,Store 008,East,Spain,Product 118,Toys,Toys 3,6,2423.94,1363.90,false
3951,2025-08-06,Store,Store 015,Central,Italy,Product 014,Home,Home 3,4,111.96,77.78,false
3952,2023-03-11,Online,Store 024,West,Germany,Product 087,Garden,Garden 4,5,1244.95,851.24,false
3953,2024-05-19,Online,Store 031,North,France,Product 103,Electronics,Electronics 4,3,1034.97,617.03,false
3954,2025-05-12,Store,Store 027,South,Italy,Product 012,Sports,Sports 1,10,4499.90,3081.78,false
3955,2025-01-18,Online,Store 028,East,Netherlands,Product 039,Garden,Garden 4,5,2284.95,1296.84,false
3956,2025-03-18,Store,Store 038,East,Spain,Product 010,Toys,Toys 3,4,1503.96,1139.53,false
3957,2025-12-21,Online,Store 006,North,Germany,Product 024,Sports,Sports 1,2,795.98,400.35,false
3958,2024-02-12,Online,Store 003,East,Italy,Product 012,Sports,Sports 1,7,3149.93,1855.19,false
3959,2025-07-09,Store,Store 033,East,Italy,Product 114,Sports,Sports 3,4,1023.96,726.87,false
3960,2023-09-09,Store,Store 024,West,Germany,Product 026,Home,Home 3,7,3303.93,2582.40,false
3961,2023-10-17,Online,Store 030,Central,Germany,Product 102,Sports,Sports 3,2,615.98,435.92,false
3962,2023-09-04,Online,Store 026,North,Spain,Product 007,Electronics,Electronics 4,7,1854.93,989.17,false
3963,2024-11-23,Store,Store 005,Central,United Kingdom,Product 046,Toys,Toys 3,8,1759.92,912.84,false
3964,2023-05-12,Online,Store 001,North,France,Product 107,Clothing,Clothing 4,9,4436.91,2570.03,false
3965,2023-09-14,Store,Store 029,West,United Kingdom,Product 019,Electronics,Electronics 4,4,851.96,498.54,false
3966,2024-05-24,Online,Store 008,East,Spain,Product 108,Sports,Sports 1,6,203.94,122.47,false
3967,2024-10-21,Online,Store 007,South,France,Product 106,Toys,Toys 3,9,4103.91,2767.93,false
3968,2024-01-10,Store,Store 032,South,Spain,Product 031,Electronics,Electronics 4,6,965.94,587.34,false
3969,2023-08-08,Online,Store 025,Central,France,Product 071,Clothing,Clothing 4,2,305.98,162.67,false
3970,2023-04-21,Online,Store 030,Central,Germany,Product 009,Garden,Garden 2,3,1016.97,799.59,false
3971,2024-03-27,Store,Store 007,South,France,Product 028,Toys,Toys 1,10,499.90,368.68,false
3972,2025-10-11,Store,Store 003,East,Italy,Product 118,Toys,Toys 3,9,3635.91,2163.45,false
3973,2024-01-06,Online,Store 016,North,Netherlands,Product 008,Home,Home 1,4,1207.96,747.94,false
3974,2024-08-15,Store,Store 038,East,Spain,Product 017,Clothing,Clothing 2,6,833.94,583.21,false
3975,2024-03-26,Store,Store 015,Central,Italy,Product 052,Toys,Toys 1,7,3093.93,1563.30,false
3976,2023-03-04,Store,Store 006,North,Germany,Product 039,Garden,Garden 4,4,1827.96,980.59,false
3977,2025-01-18,Online,Store 016,North,Netherlands,Product 029,Clothing,Clothing 2,7,608.93,405.96,false
3978,2024-01-29,Online,Store 024,West,Germany,Product 081,Garden,Garden 2,10,269.90,155.82,false
3979,2024-06-04,Online,Store 032,South,Spain,Product 059,Clothing,Clothing 4,6,1229.94,634.02,false
3980,2025-10-30,Store,Store 031,North,France,Product 029,Clothing,Clothing 2,10,869.90,466.86,false
3981,2025-02-16,Online,Store 027,South,Italy,Product 087,Garden,Garden 4,3,746.97,383.75,false
3982,2025-06-15,Online,Store 012,South,Germany,Product 026,Home,Home 3,2,943.98,661.65,false
3983,2024-11-25,Online,Store 006,North,Germany,Product 053,Clothing,Clothing 2,1,478.99,359.89,false
3984,2024-04-28,Online,Store 015,Central,Italy,Product 046,Toys,Toys 3,3,659.97,365.71,false
3985,2024-09-11,Store,Store 009,West,Italy,Product 103,Electronics,Electronics 4,6,2069.94,1530.85,false
3986,2024-05-15,Store,Store 027,South,Italy,Product 089,Clothing,Clothing 2,4,1291.96,980.75,false
3987,2024-09-07,Store,Store 032,South,Spain,Product 106,Toys,Toys 3,3,1367.97,889.21,false
3988,2024-07-11,Online,Store 039,West,Italy,Product 119,Clothing,Clothing 4,8,3527.92,2019.63,false
3989,2025-08-31,Store,Store 013,East,France,Product 075,Garden,Garden 4,2,601.98,396.81,false
3990,2025-11-19,Online,Store 034,West,Netherlands,Product 054,Sports,Sports 3,3,59.97,46.27,false
3991,2024-11-21,Online,Store 012,South,Germany,Product 099,Garden,Garden 4,1,196.99,129.43,false
3992,2025-04-08,Store,Store 001,North,France,Product 113,Clothing,Clothing 2,8,1751.92,1159.60,false
3993,2023-06-17,Online,Store 023,East,United Kingdom,Product 008,Home,Home 1,5,1509.95,1176.21,false
3994,2025-02-16,Store,Store 006,North,Germany,Product 040,Toys,Toys 1,8,3951.92,2581.30,false
3995,2024-07-16,Store,Store 037,South,France,Product 081,Garden,Garden 2,2,53.98,33.85,false
3996,2023-08-26,Online,Store 034,West,Netherlands,Product 113,Clothing,Clothing 2,1,218.99,157.64,false
3997,2024-07-09,Store,Store 004,West,Netherlands,Product 092,Home,Home 1,1,433.99,218.94,false
3998,2025-04-09,Store,Store 016,North,Netherlands,Product 043,Electronics,Electronics 4,10,1089.90,582.72,false
3999,2025-07-08,Online,Store 038,East,Spain,Product 007,Electronics,Electronics 4,8,2119.92,1246.10,false
4000,2024-02-08,Online,Store 008,East,Spain,Product 003,Garden,Garden 4,6,701.94,371.42,false
4001,2024-02-23,Online,Store 004,West,Netherlands,Product 021,Garden,Garden 2,2,573.98,402.98,false
4002,2025-07-27,Online,Store 021,North,Italy,Product 034,Toys,Toys 3,9,2447.91,1699.74,false
4003,2024-02-01,Store,Store 030,Central,Germany,Product 015,Garden,Garden 4,5,324.95,165.31,false
4004,2023-07-28,Store,Store 028,East,Netherlands,Product 017,Clothing,Clothing 2,2,277.98,164.92,false
4005,2025-08-25,Store,Store 013,East,France,Product 070,Toys,Toys 3,6,695.94,363.67,false
4006,2025-05-08,Store,Store 031,North,France,Product 036,Sports,Sports 1,5,1729.95,1318.89,false
4007,2023-10-03,Store,Store 027,South,Italy,Product 103,Electronics,Electronics 4,5,1724.95,982.06,false
4008,2023-10-12,Store,Store 014,West,Spain,Product 063,Garden,Garden 4,10,3529.90,2041.43,false
4009,2025-03-24,Store,Store 029,West,United Kingdom,Product 035,Clothing,Clothing 4,3,926.97,628.87,false
4010,2025-03-09,Online,Store 016,North,Netherlands,Product 059,Clothing,Clothing 4,5,1024.95,621.75,false
4011,2025-12-17,Store,Store 018,East,Germany,Product 084,Sports,Sports 1,2,275.98,170.78,false
4012,2025-06-20,Online,Store 005,Central,United Kingdom,Product 018,Sports,Sports 3,9,1583.91,987.56,false
4013,2025-06-02,Store,Store 025,Central,France,Product 057,Garden,Garden 2,2,261.98,174.33,false
4014,2025-05-12,Store,Store 011,North,United Kingdom,Product 039,Garden,Garden 4,7,3198.93,2132.48,true
4015,2025-10-24,Store,Store 003,East,Italy,Product 031,Electronics,Electronics 4,3,482.97,361.49,false
4016,2023-08-29,Store,Store 015,Central,Italy,Product 085,Electronics,Electronics 2,3,524.97,282.19,false
4017,2023-10-14,Online,Store 039,West,Italy,Product 059,Clothing,Clothing 4,10,2049.90,1544.57,false
4018,2025-11-13,Online,Store 019,West,France,Product 081,Garden,Garden 2,7,188.93,119.01,false
4019,2025-10-24,Online,Store 036,North,Germany,Product 036,Sports,Sports 1,10,3459.90,1996.25,false
4020,2024-01-26,Online,Store 018,East,Germany,Product 044,Home,Home 1,9,1313.91,1023.25,false
4021,2023-05-16,Online,Store 013,East,France,Product 108,Sports,Sports 1,5,169.95,110.54,false
4022,2025-01-02,Store,Store 033,East,Italy,Product 013,Electronics,Electronics 2,1,486.99,302.29,false
4023,2025-07-10,Store,Store 004,West,Netherlands,Product 035,Clothing,Clothing 4,10,3089.90,2206.57,false
4024,2024-10-15,Online,Store 034,West,Netherlands,Product 089,Clothing,Clothing 2,6,1937.94,1017.82,false
4025,2023-04-30,Store,Store 032,South,Spain,Product 016,Toys,Toys 1,10,1019.90,603.86,false
4026,2023-01-03,Store,Store 030,Central,Germany,Product 100,Toys,Toys 1,1,233.99,123.77,false
4027,2024-12-23,Store,Store 033,East,Italy,Product 050,Home,Home 3,2,735.98,483.73,false
4028,2023-04-17,Online,Store 029,West,United Kingdom,Product 109,Electronics,Electronics 2,5,354.95,237.46,false
4029,2023-07-11,Store,Store 029,West,United Kingdom,Product 090,Sports,Sports 3,2,719.98,475.60,false
4030,2024-07-13,Store,Store 006,North,Germany,Product 024,Sports,Sports 1,10,3979.90,2811.68,false
4031,2023-03-19,Online,Store 032,South,Spain,Product 106,Toys,Toys 3,5,2279.95,1767.13,false
4032,2023-07-03,Online,Store 021,North,Italy,Product 099,Garden,Garden 4,9,1772.91,1221.15,false
4033,2023-05-18,Store,Store 016,North,Netherlands,Product 003,Garden,Garden 4,3,350.97,265.09,false
4034,2025-08-08,Online,Store 013,East,France,Product 032,Home,Home 1,1,197.99,156.08,false
4035,2023-12-16,Store,Store 020,Central,Spain,Product 089,Clothing,Clothing 2,5,1614.95,938.22,false
4036,2023-08-24,Online,Store 003,East,Italy,Product 118,Toys,Toys 3,5,2019.95,1461.32,false
4037,2025-03-24,Store,Store 030,Central,Germany,Product 083,Clothing,Clothing 4,1,100.99,54.40,false
4038,2023-12-07,Online,Store 020,Central,Spain,Product 115,Electronics,Electronics 4,3,878.97,646.87,false
4039,2024-08-27,Store,Store 023,East,United Kingdom,Product 002,Home,Home 3,3,239.97,120.36,false
4040,2023-03-02,Store,Store 019,West,France,Product 119,Clothing,Clothing 4,5,2204.95,1175.41,false
4041,2024-09-21,Online,Store 020,Central,Spain,Product 094,Toys,Toys 3,5,59.95,30.77,false
4042,2023-11-20,Online,Store 028,East,Netherlands,Product 086,Home,Home 3,5,1059.95,596.31,false
4043,2025-10-16,Store,Store 023,East,United Kingdom,Product 006,Sports,Sports 3,5,1139.95,782.09,false
4044,2025-11-29,Online,Store 011,North,United Kingdom,Product 073,Electronics,Electronics 2,2,453.98,278.83,false
4045,2024-07-03,Online,Store 029,West,United Kingdom,Product 093,Garden,Garden 2,6,2825.94,1977.58,false
4046,2024-06-26,Store,Store 009,West,Italy,Product 008,Home,Home 1,9,2717.91,1782.81,false
4047,2024-06-02,Online,Store 026,North,Spain,Product 089,Clothing,Clothing 2,6,1937.94,1381.11,false
4048,2023-03-27,Store,Store 035,Central,United Kingdom,Product 046,Toys,Toys 3,7,1539.93,1174.50,false
4049,2025-04-20,Store,Store 013,East,France,Product 072,Sports,Sports 1,3,569.97,436.33,false
4050,2023-03-16,Store,Store 036,North,Germany,Product 017,Clothing,Clothing 2,1,138.99,74.11,false
4051,2024-03-14,Store,Store 018,East,Germany,Product 048,Sports,Sports 1,2,587.98,304.86,false
4052,2025-12-11,Store,Store 007,South,France,Product 004,Toys,Toys 1,8,1231.92,668.68,false
4053,2023-06-01,Store,Store 002,South,Spain,Product 110,Home,Home 3,8,863.92,667.56,false
4054,2024-10-20,Online,Store 011,North,United Kingdom,Product 077,Clothing,Clothing 2,3,1124.97,764.19,false
4055,2025-03-30,Online,Store 018,East,Germany,Product 074,Home,Home 3,3,791.97,579.68,false
4056,2025-08-31,Store,Store 004,West,Netherlands,Product 059,Clothing,Clothing 4,5,1024.95,716.42,false
4057,2023-06-18,Store,Store 024,West,Germany,Product 104,Home,Home 1,6,2291.94,1496.81,false
4058,2023-11-12,Store,Store 033,East,Italy,Product 076,Toys,Toys 1,6,2027.94,1430.41,false
4059,2023-12-27,Online,Store 002,South,Spain,Product 029,Clothing,Clothing 2,7,608.93,322.73,false
4060,2025-03-05,Store,Store 026,North,Spain,Product 013,Electronics,Electronics 2,9,4382.91,3079.01,false
4061,2025-08-21,Online,Store 025,Central,France,Product 085,Electronics,Electronics 2,8,1399.92,1091.55,false
4062,2023-06-22,Store,Store 019,West,France,Product 111,Garden,Garden 4,10,1449.90,865.18,false
4063,2024-05-20,Store,Store 039,West,Italy,Product 077,Clothing,Clothing 2,7,2624.93,1691.56,false
4064,2024-09-14,Store,Store 026,North,Spain,Product 046,Toys,Toys 3,5,1099.95,567.25,false
4065,2025-11-01,Store,Store 025,Central,France,Product 045,Garden,Garden 2,1,182.99,143.61,false
4066,2024-12-31,Store,Store 022,South,Netherlands,Product 094,Toys,Toys 3,8,95.92,68.33,false
4067,2024-02-10,Online,Store 029,West,United Kingdom,Product 017,Clothing,Clothing 2,8,1111.92,598.56,false
4068,2023-03-08,Store,Store 013,East,France,Product 045,Garden,Garden 2,1,182.99,106.10,false
4069,2023-09-22,Store,Store 009,West,Italy,Product 017,Clothing,Clothing 2,6,833.94,561.24,false
4070,2023-05-16,Store,Store 022,South,Netherlands,Product 033,Garden,Garden 2,10,2349.90,1690.34,false
4071,2024-09-09,Store,Store 007,South,France,Product 020,Home,Home 1,2,499.98,251.61,false
4072,2024-01-04,Online,Store 034,West,Netherlands,Product 079,Electronics,Electronics 4,7,3142.93,2347.98,false
4073,2025-02-14,Online,Store 027,South,Italy,Product 063,Garden,Garden 4,7,2470.93,1425.60,false
4074,2024-03-18,Store,Store 004,West,Netherlands,Product 074,Home,Home 3,5,1319.95,746.88,false
4075,2025-12-18,Store,Store 021,North,Italy,Product 070,Toys,Toys 3,2,231.98,129.81,false
4076,2023-12-10,Store,Store 013,East,France,Product 100,Toys,Toys 1,4,935.96,671.10,false
4077,2024-12-13,Store,Store 012,South,Germany,Product 104,Home,Home 1,4,1527.96,822.82,false
4078,2023-09-10,Store,Store 018,East,Germany,Product 090,Sports,Sports 3,9,3239.91,1763.28,false
4079,2023-03-07,Store,Store 037,South,France,Product 066,Sports,Sports 3,3,1391.97,1003.40,false
4080,2023-11-22,Online,Store 038,East,Spain,Product 037,Electronics,Electronics 2,5,1914.95,1194.37,false
4081,2025-06-01,Store,Store 011,North,United Kingdom,Product 043,Electronics,Electronics 4,5,544.95,394.83,false
4082,2023-09-18,Store,Store 035,Central,United Kingdom,Product 039,Garden,Garden 4,6,2741.94,2099.73,false
4083,2024-06-07,Store,Store 021,North,Italy,Product 100,Toys,Toys 1,3,701.97,435.09,false
4084,2023-08-10,Online,Store 033,East,Italy,Product 014,Home,Home 3,3,83.97,62.60,false
4085,2025-06-29,Store,Store 027,South,Italy,Product 113,Clothing,Clothing 2,3,656.97,493.80,false
4086,2025-01-04,Store,Store 017,South,United Kingdom,Product 038,Home,Home 3,6,2519.94,1813.07,false
4087,2025-04-14,Online,Store 003,East,Italy,Product 053,Clothing,Clothing 2,2,957.98,569.94,false
4088,2025-02-09,Store,Store 009,West,Italy,Product 019,Electronics,Electronics 4,5,1064.95,688.89,false
4089,2023-02-16,Store,Store 031,North,France,Product 033,Garden,Garden 2,4,939.96,528.75,false
4090,2024-06-24,Store,Store 014,West,Spain,Product 111,Garden,Garden 4,1,144.99,111.02,false
4091,2025-02-11,Online,Store 015,Central,Italy,Product 114,Sports,Sports 3,4,1023.96,757.85,false
4092,2024-06-09,Online,Store 002,South,Spain,Product 073,Electronics,Electronics 2,9,2042.91,1340.11,false
4093,2024-07-06,Store,Store 027,South,Italy,Product 039,Garden,Garden 4,10,4569.90,3446.20,false
4094,2025-09-10,Store,Store 015,Central,Italy,Product 039,Garden,Garden 4,3,1370.97,1029.19,false
4095,2024-07-06,Store,Store 028,East,Netherlands,Product 006,Sports,Sports 3,2,455.98,265.68,false
4096,2025-04-11,Store,Store 040,Central,Netherlands,Product 048,Sports,Sports 1,9,2645.91,1866.05,false
4097,2024-03-10,Store,Store 023,East,United Kingdom,Product 016,Toys,Toys 1,8,815.92,545.03,false
4098,2024-05-15,Store,Store 028,East,Netherlands,Product 094,Toys,Toys 3,10,119.90,95.68,false
4099,2023-05-12,Online,Store 034,West,Netherlands,Product 062,Home,Home 3,2,631.98,329.82,false
4100,2023-10-02,Online,Store 035,Central,United Kingdom,Product 095,Clothing,Clothing 4,5,244.95,139.97,false
4101,2024-10-23,Online,Store 029,West,United Kingdom,Product 055,Electronics,Electronics 4,3,170.97,87.93,false
4102,2024-07-29,Store,Store 005,Central,United Kingdom,Product 042,Sports,Sports 3,3,215.97,155.96,false
4103,2024-08-26,Store,Store 021,North,Italy,Product 037,Electronics,Electronics 2,9,3446.91,2487.85,false
4104,2023-08-09,Store,Store 010,Central,Netherlands,Product 026,Home,Home 3,4,1887.96,1392.95,false
4105,2023-03-03,Store,Store 020,Central,Spain,Product 065,Clothing,Clothing 2,2,853.98,465.55,false
4106,2024-03-10,Store,Store 040,Central,Netherlands,Product 052,Toys,Toys 1,3,1325.97,767.63,false
4107,2025-01-19,Online,Store 015,Central,Italy,Product 020,Home,Home 1,1,249.99,187.85,false
4108,2023-07-09,Store,Store 035,Central,United Kingdom,Product 062,Home,Home 3,5,1579.95,838.43,false
4109,2025-04-09,Store,Store 018,East,Germany,Product 055,Electronics,Electronics 4,1,56.99,35.76,true
4110,2023-04-19,Store,Store 013,East,France,Product 104,Home,Home 1,7,2673.93,1505.65,false
4111,2023-09-07,Store,Store 011,North,United Kingdom,Product 071,Clothing,Clothing 4,9,1376.91,1045.63,false
4112,2024-10-18,Store,Store 023,East,United Kingdom,Product 106,Toys,Toys 3,5,2279.95,1766.87,false
4113,2025-05-08,Store,Store 014,West,Spain,Product 035,Clothing,Clothing 4,1,308.99,168.63,false
4114,2023-12-05,Store,Store 035,Central,United Kingdom,Product 061,Electronics,Electronics 2,7,1952.93,1401.67,false
4115,2023-04-03,Store,Store 031,North,France,Product 040,Toys,Toys 1,7,3457.93,2683.79,true
4116,2024-07-25,Store,Store 039,West,Italy,Product 015,Garden,Garden 4,2,129.98,103.80,false
4117,2023-03-31,Online,Store 021,North,Italy,Product 054,Sports,Sports 3,5,99.95,53.53,false
4118,2025-02-06,Store,Store 017,South,United Kingdom,Product 096,Sports,Sports 1,3,257.97,168.45,false
4119,2024-05-13,Online,Store 019,West,France,Product 055,Electronics,Electronics 4,6,341.94,198.90,false
4120,2023-01-11,Online,Store 033,East,Italy,Product 017,Clothing,Clothing 2,8,1111.92,830.60,false
4121,2024-10-12,Online,Store 003,East,Italy,Product 011,Clothing,Clothing 4,3,1238.97,943.36,false
4122,2024-11-10,Online,Store 039,West,Italy,Product 118,Toys,Toys 3,3,1211.97,841.25,false
4123,2025-03-28,Store,Store 024,West,Germany,Product 014,Home,Home 3,5,139.95,96.13,false
4124,2025-12-13,Store,Store 006,North,Germany,Product 077,Clothing,Clothing 2,6,2249.94,1237.28,false
4125,2025-01-26,Store,Store 021,North,Italy,Product 068,Home,Home 1,1,41.99,28.49,false
4126,2025-02-05,Store,Store 016,North,Netherlands,Product 117,Garden,Garden 2,2,733.98,367.68,false
4127,2023-09-25,Online,Store 035,Central,United Kingdom,Product 065,Clothing,Clothing 2,2,853.98,433.25,false
4128,2025-01-14,Store,Store 006,North,Germany,Product 040,Toys,Toys 1,7,3457.93,2749.77,false
4129,2023-03-14,Store,Store 036,North,Germany,Product 080,Home,Home 1,10,4859.90,2975.85,false
4130,2025-01-13,Store,Store 036,North,Germany,Product 041,Clothing,Clothing 2,1,34.99,19.20,false
4131,2024-09-19,Online,Store 021,North,Italy,Product 063,Garden,Garden 4,5,1764.95,1365.09,false
4132,2023-10-21,Store,Store 012,South,Germany,Product 030,Sports,Sports 3,3,371.97,200.94,false
4133,2024-07-03,Online,Store 010,Central,Netherlands,Product 080,Home,Home 1,3,1457.97,1113.12,false
4134,2023-07-01,Store,Store 011,North,United Kingdom,Product 067,Electronics,Electronics 4,3,1502.97,1127.24,false
4135,2023-08-14,Store,Store 004,West,Netherlands,Product 108,Sports,Sports 1,2,67.98,45.32,false
4136,2025-11-14,Online,Store 015,Central,Italy,Product 083,Clothing,Clothing 4,2,201.98,124.20,false
4137,2025-04-08,Online,Store 022,South,Netherlands,Product 015,Garden,Garden 4,10,649.90,425.16,false
4138,2024-07-29,Online,Store 035,Central,United Kingdom,Product 038,Home,Home 3,9,3779.91,2682.13,false
4139,2025-01-09,Online,Store 022,South,Netherlands,Product 055,Electronics,Electronics 4,1,56.99,34.55,false
4140,2023-09-15,Store,Store 026,North,Spain,Product 048,Sports,Sports 1,9,2645.91,1519.77,false
4141,2023-03-17,Store,Store 011,North,United Kingdom,Product 008,Home,Home 1,7,2113.93,1603.99,false
4142,2024-03-06,Store,Store 035,Central,United Kingdom,Product 077,Clothing,Clothing 2,8,2999.92,2165.68,false
4143,2023-10-28,Store,Store 030,Central,Germany,Product 057,Garden,Garden 2,4,523.96,306.32,false
4144,2023-11-02,Store,Store 024,West,Germany,Product 008,Home,Home 1,9,2717.91,1896.57,false
4145,2025-12-01,Store,Store 009,West,Italy,Product 074,Home,Home 3,10,2639.90,2028.38,false
4146,2024-04-16,Store,Store 010,Central,Netherlands,Product 078,Sports,Sports 3,4,1647.96,1030.85,false
4147,2023-10-16,Store,Store 017,South,United Kingdom,Product 045,Garden,Garden 2,10,1829.90,975.92,false
4148,2025-09-07,Store,Store 009,West,Italy,Product 022,Toys,Toys 3,10,3239.90,2362.85,false
4149,2024-06-14,Store,Store 039,West,Italy,Product 098,Home,Home 3,6,959.94,700.43,false
4150,2025-10-22,Store,Store 004,West,Netherlands,Product 100,Toys,Toys 1,5,1169.95,877.87,false
4151,2025-08-18,Online,Store 018,East,Germany,Product 035,Clothing,Clothing 4,2,617.98,449.17,false
4152,2023-01-04,Store,Store 038,East,Spain,Product 042,Sports,Sports 3,5,359.95,186.50,false
4153,2025-02-03,Store,Store 034,West,Netherlands,Product 013,Electronics,Electronics 2,2,973.98,743.98,false
4154,2023-07-10,Store,Store 032,South,Spain,Product 047,Clothing,Clothing 4,10,2569.90,1773.15,false
4155,2024-03-16,Online,Store 004,West,Netherlands,Product 078,Sports,Sports 3,1,411.99,309.41,false
4156,2024-04-03,Online,Store 031,North,France,Product 020,Home,Home 1,10,2499.90,1932.51,false
4157,2023-08-24,Online,Store 020,Central,Spain,Product 030,Sports,Sports 3,10,1239.90,866.36,false
4158,2023-01-22,Store,Store 019,West,France,Product 017,Clothing,Clothing 2,8,1111.92,764.64,false
4159,2024-10-28,Online,Store 036,North,Germany,Product 047,Clothing,Clothing 4,6,1541.94,1052.66,false
4160,2023-02-20,Store,Store 037,South,France,Product 055,Electronics,Electronics 4,5,284.95,202.05,false
4161,2023-08-02,Online,Store 012,South,Germany,Product 019,Electronics,Electronics 4,4,851.96,656.97,false
4162,2024-08-27,Store,Store 030,Central,Germany,Product 068,Home,Home 1,7,293.93,211.62,false
4163,2023-02-19,Store,Store 009,West,Italy,Product 100,Toys,Toys 1,9,2105.91,1286.85,false
4164,2023-11-27,Store,Store 018,East,Germany,Product 067,Electronics,Electronics 4,9,4508.91,2449.84,false
4165,2023-04-05,Store,Store 008,East,Spain,Product 108,Sports,Sports 1,2,67.98,37.20,false
4166,2024-01-19,Store,Store 008,East,Spain,Product 085,Electronics,Electronics 2,6,1049.94,839.12,false
4167,2023-10-21,Store,Store 005,Central,United Kingdom,Product 101,Clothing,Clothing 2,8,2167.92,1715.48,false
4168,2024-05-20,Online,Store 006,North,Germany,Product 042,Sports,Sports 3,6,431.94,297.31,false
4169,2023-05-29,Online,Store 031,North,France,Product 094,Toys,Toys 3,5,59.95,44.35,false
4170,2025-05-16,Store,Store 027,South,Italy,Product 045,Garden,Garden 2,9,1646.91,971.70,false
4171,2023-03-10,Online,Store 033,East,Italy,Product 041,Clothing,Clothing 2,9,314.91,229.18,false
4172,2024-04-24,Store,Store 036,North,Germany,Product 065,Clothing,Clothing 2,10,4269.90,2642.01,false
4173,2023-05-17,Store,Store 005,Central,United Kingdom,Product 110,Home,Home 3,8,863.92,592.93,false
4174,2024-09-08,Store,Store 025,Central,France,Product 037,Electronics,Electronics 2,10,3829.90,2312.93,false
4175,2024-01-30,Store,Store 026,North,Spain,Product 080,Home,Home 1,2,971.98,674.32,false
4176,2024-06-30,Store,Store 009,West,Italy,Product 002,Home,Home 3,7,559.93,350.16,false
4177,2025-08-07,Store,Store 039,West,Italy,Product 105,Garden,Garden 2,1,418.99,285.11,false
4178,2023-12-24,Online,Store 036,North,Germany,Product 056,Home,Home 1,10,939.90,694.88,false
4179,2023-12-11,Store,Store 018,East,Germany,Product 064,Toys,Toys 1,9,3509.91,2479.91,false
4180,2025-07-14,Store,Store 019,West,France,Product 041,Clothing,Clothing 2,1,34.99,26.12,false
4181,2023-05-01,Store,Store 040,Central,Netherlands,Product 039,Garden,Garden 4,2,913.98,472.76,false
4182,2025-11-29,Store,Store 020,Central,Spain,Product 097,Electronics,Electronics 2,6,737.94,585.05,false
4183,2024-06-07,Store,Store 004,West,Netherlands,Product 074,Home,Home 3,7,1847.93,1308.96,false
4184,2024-01-08,Store,Store 008,East,Spain,Product 002,Home,Home 3,9,719.91,528.30,false
4185,2024-10-24,Store,Store 007,South,France,Product 027,Garden,Garden 4,7,90.93,59.90,false
4186,2023-02-28,Store,Store 021,North,Italy,Product 117,Garden,Garden 2,4,1467.96,940.61,false
4187,2025-06-06,Store,Store 019,West,France,Product 048,Sports,Sports 1,10,2939.90,1828.99,false
4188,2025-05-01,Online,Store 014,West,Spain,Product 012,Sports,Sports 1,2,899.98,674.47,false
4189,2024-12-17,Online,Store 009,West,Italy,Product 034,Toys,Toys 3,2,543.98,356.87,false
4190,2024-09-23,Store,Store 026,North,Spain,Product 088,Toys,Toys 1,8,2287.92,1565.19,false
4191,2023-12-22,Online,Store 026,North,Spain,Product 119,Clothing,Clothing 4,3,1322.97,887.24,false
4192,2025-10-16,Store,Store 033,East,Italy,Product 053,Clothing,Clothing 2,8,3831.92,2236.87,false
4193,2024-07-12,Online,Store 015,Central,Italy,Product 068,Home,Home 1,4,167.96,85.21,false
4194,2024-10-22,Online,Store 022,South,Netherlands,Product 119,Clothing,Clothing 4,7,3086.93,2311.06,false
4195,2024-03-27,Store,Store 004,West,Netherlands,Product 078,Sports,Sports 3,6,2471.94,1498.02,false
4196,2024-01-08,Online,Store 019,West,France,Product 015,Garden,Garden 4,7,454.93,281.42,false
4197,2025-04-26,Store,Store 017,South,United Kingdom,Product 082,Toys,Toys 3,6,383.94,213.04,false
4198,2025-01-18,Store,Store 037,South,France,Product 074,Home,Home 3,3,791.97,544.18,false
4199,2023-04-24,Store,Store 004,West,Netherlands,Product 058,Toys,Toys 3,9,1511.91,798.27,false
4200,2024-12-16,Online,Store 031,North,France,Product 079,Electronics,Electronics 4,6,2693.94,1599.05,false
4201,2025-06-10,Store,Store 021,North,Italy,Product 043,Electronics,Electronics 4,8,871.92,619.15,false
4202,2023-07-14,Online,Store 020,Central,Spain,Product 070,Toys,Toys 3,1,115.99,84.82,false
4203,2023-12-19,Store,Store 010,Central,Netherlands,Product 075,Garden,Garden 4,6,1805.94,1108.84,true
4204,2024-07-08,Online,Store 017,South,United Kingdom,Product 073,Electronics,Electronics 2,10,2269.90,1398.15,false
4205,2024-08-07,Online,Store 028,East,Netherlands,Product 031,Electronics,Electronics 4,9,1448.91,854.16,false
4206,2025-03-30,Store,Store 030,Central,Germany,Product 076,Toys,Toys 1,4,1351.96,1080.71,false
4207,2023-05-27,Online,Store 020,Central,Spain,Product 014,Home,Home 3,6,167.94,122.79,false
4208,2024-05-13,Store,Store 025,Central,France,Product 020,Home,Home 1,9,2249.91,1383.48,false
4209,2024-07-23,Store,Store 010,Central,Netherlands,Product 060,Sports,Sports 1,5,1209.95,654.61,false
4210,2023-06-02,Store,Store 025,Central,France,Product 055,Electronics,Electronics 4,2,113.98,86.16,false
4211,2024-10-03,Store,Store 036,North,Germany,Product 014,Home,Home 3,3,83.97,45.39,false
4212,2025-03-16,Online,Store 014,West,Spain,Product 058,Toys,Toys 3,8,1343.92,958.27,false
4213,2024-03-05,Online,Store 035,Central,United Kingdom,Product 020,Home,Home 1,9,2249.91,1655.41,false
4214,2024-03-09,Store,Store 012,South,Germany,Product 103,Electronics,Electronics 4,2,689.98,376.30,false
4215,2025-08-15,Online,Store 032,South,Spain,Product 069,Garden,Garden 2,2,157.98,121.10,false
4216,2024-10-15,Store,Store 026,North,Spain,Product 108,Sports,Sports 1,9,305.91,184.98,false
4217,2023-07-29,Store,Store 025,Central,France,Product 099,Garden,Garden 4,5,984.95,702.92,false
4218,2024-02-09,Online,Store 028,East,Netherlands,Product 092,Home,Home 1,8,3471.92,2651.86,false
4219,2025-11-18,Store,Store 005,Central,United Kingdom,Product 108,Sports,Sports 1,3,101.97,59.80,false
4220,2025-10-28,Store,Store 008,East,Spain,Product 110,Home,Home 3,5,539.95,411.02,false
4221,2024-08-25,Online,Store 008,East,Spain,Product 058,Toys,Toys 3,5,839.95,484.95,false
4222,2025-07-18,Store,Store 033,East,Italy,Product 062,Home,Home 3,2,631.98,389.56,false
4223,2025-11-08,Online,Store 004,West,Netherlands,Product 117,Garden,Garden 2,8,2935.92,1626.74,false
4224,2023-11-12,Online,Store 035,Central,United Kingdom,Product 016,Toys,Toys 1,2,203.98,109.31,false
4225,2024-03-12,Online,Store 023,East,United Kingdom,Product 028,Toys,Toys 1,4,199.96,140.98,false
4226,2025-05-15,Online,Store 006,North,Germany,Product 063,Garden,Garden 4,7,2470.93,1635.27,false
4227,2023-10-13,Store,Store 027,South,Italy,Product 047,Clothing,Clothing 4,9,2312.91,1720.48,false
4228,2025-11-10,Online,Store 004,West,Netherlands,Product 053,Clothing,Clothing 2,10,4789.90,2876.08,false
4229,2025-08-21,Store,Store 038,East,Spain,Product 058,Toys,Toys 3,7,1175.93,897.87,false
4230,2023-12-04,Online,Store 039,West,Italy,Product 064,Toys,Toys 1,7,2729.93,1597.79,false
4231,2023-05-03,Store,Store 039,West,Italy,Product 010,Toys,Toys 3,4,1503.96,817.89,false
4232,2023-03-28,Online,Store 006,North,Germany,Product 022,Toys,Toys 3,3,971.97,622.88,false
4233,2024-06-25,Store,Store 017,South,United Kingdom,Product 079,Electronics,Electronics 4,3,1346.97,804.40,false
4234,2024-05-19,Store,Store 035,Central,United Kingdom,Product 071,Clothing,Clothing 4,3,458.97,274.69,false
4235,2025-01-28,Store,Store 007,South,France,Product 084,Sports,Sports 1,3,413.97,249.72,false
4236,2025-01-26,Store,Store 015,Central,Italy,Product 008,Home,Home 1,1,301.99,176.12,false
4237,2024-04-01,Online,Store 038,East,Spain,Product 005,Clothing,Clothing 2,2,381.98,212.52,false
4238,2025-12-11,Store,Store 030,Central,Germany,Product 064,Toys,Toys 1,6,2339.94,1864.99,false
4239,2024-07-27,Store,Store 011,North,United Kingdom,Product 084,Sports,Sports 1,7,965.93,748.30,false
4240,2024-01-02,Online,Store 031,North,France,Product 061,Electronics,Electronics 2,3,836.97,505.45,false
4241,2023-09-21,Store,Store 033,East,Italy,Product 008,Home,Home 1,7,2113.93,1388.25,false
4242,2023-07-08,Online,Store 002,South,Spain,Product 011,Clothing,Clothing 4,3,1238.97,949.81,false
4243,2023-11-14,Store,Store 012,South,Germany,Product 067,Electronics,Electronics 4,6,3005.94,2097.76,false
4244,2023-05-11,Store,Store 039,West,Italy,Product 006,Sports,Sports 3,5,1139.95,854.79,false
4245,2024-08-21,Store,Store 022,South,Netherlands,Product 057,Garden,Garden 2,5,654.95,355.51,false
4246,2025-12-08,Store,Store 001,North,France,Product 038,Home,Home 3,6,2519.94,1351.37,false
4247,2023-01-04,Online,Store 028,East,Netherlands,Product 062,Home,Home 3,6,1895.94,1000.06,false
4248,2024-03-29,Store,Store 014,West,Spain,Product 100,Toys,Toys 1,9,2105.91,1667.27,false
4249,2023-08-31,Store,Store 032,South,Spain,Product 025,Electronics,Electronics 2,5,2174.95,1701.29,false
4250,2025-09-24,Online,Store 037,South,France,Product 014,Home,Home 3,6,167.94,122.04,false
4251,2025-11-04,Store,Store 019,West,France,Product 119,Clothing,Clothing 4,7,3086.93,1633.01,false
4252,2023-01-24,Store,Store 040,Central,Netherlands,Product 096,Sports,Sports 1,9,773.91,454.73,false
4253,2023-11-10,Online,Store 036,North,Germany,Product 005,Clothing,Clothing 2,4,763.96,541.81,false
4254,2024-03-02,Store,Store 035,Central,United Kingdom,Product 051,Garden,Garden 4,8,3239.92,2404.22,false
4255,2023-04-25,Store,Store 029,West,United Kingdom,Product 090,Sports,Sports 3,5,1799.95,1204.50,false
4256,2025-11-24,Online,Store 038,East,Spain,Product 027,Garden,Garden 4,9,116.91,85.90,false
4257,2023-11-28,Store,Store 031,North,France,Product 016,Toys,Toys 1,4,407.96,318.86,false
4258,2024-09-20,Store,Store 040,Central,Netherlands,Product 092,Home,Home 1,10,4339.90,3456.91,false
4259,2025-02-26,Store,Store 022,South,Netherlands,Product 107,Clothing,Clothing 4,9,4436.91,2554.03,false
4260,2025-09-12,Store,Store 001,North,France,Product 099,Garden,Garden 4,1,196.99,143.71,false
4261,2024-07-17,Online,Store 020,Central,Spain,Product 049,Electronics,Electronics 2,7,2316.93,1385.11,false
4262,2023-01-31,Store,Store 032,South,Spain,Product 082,Toys,Toys 3,4,255.96,177.48,false
4263,2025-01-16,Store,Store 011,North,United Kingdom,Product 116,Home,Home 1,1,329.99,250.75,false
4264,2025-01-17,Online,Store 011,North,United Kingdom,Product 035,Clothing,Clothing 4,3,926.97,491.44,false
4265,2024-09-18,Store,Store 010,Central,Netherlands,Product 060,Sports,Sports 1,1,241.99,181.12,false
4266,2023-07-18,Store,Store 025,Central,France,Product 053,Clothing,Clothing 2,5,2394.95,1808.06,false
4267,2025-05-31,Online,Store 023,East,United Kingdom,Product 037,Electronics,Electronics 2,10,3829.90,2451.38,false
4268,2023-04-30,Online,Store 010,Central,Netherlands,Product 066,Sports,Sports 3,1,463.99,293.30,false
4269,2025-06-07,Store,Store 004,West,Netherlands,Product 007,Electronics,Electronics 4,4,1059.96,766.99,false
4270,2024-08-03,Store,Store 014,West,Spain,Product 117,Garden,Garden 2,4,1467.96,856.09,false
4271,2023-10-06,Store,Store 006,North,Germany,Product 020,Home,Home 1,6,1499.94,953.79,false
4272,2023-11-28,Store,Store 030,Central,Germany,Product 113,Clothing,Clothing 2,4,875.96,658.01,false
4273,2024-12-20,Store,Store 003,East,Italy,Product 062,Home,Home 3,8,2527.92,1525.07,false
4274,2023-05-02,Store,Store 030,Central,Germany,Product 012,Sports,Sports 1,4,1799.96,1166.42,false
4275,2024-09-30,Store,Store 040,Central,Netherlands,Product 003,Garden,Garden 4,8,935.92,676.40,false
4276,2023-11-08,Store,Store 028,East,Netherlands,Product 009,Garden,Garden 2,1,338.99,181.72,false
4277,2025-08-06,Online,Store 016,North,Netherlands,Product 071,Clothing,Clothing 4,10,1529.90,817.39,false
4278,2024-11-28,Online,Store 015,Central,Italy,Product 078,Sports,Sports 3,5,2059.95,1263.17,false
4279,2024-10-22,Store,Store 037,South,France,Product 032,Home,Home 1,7,1385.93,928.00,false
4280,2024-07-31,Online,Store 032,South,Spain,Product 079,Electronics,Electronics 4,6,2693.94,1464.99,false
4281,2023-07-18,Store,Store 023,East,United Kingdom,Product 012,Sports,Sports 1,7,3149.93,2049.85,false
4282,2024-08-25,Store,Store 016,North,Netherlands,Product 117,Garden,Garden 2,10,3669.90,2530.90,false
4283,2023-04-29,Store,Store 029,West,United Kingdom,Product 062,Home,Home 3,5,1579.95,1097.56,false
4284,2023-05-17,Store,Store 008,East,Spain,Product 078,Sports,Sports 3,7,2883.93,1644.90,false
4285,2025-03-04,Store,Store 024,West,Germany,Product 052,Toys,Toys 1,9,3977.91,2213.15,false
4286,2024-03-18,Online,Store 011,North,United Kingdom,Product 056,Home,Home 1,8,751.92,395.48,false
4287,2025-10-31,Store,Store 005,Central,United Kingdom,Product 103,Electronics,Electronics 4,5,1724.95,1188.35,false
4288,2023-10-27,Store,Store 028,East,Netherlands,Product 031,Electronics,Electronics 4,1,160.99,90.53,false
4289,2024-06-17,Store,Store 001,North,France,Product 049,Electronics,Electronics 2,7,2316.93,1613.09,false
4290,2023-03-17,Store,Store 008,East,Spain,Product 045,Garden,Garden 2,4,731.96,383.25,false
4291,2023-09-04,Online,Store 021,North,Italy,Product 048,Sports,Sports 1,2,587.98,399.30,false
4292,2024-11-22,Online,Store 015,Central,Italy,Product 013,Electronics,Electronics 2,2,973.98,654.95,false
4293,2023-03-02,Online,Store 037,South,France,Product 089,Clothing,Clothing 2,10,3229.90,2140.18,false
4294,2023-01-18,Online,Store 003,East,Italy,Product 070,Toys,Toys 3,1,115.99,88.22,false
4295,2024-11-14,Online,Store 017,South,United Kingdom,Product 105,Garden,Garden 2,8,3351.92,1838.22,true
4296,2024-02-08,Store,Store 027,South,Italy,Product 096,Sports,Sports 1,9,773.91,576.76,false
4297,2024-07-30,Online,Store 021,North,Italy,Product 007,Electronics,Electronics 4,4,1059.96,700.33,false
4298,2024-09-28,Store,Store 029,West,United Kingdom,Product 084,Sports,Sports 1,9,1241.91,658.21,false
4299,2025-12-05,Store,Store 015,Central,Italy,Product 038,Home,Home 3,2,839.98,620.93,false
4300,2023-02-10,Store,Store 012,South,Germany,Product 046,Toys,Toys 3,4,879.96,515.56,false
4301,2025-06-03,Online,Store 006,North,Germany,Product 008,Home,Home 1,9,2717.91,2031.71,false
4302,2025-11-10,Store,Store 030,Central,Germany,Product 050,Home,Home 3,3,1103.97,864.20,false
4303,2025-12-11,Store,Store 023,East,United Kingdom,Product 006,Sports,Sports 3,9,2051.91,1566.31,false
4304,2024-06-16,Store,Store 019,West,France,Product 077,Clothing,Clothing 2,10,3749.90,2701.61,false
4305,2023-12-16,Online,Store 018,East,Germany,Product 116,Home,Home 1,9,2969.91,1692.91,true
4306,2024-11-07,Store,Store 037,South,France,Product 037,Electronics,Electronics 2,2,765.98,491.19,false
4307,2024-01-09,Store,Store 010,Central,Netherlands,Product 068,Home,Home 1,2,83.98,49.18,false
4308,2023-08-18,Store,Store 026,North,Spain,Product 076,Toys,Toys 1,6,2027.94,1430.22,false
4309,2025-10-27,Online,Store 021,North,Italy,Product 024,Sports,Sports 1,4,1591.96,1162.87,false
4310,2025-08-09,Store,Store 023,East,United Kingdom,Product 043,Electronics,Electronics 4,7,762.93,399.65,false
4311,2024-05-16,Online,Store 036,North,Germany,Product 112,Toys,Toys 1,3,545.97,345.56,false
4312,2025-12-05,Online,Store 038,East,Spain,Product 068,Home,Home 1,7,293.93,213.42,false
4313,2025-12-04,Online,Store 012,South,Germany,Product 049,Electronics,Electronics 2,4,1323.96,947.68,false
4314,2023-07-13,Online,Store 021,North,Italy,Product 049,Electronics,Electronics 2,4,1323.96,917.67,false
4315,2025-06-20,Online,Store 016,North,Netherlands,Product 107,Clothing,Clothing 4,2,985.98,662.30,false
4316,2024-07-08,Online,Store 010,Central,Netherlands,Product 012,Sports,Sports 1,8,3599.92,1987.66,false
4317,2025-07-21,Store,Store 010,Central,Netherlands,Product 032,Home,Home 1,8,1583.92,822.72,false
4318,2024-01-23,Store,Store 016,North,Netherlands,Product 103,Electronics,Electronics 4,5,1724.95,1137.37,false
4319,2025-11-20,Store,Store 034,West,Netherlands,Product 052,Toys,Toys 1,6,2651.94,1358.60,false
4320,2025-09-03,Store,Store 034,West,Netherlands,Product 031,Electronics,Electronics 4,9,1448.91,966.69,false
4321,2025-06-03,Online,Store 021,North,Italy,Product 069,Garden,Garden 2,8,631.92,427.22,false
4322,2025-11-20,Online,Store 034,West,Netherlands,Product 091,Electronics,Electronics 4,9,3572.91,1835.06,false
4323,2025-09-11,Store,Store 026,North,Spain,Product 003,Garden,Garden 4,8,935.92,521.67,false
4324,2024-11-13,Online,Store 004,West,Netherlands,Product 030,Sports,Sports 3,10,1239.90,799.57,false
4325,2025-11-26,Online,Store 021,North,Italy,Product 065,Clothing,Clothing 2,2,853.98,660.29,false
4326,2024-03-19,Online,Store 008,East,Spain,Product 116,Home,Home 1,7,2309.93,1343.77,false
4327,2024-11-24,Online,Store 014,West,Spain,Product 059,Clothing,Clothing 4,2,409.98,245.71,false
4328,2024-10-09,Online,Store 014,West,Spain,Product 096,Sports,Sports 1,9,773.91,544.41,false
4329,2023-06-21,Store,Store 004,West,Netherlands,Product 019,Electronics,Electronics 4,10,2129.90,1460.77,false
4330,2024-12-30,Store,Store 018,East,Germany,Product 093,Garden,Garden 2,6,2825.94,1846.24,false
4331,2024-02-04,Store,Store 016,North,Netherlands,Product 089,Clothing,Clothing 2,9,2906.91,1475.02,false
4332,2023-11-24,Store,Store 038,East,Spain,Product 064,Toys,Toys 1,4,1559.96,1011.87,false
4333,2023-04-20,Store,Store 027,South,Italy,Product 092,Home,Home 1,3,1301.97,962.40,false
4334,2023-11-21,Online,Store 020,Central,Spain,Product 020,Home,Home 1,2,499.98,265.46,false
4335,2025-08-17,Store,Store 002,South,Spain,Product 094,Toys,Toys 3,2,23.98,13.05,false
4336,2024-11-21,Store,Store 006,North,Germany,Product 093,Garden,Garden 2,1,470.99,280.08,false
4337,2023-03-19,Online,Store 004,West,Netherlands,Product 103,Electronics,Electronics 4,8,2759.92,1977.72,false
4338,2024-12-27,Store,Store 001,North,France,Product 031,Electronics,Electronics 4,4,643.96,511.76,false
4339,2025-05-25,Store,Store 001,North,France,Product 052,Toys,Toys 1,1,441.99,331.44,false
4340,2023-07-03,Store,Store 009,West,Italy,Product 040,Toys,Toys 1,10,4939.90,3294.93,true
4341,2025-05-05,Online,Store 017,South,United Kingdom,Product 048,Sports,Sports 1,5,1469.95,835.99,false
4342,2023-03-03,Online,Store 033,East,Italy,Product 079,Electronics,Electronics 4,5,2244.95,1723.10,false
4343,2024-01-20,Store,Store 021,North,Italy,Product 048,Sports,Sports 1,9,2645.91,1653.06,false
4344,2023-07-31,Store,Store 025,Central,France,Product 066,Sports,Sports 3,4,1855.96,1020.58,true
4345,2024-07-05,Store,Store 017,South,United Kingdom,Product 047,Clothing,Clothing 4,6,1541.94,1008.88,false
4346,2024-10-21,Store,Store 030,Central,Germany,Product 100,Toys,Toys 1,3,701.97,359.11,false
4347,2025-12-21,Online,Store 012,South,Germany,Product 100,Toys,Toys 1,3,701.97,386.19,false
4348,2023-06-21,Store,Store 036,North,Germany,Product 060,Sports,Sports 1,8,1935.92,1248.15,false
4349,2023-10-18,Online,Store 014,West,Spain,Product 112,Toys,Toys 1,3,545.97,392.26,false
4350,2025-04-24,Online,Store 036,North,Germany,Product 013,Electronics,Electronics 2,1,486.99,386.34,true
4351,2023-02-14,Store,Store 030,Central,Germany,Product 026,Home,Home 3,10,4719.90,2576.32,false
4352,2023-12-31,Store,Store 016,North,Netherlands,Product 056,Home,Home 1,8,751.92,448.36,false
4353,2023-10-13,Store,Store 001,North,France,Product 042,Sports,Sports 3,2,143.98,85.39,false
4354,2024-10-19,Online,Store 039,West,Italy,Product 118,Toys,Toys 3,5,2019.95,1306.48,false
4355,2025-03-15,Store,Store 032,South,Spain,Product 009,Garden,Garden 2,7,2372.93,1498.48,true
4356,2023-04-03,Store,Store 001,North,France,Product 017,Clothing,Clothing 2,8,1111.92,683.43,true
4357,2023-07-25,Store,Store 024,West,Germany,Product 067,Electronics,Electronics 4,5,2504.95,1920.44,false
4358,2023-02-21,Store,Store 018,East,Germany,Product 071,Clothing,Clothing 4,5,764.95,501.68,false
4359,2025-09-09,Online,Store 029,West,United Kingdom,Product 022,Toys,Toys 3,7,2267.93,1673.61,false
4360,2023-01-26,Online,Store 035,Central,United Kingdom,Product 115,Electronics,Electronics 4,3,878.97,482.46,false
4361,2025-09-21,Store,Store 004,West,Netherlands,Product 014,Home,Home 3,9,251.91,155.98,false
4362,2024-12-18,Store,Store 038,East,Spain,Product 005,Clothing,Clothing 2,3,572.97,317.52,false
4363,2025-02-13,Store,Store 028,East,Netherlands,Product 039,Garden,Garden 4,8,3655.92,2427.59,false
4364,2025-06-05,Store,Store 016,North,Netherlands,Product 077,Clothing,Clothing 2,5,1874.95,1283.98,false
4365,2025-02-20,Online,Store 011,North,United Kingdom,Product 114,Sports,Sports 3,2,511.98,360.69,false
4366,2024-11-11,Store,Store 010,Central,Netherlands,Product 029,Clothing,Clothing 2,8,695.92,496.43,false
4367,2024-05-11,Online,Store 004,West,Netherlands,Product 078,Sports,Sports 3,2,823.98,521.96,false
4368,2025-11-17,Store,Store 023,East,United Kingdom,Product 073,Electronics,Electronics 2,7,1588.93,957.72,false
4369,2024-09-08,Store,Store 003,East,Italy,Product 049,Electronics,Electronics 2,2,661.98,423.72,false
4370,2023-02-06,Online,Store 010,Central,Netherlands,Product 009,Garden,Garden 2,6,2033.94,1584.20,false
4371,2025-01-24,Store,Store 033,East,Italy,Product 119,Clothing,Clothing 4,8,3527.92,2519.53,false
4372,2023-07-17,Online,Store 006,North,Germany,Product 098,Home,Home 3,10,1599.90,928.97,false
4373,2024-11-13,Store,Store 026,North,Spain,Product 096,Sports,Sports 1,5,429.95,221.51,false
4374,2023-02-27,Online,Store 025,Central,France,Product 008,Home,Home 1,9,2717.91,1852.08,false
4375,2023-01-22,Store,Store 025,Central,France,Product 080,Home,Home 1,2,971.98,512.26,false
4376,2023-07-08,Store,Store 012,South,Germany,Product 111,Garden,Garden 4,6,869.94,481.73,false
4377,2024-07-30,Store,Store 009,West,Italy,Product 063,Garden,Garden 4,9,3176.91,2054.54,false
4378,2025-04-22,Store,Store 038,East,Spain,Product 100,Toys,Toys 1,4,935.96,699.03,true
4379,2024-04-20,Online,Store 015,Central,Italy,Product 077,Clothing,Clothing 2,2,749.98,479.80,false
4380,2023-03-05,Store,Store 035,Central,United Kingdom,Product 054,Sports,Sports 3,9,179.91,97.84,false
4381,2023-03-14,Online,Store 004,West,Netherlands,Product 023,Clothing,Clothing 4,10,3609.90,2612.37,false
4382,2025-07-22,Online,Store 013,East,France,Product 022,Toys,Toys 3,9,2915.91,2170.19,false
4383,2023-04-06,Online,Store 003,East,Italy,Product 107,Clothing,Clothing 4,10,4929.90,3591.80,false
4384,2024-12-25,Store,Store 001,North,France,Product 099,Garden,Garden 4,10,1969.90,1541.90,false
4385,2024-01-27,Online,Store 030,Central,Germany,Product 009,Garden,Garden 2,5,1694.95,850.53,false
4386,2024-03-31,Online,Store 002,South,Spain,Product 002,Home,Home 3,4,319.96,213.94,false
4387,2025-09-17,Store,Store 008,East,Spain,Product 023,Clothing,Clothing 4,4,1443.96,994.13,false
4388,2024-07-12,Store,Store 018,East,Germany,Product 036,Sports,Sports 1,3,1037.97,711.96,false
4389,2024-06-08,Store,Store 028,East,Netherlands,Product 030,Sports,Sports 3,7,867.93,441.68,false
4390,2023-06-02,Online,Store 027,South,Italy,Product 107,Clothing,Clothing 4,6,2957.94,1541.44,false
4391,2024-07-25,Store,Store 036,North,Germany,Product 023,Clothing,Clothing 4,10,3609.90,2350.12,false
4392,2024-01-15,Online,Store 026,North,Spain,Product 077,Clothing,Clothing 2,1,374.99,219.23,false
4393,2025-12-18,Online,Store 006,North,Germany,Product 063,Garden,Garden 4,1,352.99,269.45,false
4394,2023-11-25,Store,Store 010,Central,Netherlands,Product 037,Electronics,Electronics 2,1,382.99,193.57,false
4395,2024-08-20,Online,Store 013,East,France,Product 102,Sports,Sports 3,5,1539.95,1107.52,false
4396,2024-06-05,Online,Store 005,Central,United Kingdom,Product 031,Electronics,Electronics 4,4,643.96,333.38,false
4397,2024-11-18,Store,Store 028,East,Netherlands,Product 035,Clothing,Clothing 4,4,1235.96,817.61,false
4398,2023-07-31,Store,Store 019,West,France,Product 021,Garden,Garden 2,8,2295.92,1470.05,false
4399,2023-11-03,Online,Store 028,East,Netherlands,Product 072,Sports,Sports 1,7,1329.93,712.19,false
4400,2025-04-10,Store,Store 029,West,United Kingdom,Product 008,Home,Home 1,7,2113.93,1570.08,false
4401,2023-03-23,Online,Store 018,East,Germany,Product 041,Clothing,Clothing 2,9,314.91,220.88,false
4402,2024-08-13,Online,Store 023,East,United Kingdom,Product 054,Sports,Sports 3,2,39.98,24.81,false
4403,2024-06-02,Online,Store 034,West,Netherlands,Product 104,Home,Home 1,1,381.99,212.35,false
4404,2025-05-10,Store,Store 003,East,Italy,Product 080,Home,Home 1,8,3887.92,2167.22,false
4405,2023-01-03,Store,Store 006,North,Germany,Product 078,Sports,Sports 3,4,1647.96,1008.76,false
4406,2025-03-13,Store,Store 027,South,Italy,Product 107,Clothing,Clothing 4,10,4929.90,2625.78,false
4407,2025-10-20,Store,Store 002,South,Spain,Product 104,Home,Home 1,6,2291.94,1295.35,false
4408,2025-09-10,Store,Store 031,North,France,Product 086,Home,Home 3,7,1483.93,785.33,false
4409,2024-01-17,Store,Store 012,South,Germany,Product 031,Electronics,Electronics 4,9,1448.91,867.04,false
4410,2025-12-02,Online,Store 033,East,Italy,Product 002,Home,Home 3,7,559.93,431.35,false
4411,2025-02-01,Store,Store 029,West,United Kingdom,Product 067,Electronics,Electronics 4,7,3506.93,1812.72,false
4412,2023-07-10,Store,Store 007,South,France,Product 077,Clothing,Clothing 2,1,374.99,194.93,false
4413,2025-10-31,Store,Store 010,Central,Netherlands,Product 059,Clothing,Clothing 4,4,819.96,477.98,true
4414,2023-07-21,Store,Store 004,West,Netherlands,Product 073,Electronics,Electronics 2,6,1361.94,702.22,false
4415,2024-05-09,Online,Store 029,West,United Kingdom,Product 030,Sports,Sports 3,1,123.99,75.88,false
4416,2025-04-21,Store,Store 040,Central,Netherlands,Product 055,Electronics,Electronics 4,10,569.90,303.40,false
4417,2023-10-09,Online,Store 009,West,Italy,Product 107,Clothing,Clothing 4,3,1478.97,956.64,false
4418,2023-07-07,Store,Store 040,Central,Netherlands,Product 046,Toys,Toys 3,1,219.99,157.03,false
4419,2025-03-19,Store,Store 007,South,France,Product 049,Electronics,Electronics 2,5,1654.95,1220.05,false
4420,2023-02-14,Online,Store 019,West,France,Product 005,Clothing,Clothing 2,1,190.99,99.22,false
4421,2025-08-15,Online,Store 015,Central,Italy,Product 096,Sports,Sports 1,3,257.97,193.27,false
4422,2024-12-03,Store,Store 020,Central,Spain,Product 098,Home,Home 3,3,479.97,283.30,false
4423,2025-03-23,Store,Store 037,South,France,Product 025,Electronics,Electronics 2,4,1739.96,1043.76,false
4424,2025-10-11,Store,Store 036,North,Germany,Product 010,Toys,Toys 3,4,1503.96,1040.54,false
4425,2023-06-29,Store,Store 009,West,Italy,Product 032,Home,Home 1,10,1979.90,1556.10,false
4426,2023-10-28,Online,Store 030,Central,Germany,Product 066,Sports,Sports 3,8,3711.92,1905.06,false
4427,2024-09-09,Online,Store 025,Central,France,Product 049,Electronics,Electronics 2,4,1323.96,986.00,false
4428,2025-01-29,Store,Store 003,East,Italy,Product 039,Garden,Garden 4,5,2284.95,1591.47,false
4429,2025-05-18,Store,Store 014,West,Spain,Product 112,Toys,Toys 1,3,545.97,404.11,false
4430,2025-05-24,Store,Store 010,Central,Netherlands,Product 037,Electronics,Electronics 2,5,1914.95,1281.88,false
4431,2023-07-04,Store,Store 013,East,France,Product 096,Sports,Sports 1,10,859.90,468.36,false
4432,2024-10-01,Online,Store 027,South,Italy,Product 006,Sports,Sports 3,7,1595.93,1017.91,false
4433,2023-12-06,Online,Store 005,Central,United Kingdom,Product 030,Sports,Sports 3,8,991.92,733.80,false
4434,2023-02-03,Online,Store 005,Central,United Kingdom,Product 009,Garden,Garden 2,6,2033.94,1188.55,false
4435,2024-05-13,Store,Store 025,Central,France,Product 115,Electronics,Electronics 4,7,2050.93,1472.47,false
4436,2024-02-24,Online,Store 030,Central,Germany,Product 114,Sports,Sports 3,9,2303.91,1536.90,false
4437,2024-01-15,Online,Store 013,East,France,Product 007,Electronics,Electronics 4,3,794.97,621.32,false
4438,2023-05-24,Online,Store 001,North,France,Product 016,Toys,Toys 1,7,713.93,466.58,false
4439,2023-10-30,Store,Store 025,Central,France,Product 113,Clothing,Clothing 2,6,1313.94,915.06,false
4440,2024-07-13,Store,Store 001,North,France,Product 041,Clothing,Clothing 2,6,209.94,164.07,false
4441,2023-09-09,Store,Store 004,West,Netherlands,Product 078,Sports,Sports 3,4,1647.96,1263.88,false
4442,2024-07-18,Store,Store 040,Central,Netherlands,Product 083,Clothing,Clothing 4,10,1009.90,581.28,true
4443,2023-03-22,Store,Store 006,North,Germany,Product 101,Clothing,Clothing 2,5,1354.95,1023.73,false
4444,2023-07-01,Online,Store 032,South,Spain,Product 117,Garden,Garden 2,6,2201.94,1349.44,false
4445,2023-07-02,Store,Store 027,South,Italy,Product 038,Home,Home 3,5,2099.95,1594.23,false
4446,2025-10-04,Store,Store 030,Central,Germany,Product 102,Sports,Sports 3,10,3079.90,1800.93,false
4447,2024-09-08,Store,Store 020,Central,Spain,Product 095,Clothing,Clothing 4,1,48.99,38.84,false
4448,2024-06-29,Online,Store 035,Central,United Kingdom,Product 100,Toys,Toys 1,1,233.99,165.07,false
4449,2023-01-12,Store,Store 012,South,Germany,Product 017,Clothing,Clothing 2,6,833.94,439.78,false
4450,2025-07-17,Store,Store 011,North,United Kingdom,Product 045,Garden,Garden 2,10,1829.90,1167.76,false
4451,2024-04-28,Store,Store 035,Central,United Kingdom,Product 096,Sports,Sports 1,4,343.96,255.30,false
4452,2024-05-31,Store,Store 011,North,United Kingdom,Product 007,Electronics,Electronics 4,8,2119.92,1436.92,false
4453,2024-08-29,Store,Store 014,West,Spain,Product 111,Garden,Garden 4,6,869.94,490.54,false
4454,2023-03-01,Store,Store 024,West,Germany,Product 045,Garden,Garden 2,9,1646.91,1019.59,false
4455,2023-04-06,Online,Store 002,South,Spain,Product 047,Clothing,Clothing 4,1,256.99,156.39,false
4456,2023-08-04,Store,Store 038,East,Spain,Product 106,Toys,Toys 3,4,1823.96,1269.84,false
4457,2025-04-08,Online,Store 013,East,France,Product 015,Garden,Garden 4,1,64.99,38.39,false
4458,2023-06-04,Online,Store 033,East,Italy,Product 025,Electronics,Electronics 2,8,3479.92,2000.49,false
4459,2024-09-15,Store,Store 015,Central,Italy,Product 003,Garden,Garden 4,6,701.94,559.32,false
4460,2024-11-16,Store,Store 011,North,United Kingdom,Product 030,Sports,Sports 3,7,867.93,446.63,false
4461,2023-04-14,Store,Store 039,West,Italy,Product 107,Clothing,Clothing 4,3,1478.97,823.65,false
4462,2023-09-01,Store,Store 001,North,France,Product 034,Toys,Toys 3,3,815.97,514.52,false
4463,2024-08-24,Store,Store 016,North,Netherlands,Product 068,Home,Home 1,9,377.91,229.73,false
4464,2025-10-29,Store,Store 033,East,Italy,Product 073,Electronics,Electronics 2,6,1361.94,834.27,true
4465,2023-02-08,Store,Store 023,East,United Kingdom,Product 091,Electronics,Electronics 4,4,1587.96,1166.90,false
4466,2023-07-27,Store,Store 037,South,France,Product 049,Electronics,Electronics 2,1,330.99,263.06,false
4467,2023-01-30,Online,Store 003,East,Italy,Product 024,Sports,Sports 1,6,2387.94,1658.60,false
4468,2025-08-26,Online,Store 014,West,Spain,Product 098,Home,Home 3,8,1279.92,972.34,false
4469,2024-06-06,Store,Store 030,Central,Germany,Product 026,Home,Home 3,7,3303.93,1858.69,false
4470,2025-02-07,Online,Store 009,West,Italy,Product 106,Toys,Toys 3,1,455.99,269.99,false
4471,2024-07-06,Online,Store 029,West,United Kingdom,Product 044,Home,Home 1,10,1459.90,901.68,true
4472,2023-06-12,Online,Store 013,East,France,Product 016,Toys,Toys 1,6,611.94,442.40,false
4473,2025-08-20,Online,Store 028,East,Netherlands,Product 009,Garden,Garden 2,5,1694.95,969.80,false
4474,2023-03-16,Online,Store 038,East,Spain,Product 101,Clothing,Clothing 2,2,541.98,422.72,false
4475,2023-11-25,Store,Store 002,South,Spain,Product 084,Sports,Sports 1,1,137.99,107.57,false
4476,2023-03-25,Store,Store 028,East,Netherlands,Product 068,Home,Home 1,2,83.98,45.06,false
4477,2025-11-22,Store,Store 017,South,United Kingdom,Product 110,Home,Home 3,10,1079.90,695.14,false
4478,2025-01-13,Online,Store 039,West,Italy,Product 080,Home,Home 1,10,4859.90,3880.50,false
4479,2023-08-11,Online,Store 003,East,Italy,Product 079,Electronics,Electronics 4,3,1346.97,827.16,false
4480,2024-08-04,Store,Store 038,East,Spain,Product 052,Toys,Toys 1,1,441.99,289.66,false
4481,2023-09-20,Store,Store 018,East,Germany,Product 011,Clothing,Clothing 4,10,4129.90,2382.01,false
4482,2023-04-08,Online,Store 019,West,France,Product 078,Sports,Sports 3,8,3295.92,2203.15,false
4483,2023-06-04,Store,Store 010,Central,Netherlands,Product 023,Clothing,Clothing 4,8,2887.92,1637.00,false
4484,2023-04-16,Store,Store 040,Central,Netherlands,Product 049,Electronics,Electronics 2,8,2647.92,1433.38,false
4485,2024-07-22,Store,Store 016,North,Netherlands,Product 118,Toys,Toys 3,9,3635.91,2255.88,false
4486,2025-07-06,Store,Store 027,South,Italy,Product 067,Electronics,Electronics 4,3,1502.97,1191.73,false
4487,2024-03-15,Store,Store 004,West,Netherlands,Product 102,Sports,Sports 3,1,307.99,238.90,false
4488,2025-11-06,Store,Store 002,South,Spain,Product 028,Toys,Toys 1,6,299.94,183.43,false
4489,2023-02-19,Online,Store 017,South,United Kingdom,Product 094,Toys,Toys 3,9,107.91,83.94,false
4490,2025-03-09,Online,Store 035,Central,United Kingdom,Product 066,Sports,Sports 3,3,1391.97,827.58,false
4491,2023-10-16,Store,Store 030,Central,Germany,Product 004,Toys,Toys 1,9,1385.91,848.58,false
4492,2024-04-10,Store,Store 030,Central,Germany,Product 033,Garden,Garden 2,10,2349.90,1209.63,false
4493,2025-03-23,Store,Store 002,South,Spain,Product 023,Clothing,Clothing 4,8,2887.92,1856.29,false
4494,2024-08-12,Online,Store 028,East,Netherlands,Product 059,Clothing,Clothing 4,10,2049.90,1524.03,false
4495,2025-05-15,Online,Store 003,East,Italy,Product 113,Clothing,Clothing 2,7,1532.93,1157.50,false
4496,2023-01-09,Store,Store 036,North,Germany,Product 066,Sports,Sports 3,5,2319.95,1333.15,false
4497,2023-11-30,Online,Store 025,Central,France,Product 015,Garden,Garden 4,1,64.99,42.44,false
4498,2025-05-03,Online,Store 039,West,Italy,Product 026,Home,Home 3,5,2359.95,1218.88,false
4499,2024-12-24,Online,Store 023,East,United Kingdom,Product 089,Clothing,Clothing 2,10,3229.90,2205.91,false
4500,2024-06-04,Online,Store 006,North,Germany,Product 077,Clothing,Clothing 2,5,1874.95,1488.12,false
4501,2025-10-13,Store,Store 013,East,France,Product 073,Electronics,Electronics 2,7,1588.93,907.27,false
4502,2023-09-11,Store,Store 011,North,United Kingdom,Product 071,Clothing,Clothing 4,4,611.96,443.60,false
4503,2023-06-23,Online,Store 038,East,Spain,Product 045,Garden,Garden 2,3,548.97,400.28,false
4504,2025-06-03,Store,Store 003,East,Italy,Product 008,Home,Home 1,1,301.99,177.97,false
4505,2023-01-28,Store,Store 028,East,Netherlands,Product 078,Sports,Sports 3,4,1647.96,857.75,false
4506,2024-04-17,Store,Store 035,Central,United Kingdom,Product 006,Sports,Sports 3,2,455.98,254.22,false
4507,2024-06-16,Online,Store 030,Central,Germany,Product 101,Clothing,Clothing 2,5,1354.95,707.42,false
4508,2023-11-21,Store,Store 008,East,Spain,Product 110,Home,Home 3,4,431.96,337.49,false
4509,2023-02-28,Store,Store 007,South,France,Product 117,Garden,Garden 2,3,1100.97,623.56,false
4510,2023-12-21,Store,Store 032,South,Spain,Product 069,Garden,Garden 2,8,631.92,474.00,false
4511,2025-06-12,Store,Store 014,West,Spain,Product 106,Toys,Toys 3,9,4103.91,2213.77,false
4512,2023-05-03,Store,Store 019,West,France,Product 019,Electronics,Electronics 4,1,212.99,125.26,false
4513,2025-05-14,Store,Store 012,South,Germany,Product 089,Clothing,Clothing 2,7,2260.93,1284.81,false
4514,2025-11-28,Online,Store 029,West,United Kingdom,Product 047,Clothing,Clothing 4,7,1798.93,1219.35,false
4515,2024-08-03,Store,Store 040,Central,Netherlands,Product 032,Home,Home 1,2,395.98,269.96,false
4516,2024-10-09,Store,Store 023,East,United Kingdom,Product 120,Sports,Sports 1,3,1433.97,817.86,false
4517,2025-12-19,Store,Store 011,North,United Kingdom,Product 012,Sports,Sports 1,7,3149.93,2087.78,true
4518,2025-02-26,Online,Store 029,West,United Kingdom,Product 115,Electronics,Electronics 4,8,2343.92,1281.92,false
4519,2024-05-24,Store,Store 021,North,Italy,Product 099,Garden,Garden 4,2,393.98,253.27,true
4520,2023-09-03,Online,Store 004,West,Netherlands,Product 005,Clothing,Clothing 2,10,1909.90,1191.94,false
4521,2023-10-01,Online,Store 005,Central,United Kingdom,Product 088,Toys,Toys 1,7,2001.93,1037.42,false
4522,2024-08-26,Online,Store 022,South,Netherlands,Product 119,Clothing,Clothing 4,7,3086.93,2238.12,false
4523,2024-06-09,Store,Store 001,North,France,Product 082,Toys,Toys 3,5,319.95,240.70,false
4524,2024-04-10,Store,Store 020,Central,Spain,Product 035,Clothing,Clothing 4,9,2780.91,1683.54,false
4525,2024-10-04,Online,Store 031,North,France,Product 113,Clothing,Clothing 2,8,1751.92,1046.70,false
4526,2024-07-27,Online,Store 038,East,Spain,Product 060,Sports,Sports 1,2,483.98,368.80,false
4527,2023-02-05,Online,Store 026,North,Spain,Product 028,Toys,Toys 1,9,449.91,268.45,false
4528,2025-06-25,Store,Store 011,North,United Kingdom,Product 048,Sports,Sports 1,7,2057.93,1440.12,false
4529,2024-06-21,Store,Store 008,East,Spain,Product 051,Garden,Garden 4,9,3644.91,2114.02,false
4530,2024-05-16,Store,Store 021,North,Italy,Product 071,Clothing,Clothing 4,8,1223.92,869.71,false
4531,2023-08-11,Store,Store 006,North,Germany,Product 006,Sports,Sports 3,5,1139.95,891.61,false
4532,2024-03-14,Online,Store 034,West,Netherlands,Product 030,Sports,Sports 3,7,867.93,618.09,false
4533,2025-12-13,Store,Store 032,South,Spain,Product 018,Sports,Sports 3,10,1759.90,1390.03,false
4534,2023-09-12,Store,Store 040,Central,Netherlands,Product 090,Sports,Sports 3,2,719.98,378.19,false
4535,2024-05-26,Online,Store 031,North,France,Product 063,Garden,Garden 4,10,3529.90,1972.47,false
4536,2023-08-05,Store,Store 010,Central,Netherlands,Product 061,Electronics,Electronics 2,2,557.98,407.21,false
4537,2023-10-24,Store,Store 039,West,Italy,Product 069,Garden,Garden 2,7,552.93,308.21,false
4538,2025-10-15,Store,Store 019,West,France,Product 109,Electronics,Electronics 2,7,496.93,371.74,false
4539,2025-04-29,Store,Store 005,Central,United Kingdom,Product 077,Clothing,Clothing 2,7,2624.93,1460.57,false
4540,2024-09-30,Store,Store 030,Central,Germany,Product 038,Home,Home 3,4,1679.96,937.56,false
4541,2025-02-03,Store,Store 018,East,Germany,Product 068,Home,Home 1,9,377.91,250.46,false
4542,2024-02-07,Online,Store 010,Central,Netherlands,Product 108,Sports,Sports 1,2,67.98,46.44,false
4543,2025-08-05,Store,Store 017,South,United Kingdom,Product 054,Sports,Sports 3,2,39.98,23.37,false
4544,2025-03-31,Online,Store 021,North,Italy,Product 022,Toys,Toys 3,4,1295.96,698.63,false
4545,2023-04-10,Store,Store 021,North,Italy,Product 120,Sports,Sports 1,1,477.99,315.43,false
4546,2023-10-04,Online,Store 035,Central,United Kingdom,Product 032,Home,Home 1,1,197.99,148.32,false
4547,2024-12-22,Online,Store 025,Central,France,Product 052,Toys,Toys 1,1,441.99,222.56,false
4548,2024-06-19,Store,Store 019,West,France,Product 038,Home,Home 3,9,3779.91,2317.71,true
4549,2025-08-09,Online,Store 034,West,Netherlands,Product 022,Toys,Toys 3,4,1295.96,766.61,false
4550,2025-01-14,Store,Store 002,South,Spain,Product 101,Clothing,Clothing 2,6,1625.94,1249.07,false
4551,2025-11-05,Store,Store 034,West,Netherlands,Product 063,Garden,Garden 4,9,3176.91,1697.08,false
4552,2025-09-25,Online,Store 031,North,France,Product 115,Electronics,Electronics 4,4,1171.96,586.50,false
4553,2023-12-10,Store,Store 026,North,Spain,Product 042,Sports,Sports 3,3,215.97,140.56,false
4554,2025-08-01,Store,Store 016,North,Netherlands,Product 058,Toys,Toys 3,3,503.97,368.01,false
4555,2024-01-02,Store,Store 029,West,United Kingdom,Product 079,Electronics,Electronics 4,2,897.98,706.87,false
4556,2025-08-08,Store,Store 027,South,Italy,Product 068,Home,Home 1,7,293.93,204.74,false
4557,2023-02-14,Store,Store 037,South,France,Product 008,Home,Home 1,9,2717.91,1991.42,false
4558,2024-09-22,Online,Store 016,North,Netherlands,Product 075,Garden,Garden 4,9,2708.91,2035.90,false
4559,2025-04-18,Store,Store 027,South,Italy,Product 088,Toys,Toys 1,1,285.99,211.95,false
4560,2025-09-24,Online,Store 040,Central,Netherlands,Product 053,Clothing,Clothing 2,6,2873.94,2118.44,false
4561,2025-04-22,Store,Store 039,West,Italy,Product 058,Toys,Toys 3,4,671.96,515.24,false
4562,2024-11-13,Store,Store 028,East,Netherlands,Product 106,Toys,Toys 3,1,455.99,231.57,false
4563,2024-04-02,Online,Store 029,West,United Kingdom,Product 087,Garden,Garden 4,5,1244.95,921.01,false
4564,2025-04-25,Online,Store 028,East,Netherlands,Product 049,Electronics,Electronics 2,8,2647.92,1694.28,false
4565,2024-03-31,Online,Store 026,North,Spain,Product 055,Electronics,Electronics 4,7,398.93,270.09,false
4566,2024-12-18,Store,Store 008,East,Spain,Product 093,Garden,Garden 2,6,2825.94,2217.19,false
4567,2023-09-22,Online,Store 031,North,France,Product 111,Garden,Garden 4,8,1159.92,730.30,false
4568,2024-02-21,Online,Store 011,North,United Kingdom,Product 115,Electronics,Electronics 4,7,2050.93,1188.87,false
4569,2025-06-30,Online,Store 023,East,United Kingdom,Product 075,Garden,Garden 4,7,2106.93,1660.58,false
4570,2024-04-09,Store,Store 036,North,Germany,Product 060,Sports,Sports 1,5,1209.95,882.91,false
4571,2025-03-06,Store,Store 034,West,Netherlands,Product 076,Toys,Toys 1,8,2703.92,2046.78,false
4572,2024-07-15,Store,Store 016,North,Netherlands,Product 058,Toys,Toys 3,6,1007.94,563.85,false
4573,2024-02-08,Store,Store 023,East,United Kingdom,Product 030,Sports,Sports 3,4,495.96,265.05,false
4574,2025-06-14,Online,Store 026,North,Spain,Product 051,Garden,Garden 4,10,4049.90,3228.41,false
4575,2025-02-04,Online,Store 003,East,Italy,Product 077,Clothing,Clothing 2,7,2624.93,1589.16,false
4576,2024-09-23,Online,Store 040,Central,Netherlands,Product 117,Garden,Garden 2,6,2201.94,1743.63,false
4577,2024-03-12,Online,Store 007,South,France,Product 076,Toys,Toys 1,8,2703.92,1422.54,false
4578,2023-04-01,Online,Store 008,East,Spain,Product 055,Electronics,Electronics 4,8,455.92,280.66,false
4579,2024-07-21,Online,Store 019,West,France,Product 105,Garden,Garden 2,9,3770.91,2201.83,false
4580,2025-11-25,Store,Store 005,Central,United Kingdom,Product 080,Home,Home 1,8,3887.92,2851.45,false
4581,2025-04-17,Store,Store 017,South,United Kingdom,Product 094,Toys,Toys 3,4,47.96,29.78,false
4582,2025-07-11,Store,Store 011,North,United Kingdom,Product 100,Toys,Toys 1,10,2339.90,1363.33,true
4583,2023-10-20,Store,Store 039,West,Italy,Product 113,Clothing,Clothing 2,9,1970.91,1171.86,false
4584,2024-04-11,Online,Store 005,Central,United Kingdom,Product 117,Garden,Garden 2,2,733.98,404.13,false
4585,2024-05-20,Store,Store 025,Central,France,Product 105,Garden,Garden 2,5,2094.95,1644.14,false
4586,2023-12-18,Store,Store 006,North,Germany,Product 085,Electronics,Electronics 2,2,349.98,254.45,false
4587,2025-07-24,Store,Store 016,North,Netherlands,Product 070,Toys,Toys 3,4,463.96,318.88,false
4588,2025-11-09,Store,Store 009,West,Italy,Product 019,Electronics,Electronics 4,2,425.98,306.53,false
4589,2025-03-17,Online,Store 006,North,Germany,Product 105,Garden,Garden 2,8,3351.92,2454.94,false
4590,2025-06-12,Online,Store 005,Central,United Kingdom,Product 097,Electronics,Electronics 2,9,1106.91,609.53,false
4591,2025-11-17,Online,Store 016,North,Netherlands,Product 101,Clothing,Clothing 2,5,1354.95,817.85,false
4592,2025-07-25,Online,Store 021,North,Italy,Product 007,Electronics,Electronics 4,6,1589.94,905.49,false
4593,2023-02-18,Store,Store 014,West,Spain,Product 006,Sports,Sports 3,3,683.97,499.90,false
4594,2024-05-05,Store,Store 003,East,Italy,Product 076,Toys,Toys 1,8,2703.92,1458.21,false
4595,2025-05-09,Store,Store 029,West,United Kingdom,Product 053,Clothing,Clothing 2,1,478.99,253.76,false
4596,2024-01-04,Store,Store 019,West,France,Product 049,Electronics,Electronics 2,1,330.99,234.72,false
4597,2025-08-01,Online,Store 017,South,United Kingdom,Product 099,Garden,Garden 4,2,393.98,314.06,false
4598,2024-12-20,Store,Store 020,Central,Spain,Product 095,Clothing,Clothing 4,3,146.97,79.05,false
4599,2024-06-20,Online,Store 034,West,Netherlands,Product 013,Electronics,Electronics 2,2,973.98,666.28,false
4600,2024-05-03,Store,Store 018,East,Germany,Product 067,Electronics,Electronics 4,6,3005.94,1700.27,false
4601,2024-11-21,Store,Store 001,North,France,Product 098,Home,Home 3,7,1119.93,861.98,false
4602,2025-03-31,Store,Store 019,West,France,Product 111,Garden,Garden 4,4,579.96,439.19,false
4603,2025-05-16,Online,Store 012,South,Germany,Product 097,Electronics,Electronics 2,7,860.93,666.57,false
4604,2024-02-20,Store,Store 030,Central,Germany,Product 116,Home,Home 1,8,2639.92,2021.16,false
4605,2025-07-01,Online,Store 003,East,Italy,Product 008,Home,Home 1,10,3019.90,1600.38,false
4606,2023-06-05,Store,Store 010,Central,Netherlands,Product 120,Sports,Sports 1,4,1911.96,1435.96,false
4607,2024-02-10,Online,Store 009,West,Italy,Product 053,Clothing,Clothing 2,2,957.98,535.64,false
4608,2025-10-16,Store,Store 010,Central,Netherlands,Product 048,Sports,Sports 1,1,293.99,158.33,false
4609,2023-09-29,Online,Store 016,North,Netherlands,Product 015,Garden,Garden 4,9,584.91,430.96,false
4610,2025-11-09,Store,Store 014,West,Spain,Product 009,Garden,Garden 2,5,1694.95,847.88,false
4611,2025-10-07,Store,Store 038,East,Spain,Product 092,Home,Home 1,6,2603.94,1586.96,false
4612,2023-09-01,Store,Store 014,West,Spain,Product 025,Electronics,Electronics 2,2,869.98,672.71,false
4613,2024-12-20,Store,Store 028,East,Netherlands,Product 054,Sports,Sports 3,4,79.96,58.09,true
4614,2024-05-31,Store,Store 022,South,Netherlands,Product 013,Electronics,Electronics 2,2,973.98,604.18,false
4615,2025-01-25,Online,Store 005,Central,United Kingdom,Product 060,Sports,Sports 1,9,2177.91,1102.03,false
4616,2025-03-06,Store,Store 019,West,France,Product 077,Clothing,Clothing 2,7,2624.93,1644.67,false
4617,2025-10-15,Online,Store 029,West,United Kingdom,Product 071,Clothing,Clothing 4,2,305.98,178.49,false
4618,2024-11-09,Store,Store 015,Central,Italy,Product 103,Electronics,Electronics 4,10,3449.90,2456.64,false
4619,2025-11-25,Store,Store 018,East,Germany,Product 115,Electronics,Electronics 4,4,1171.96,671.75,false
4620,2023-08-17,Store,Store 005,Central,United Kingdom,Product 018,Sports,Sports 3,4,703.96,509.07,false
4621,2023-01-05,Online,Store 026,North,Spain,Product 101,Clothing,Clothing 2,1,270.99,202.32,false
4622,2025-05-21,Store,Store 014,West,Spain,Product 059,Clothing,Clothing 4,3,614.97,469.87,false
4623,2023-12-16,Store,Store 028,East,Netherlands,Product 026,Home,Home 3,8,3775.92,2870.83,false
4624,2023-02-10,Store,Store 010,Central,Netherlands,Product 074,Home,Home 3,7,1847.93,1043.47,false
4625,2025-12-01,Store,Store 025,Central,France,Product 069,Garden,Garden 2,7,552.93,329.69,false
4626,2025-01-21,Store,Store 004,West,Netherlands,Product 055,Electronics,Electronics 4,6,341.94,267.40,false
4627,2023-09-08,Online,Store 018,East,Germany,Product 099,Garden,Garden 4,9,1772.91,935.85,false
4628,2024-12-27,Store,Store 004,West,Netherlands,Product 091,Electronics,Electronics 4,3,1190.97,830.25,false
4629,2025-11-25,Store,Store 005,Central,United Kingdom,Product 071,Clothing,Clothing 4,8,1223.92,719.81,false
4630,2023-01-11,Store,Store 032,South,Spain,Product 089,Clothing,Clothing 2,3,968.97,617.84,true
4631,2023-01-22,Online,Store 001,North,France,Product 032,Home,Home 1,10,1979.90,1464.59,false
4632,2023-11-04,Store,Store 010,Central,Netherlands,Product 050,Home,Home 3,7,2575.93,1415.64,false
4633,2025-03-26,Online,Store 023,East,United Kingdom,Product 030,Sports,Sports 3,5,619.95,399.32,false
4634,2024-03-16,Online,Store 028,East,Netherlands,Product 063,Garden,Garden 4,10,3529.90,2387.03,false
4635,2025-04-14,Online,Store 029,West,United Kingdom,Product 058,Toys,Toys 3,5,839.95,518.60,false
4636,2023-04-12,Online,Store 001,North,France,Product 035,Clothing,Clothing 4,7,2162.93,1413.60,false
4637,2024-04-03,Store,Store 014,West,Spain,Product 103,Electronics,Electronics 4,9,3104.91,2247.43,false
4638,2024-11-25,Store,Store 034,West,Netherlands,Product 100,Toys,Toys 1,5,1169.95,703.98,false
4639,2025-11-19,Store,Store 006,North,Germany,Product 019,Electronics,Electronics 4,1,212.99,127.14,false
4640,2024-03-28,Store,Store 027,South,Italy,Product 010,Toys,Toys 3,8,3007.92,2043.38,false
4641,2025-12-03,Online,Store 034,West,Netherlands,Product 095,Clothing,Clothing 4,2,97.98,49.27,false
4642,2024-06-30,Online,Store 032,South,Spain,Product 017,Clothing,Clothing 2,8,1111.92,631.77,false
4643,2025-06-06,Store,Store 031,North,France,Product 102,Sports,Sports 3,3,923.97,716.20,false
4644,2023-02-21,Store,Store 025,Central,France,Product 064,Toys,Toys 1,5,1949.95,1297.94,false
4645,2023-04-05,Online,Store 012,South,Germany,Product 003,Garden,Garden 4,8,935.92,503.38,false
4646,2023-11-28,Store,Store 014,West,Spain,Product 012,Sports,Sports 1,10,4499.90,2467.43,false
4647,2023-06-29,Store,Store 003,East,Italy,Product 118,Toys,Toys 3,10,4039.90,2202.79,false
4648,2025-04-13,Store,Store 035,Central,United Kingdom,Product 064,Toys,Toys 1,7,2729.93,1862.04,false
4649,2025-05-28,Online,Store 015,Central,Italy,Product 037,Electronics,Electronics 2,1,382.99,230.71,false
4650,2023-03-28,Store,Store 015,Central,Italy,Product 086,Home,Home 3,4,847.96,488.17,false
4651,2025-07-16,Online,Store 025,Central,France,Product 106,Toys,Toys 3,1,455.99,315.98,false
4652,2024-06-21,Store,Store 016,North,Netherlands,Product 119,Clothing,Clothing 4,10,4409.90,2971.50,false
4653,2025-01-20,Store,Store 007,South,France,Product 092,Home,Home 1,10,4339.90,2378.83,false
4654,2025-05-07,Online,Store 039,West,Italy,Product 107,Clothing,Clothing 4,10,4929.90,3721.27,false
4655,2023-06-03,Store,Store 029,West,United Kingdom,Product 112,Toys,Toys 1,2,363.98,236.34,false
4656,2023-05-05,Store,Store 010,Central,Netherlands,Product 035,Clothing,Clothing 4,8,2471.92,1706.05,false
4657,2023-04-29,Online,Store 036,North,Germany,Product 050,Home,Home 3,10,3679.90,2546.31,false
4658,2025-05-04,Online,Store 039,West,Italy,Product 063,Garden,Garden 4,6,2117.94,1149.40,true
4659,2024-04-26,Online,Store 038,East,Spain,Product 072,Sports,Sports 1,9,1709.91,1281.65,false
4660,2023-09-01,Store,Store 012,South,Germany,Product 115,Electronics,Electronics 4,3,878.97,460.38,true
4661,2023-01-13,Online,Store 030,Central,Germany,Product 117,Garden,Garden 2,9,3302.91,1747.68,false
4662,2023-07-07,Online,Store 004,West,Netherlands,Product 040,Toys,Toys 1,3,1481.97,781.77,false
4663,2023-04-03,Store,Store 016,North,Netherlands,Product 118,Toys,Toys 3,6,2423.94,1606.61,false
4664,2025-05-07,Online,Store 034,West,Netherlands,Product 006,Sports,Sports 3,3,683.97,351.67,false
4665,2023-11-12,Online,Store 016,North,Netherlands,Product 072,Sports,Sports 1,4,759.96,452.01,false
4666,2024-07-21,Store,Store 018,East,Germany,Product 107,Clothing,Clothing 4,2,985.98,624.10,false
4667,2024-09-14,Store,Store 031,North,France,Product 005,Clothing,Clothing 2,5,954.95,694.85,false
4668,2024-09-23,Store,Store 038,East,Spain,Product 022,Toys,Toys 3,2,647.98,464.82,false
4669,2025-01-31,Store,Store 037,South,France,Product 055,Electronics,Electronics 4,5,284.95,178.41,false
4670,2023-12-25,Online,Store 013,East,France,Product 086,Home,Home 3,10,2119.90,1581.98,false
4671,2024-10-23,Online,Store 013,East,France,Product 045,Garden,Garden 2,2,365.98,244.29,false
4672,2023-08-06,Online,Store 020,Central,Spain,Product 109,Electronics,Electronics 2,3,212.97,162.23,false
4673,2025-04-04,Store,Store 031,North,France,Product 108,Sports,Sports 1,5,169.95,115.42,false
4674,2024-03-16,Store,Store 034,West,Netherlands,Product 020,Home,Home 1,9,2249.91,1620.08,false
4675,2025-07-10,Online,Store 034,West,Netherlands,Product 015,Garden,Garden 4,4,259.96,141.95,false
4676,2025-06-08,Store,Store 028,East,Netherlands,Product 083,Clothing,Clothing 4,1,100.99,71.00,false
4677,2025-08-27,Store,Store 032,South,Spain,Product 063,Garden,Garden 4,1,352.99,249.84,false
4678,2023-12-05,Online,Store 033,East,Italy,Product 080,Home,Home 1,10,4859.90,3346.05,false
4679,2023-12-02,Store,Store 025,Central,France,Product 097,Electronics,Electronics 2,10,1229.90,685.39,false
4680,2023-12-29,Store,Store 040,Central,Netherlands,Product 114,Sports,Sports 3,4,1023.96,802.34,false
4681,2023-09-18,Online,Store 038,East,Spain,Product 091,Electronics,Electronics 4,4,1587.96,935.08,false
4682,2023-08-08,Store,Store 035,Central,United Kingdom,Product 055,Electronics,Electronics 4,9,512.91,301.07,false
4683,2023-10-02,Store,Store 019,West,France,Product 094,Toys,Toys 3,9,107.91,73.60,false
4684,2024-09-10,Online,Store 035,Central,United Kingdom,Product 107,Clothing,Clothing 4,7,3450.93,1880.02,false
4685,2023-06-22,Store,Store 003,East,Italy,Product 061,Electronics,Electronics 2,1,278.99,174.57,false
4686,2025-06-22,Store,Store 001,North,France,Product 012,Sports,Sports 1,2,899.98,487.68,false
4687,2024-12-09,Store,Store 032,South,Spain,Product 102,Sports,Sports 3,6,1847.94,1041.56,false
4688,2023-07-13,Online,Store 010,Central,Netherlands,Product 067,Electronics,Electronics 4,2,1001.98,549.02,false
4689,2025-04-09,Store,Store 023,East,United Kingdom,Product 075,Garden,Garden 4,7,2106.93,1472.41,false
4690,2025-09-22,Online,Store 015,Central,Italy,Product 008,Home,Home 1,7,2113.93,1490.52,false
4691,2023-05-05,Online,Store 023,East,United Kingdom,Product 035,Clothing,Clothing 4,10,3089.90,1849.14,false
4692,2024-06-11,Store,Store 020,Central,Spain,Product 051,Garden,Garden 4,4,1619.96,995.33,false
4693,2025-01-11,Store,Store 021,North,Italy,Product 086,Home,Home 3,9,1907.91,1078.71,false
4694,2025-05-13,Store,Store 015,Central,Italy,Product 011,Clothing,Clothing 4,9,3716.91,2128.39,false
4695,2025-03-22,Store,Store 017,South,United Kingdom,Product 100,Toys,Toys 1,1,233.99,142.88,false
4696,2023-04-29,Store,Store 018,East,Germany,Product 039,Garden,Garden 4,10,4569.90,3365.70,false
4697,2023-10-30,Store,Store 014,West,Spain,Product 070,Toys,Toys 3,9,1043.91,582.12,false
4698,2025-07-11,Store,Store 017,South,United Kingdom,Product 037,Electronics,Electronics 2,9,3446.91,1770.35,false
4699,2023-02-23,Online,Store 015,Central,Italy,Product 010,Toys,Toys 3,5,1879.95,1300.30,false
4700,2023-10-12,Online,Store 006,North,Germany,Product 034,Toys,Toys 3,3,815.97,425.04,false
4701,2024-07-11,Store,Store 021,North,Italy,Product 081,Garden,Garden 2,1,26.99,14.49,false
4702,2023-03-02,Store,Store 021,North,Italy,Product 092,Home,Home 1,3,1301.97,729.68,false
4703,2024-10-01,Store,Store 021,North,Italy,Product 061,Electronics,Electronics 2,1,278.99,176.93,false
4704,2025-01-28,Online,Store 027,South,Italy,Product 016,Toys,Toys 1,5,509.95,358.37,false
4705,2023-04-27,Store,Store 036,North,Germany,Product 063,Garden,Garden 4,1,352.99,210.87,false
4706,2024-05-07,Online,Store 021,North,Italy,Product 111,Garden,Garden 4,3,434.97,262.97,false
4707,2023-04-15,Online,Store 022,South,Netherlands,Product 024,Sports,Sports 1,2,795.98,614.04,false
4708,2023-10-06,Store,Store 033,East,Italy,Product 029,Clothing,Clothing 2,6,521.94,290.29,false
4709,2025-12-04,Online,Store 011,North,United Kingdom,Product 002,Home,Home 3,6,479.94,276.84,false
4710,2024-02-18,Store,Store 002,South,Spain,Product 084,Sports,Sports 1,10,1379.90,708.62,false
4711,2024-12-09,Store,Store 026,North,Spain,Product 065,Clothing,Clothing 2,9,3842.91,2418.95,false
4712,2023-04-19,Store,Store 002,South,Spain,Product 083,Clothing,Clothing 4,5,504.95,330.10,false
4713,2025-08-11,Online,Store 023,East,United Kingdom,Product 068,Home,Home 1,4,167.96,129.47,false
4714,2025-03-04,Store,Store 032,South,Spain,Product 027,Garden,Garden 4,7,90.93,60.60,false
4715,2024-08-31,Store,Store 017,South,United Kingdom,Product 011,Clothing,Clothing 4,6,2477.94,1448.22,false
4716,2023-10-27,Store,Store 017,South,United Kingdom,Product 091,Electronics,Electronics 4,4,1587.96,1160.28,false
4717,2025-08-18,Online,Store 029,West,United Kingdom,Product 018,Sports,Sports 3,10,1759.90,1050.21,false
4718,2024-10-08,Online,Store 008,East,Spain,Product 022,Toys,Toys 3,3,971.97,603.58,false
4719,2024-04-11,Store,Store 021,North,Italy,Product 038,Home,Home 3,10,4199.90,2856.26,false
4720,2023-06-12,Store,Store 020,Central,Spain,Product 051,Garden,Garden 4,5,2024.95,1397.47,false
4721,2023-01-01,Online,Store 023,East,United Kingdom,Product 084,Sports,Sports 1,7,965.93,694.57,false
4722,2024-04-22,Store,Store 023,East,United Kingdom,Product 019,Electronics,Electronics 4,10,2129.90,1403.46,false
4723,2024-09-30,Online,Store 026,North,Spain,Product 073,Electronics,Electronics 2,9,2042.91,1446.60,false
4724,2023-07-02,Store,Store 004,West,Netherlands,Product 045,Garden,Garden 2,3,548.97,377.25,false
4725,2025-09-18,Store,Store 036,North,Germany,Product 112,Toys,Toys 1,10,1819.90,1075.59,false
4726,2025-10-15,Store,Store 007,South,France,Product 009,Garden,Garden 2,8,2711.92,1857.87,false
4727,2024-02-14,Store,Store 032,South,Spain,Product 021,Garden,Garden 2,1,286.99,187.93,false
4728,2023-02-19,Store,Store 001,North,France,Product 107,Clothing,Clothing 4,4,1971.96,1290.67,false
4729,2025-01-22,Store,Store 021,North,Italy,Product 068,Home,Home 1,5,209.95,121.53,false
4730,2025-04-01,Online,Store 032,South,Spain,Product 065,Clothing,Clothing 2,10,4269.90,2926.99,false
4731,2025-04-16,Store,Store 027,South,Italy,Product 057,Garden,Garden 2,9,1178.91,875.76,false
4732,2024-08-31,Store,Store 001,North,France,Product 097,Electronics,Electronics 2,6,737.94,554.27,false
4733,2024-03-09,Store,Store 035,Central,United Kingdom,Product 047,Clothing,Clothing 4,7,1798.93,1399.87,false
4734,2024-05-08,Store,Store 008,East,Spain,Product 063,Garden,Garden 4,8,2823.92,1820.91,false
4735,2023-04-19,Online,Store 019,West,France,Product 008,Home,Home 1,6,1811.94,1246.68,false
4736,2024-05-31,Store,Store 010,Central,Netherlands,Product 020,Home,Home 1,5,1249.95,703.43,false
4737,2024-10-06,Store,Store 008,East,Spain,Product 120,Sports,Sports 1,9,4301.91,2694.18,false
4738,2025-05-18,Online,Store 008,East,Spain,Product 120,Sports,Sports 1,7,3345.93,1991.80,false
4739,2023-09-24,Store,Store 016,North,Netherlands,Product 104,Home,Home 1,8,3055.92,1746.98,false
4740,2023-10-31,Store,Store 013,East,France,Product 006,Sports,Sports 3,8,1823.92,994.46,false
4741,2023-03-02,Online,Store 029,West,United Kingdom,Product 017,Clothing,Clothing 2,4,555.96,368.85,false
4742,2024-06-16,Online,Store 026,North,Spain,Product 095,Clothing,Clothing 4,8,391.92,199.79,false
4743,2023-03-11,Online,Store 002,South,Spain,Product 013,Electronics,Electronics 2,9,4382.91,2914.47,false
4744,2023-11-02,Store,Store 004,West,Netherlands,Product 112,Toys,Toys 1,3,545.97,277.44,false
4745,2025-01-16,Store,Store 035,Central,United Kingdom,Product 092,Home,Home 1,10,4339.90,3418.50,false
4746,2024-02-12,Online,Store 038,East,Spain,Product 068,Home,Home 1,9,377.91,225.71,false
4747,2023-07-19,Store,Store 003,East,Italy,Product 066,Sports,Sports 3,1,463.99,355.50,false
4748,2024-06-15,Store,Store 003,East,Italy,Product 022,Toys,Toys 3,6,1943.94,1447.37,false
4749,2024-12-07,Online,Store 028,East,Netherlands,Product 080,Home,Home 1,2,971.98,661.39,false
4750,2023-12-28,Store,Store 022,South,Netherlands,Product 011,Clothing,Clothing 4,9,3716.91,2171.60,false
4751,2024-07-10,Store,Store 033,East,Italy,Product 064,Toys,Toys 1,4,1559.96,792.83,false
4752,2024-08-26,Store,Store 021,North,Italy,Product 006,Sports,Sports 3,4,911.96,688.20,false
4753,2024-12-20,Store,Store 016,North,Netherlands,Product 118,Toys,Toys 3,8,3231.92,2393.88,false
4754,2025-01-19,Online,Store 002,South,Spain,Product 013,Electronics,Electronics 2,6,2921.94,1684.43,false
4755,2025-09-03,Online,Store 036,North,Germany,Product 108,Sports,Sports 1,7,237.93,134.91,false
4756,2023-06-12,Online,Store 020,Central,Spain,Product 017,Clothing,Clothing 2,3,416.97,219.14,false
4757,2024-11-29,Store,Store 036,North,Germany,Product 084,Sports,Sports 1,6,827.94,458.58,false
4758,2023-07-10,Store,Store 031,North,France,Product 021,Garden,Garden 2,1,286.99,177.09,false
4759,2023-01-13,Store,Store 003,East,Italy,Product 079,Electronics,Electronics 4,3,1346.97,878.75,false
4760,2023-06-27,Store,Store 007,South,France,Product 108,Sports,Sports 1,5,169.95,133.46,false
4761,2023-09-23,Store,Store 035,Central,United Kingdom,Product 106,Toys,Toys 3,5,2279.95,1754.10,false
4762,2024-02-21,Store,Store 007,South,France,Product 036,Sports,Sports 1,2,691.98,366.54,false
4763,2024-01-02,Store,Store 036,North,Germany,Product 083,Clothing,Clothing 4,8,807.92,424.78,false
4764,2025-10-07,Store,Store 004,West,Netherlands,Product 049,Electronics,Electronics 2,1,330.99,209.70,false
4765,2025-09-11,Online,Store 010,Central,Netherlands,Product 086,Home,Home 3,2,423.98,265.99,false
4766,2024-02-07,Store,Store 027,South,Italy,Product 052,Toys,Toys 1,10,4419.90,2640.38,false
4767,2023-04-16,Store,Store 031,North,France,Product 038,Home,Home 3,8,3359.92,2239.76,false
4768,2025-01-06,Store,Store 039,West,Italy,Product 057,Garden,Garden 2,6,785.94,438.06,false
4769,2024-08-07,Store,Store 010,Central,Netherlands,Product 017,Clothing,Clothing 2,5,694.95,508.21,false
4770,2024-01-16,Store,Store 020,Central,Spain,Product 072,Sports,Sports 1,9,1709.91,1271.63,false
4771,2025-02-20,Online,Store 025,Central,France,Product 051,Garden,Garden 4,9,3644.91,1976.28,false
4772,2025-05-12,Store,Store 026,North,Spain,Product 070,Toys,Toys 3,10,1159.90,761.65,false
4773,2024-11-06,Online,Store 007,South,France,Product 036,Sports,Sports 1,10,3459.90,2495.03,false
4774,2023-11-04,Online,Store 016,North,Netherlands,Product 014,Home,Home 3,7,195.93,126.44,false
4775,2023-08-20,Store,Store 004,West,Netherlands,Product 112,Toys,Toys 1,6,1091.94,592.25,false
4776,2024-08-13,Online,Store 032,South,Spain,Product 033,Garden,Garden 2,4,939.96,488.18,false
4777,2023-06-06,Store,Store 020,Central,Spain,Product 038,Home,Home 3,4,1679.96,1301.13,false
4778,2023-10-08,Store,Store 018,East,Germany,Product 080,Home,Home 1,1,485.99,261.79,false
4779,2023-01-11,Online,Store 004,West,Netherlands,Product 107,Clothing,Clothing 4,6,2957.94,2152.79,false
4780,2023-04-30,Store,Store 001,North,France,Product 074,Home,Home 3,5,1319.95,929.93,false
4781,2023-12-08,Store,Store 004,West,Netherlands,Product 085,Electronics,Electronics 2,9,1574.91,1146.29,false
4782,2025-06-11,Online,Store 036,North,Germany,Product 075,Garden,Garden 4,8,2407.92,1747.66,false
4783,2023-04-19,Store,Store 032,South,Spain,Product 069,Garden,Garden 2,3,236.97,157.90,false
4784,2024-09-06,Store,Store 024,West,Germany,Product 040,Toys,Toys 1,3,1481.97,1073.48,false
4785,2024-03-24,Store,Store 004,West,Netherlands,Product 047,Clothing,Clothing 4,10,2569.90,1416.31,false
4786,2023-11-04,Store,Store 028,East,Netherlands,Product 049,Electronics,Electronics 2,5,1654.95,1160.27,false
4787,2023-03-02,Online,Store 005,Central,United Kingdom,Product 104,Home,Home 1,4,1527.96,897.67,false
4788,2023-10-25,Online,Store 014,West,Spain,Product 102,Sports,Sports 3,2,615.98,319.59,false
4789,2023-12-28,Store,Store 030,Central,Germany,Product 012,Sports,Sports 1,5,2249.95,1142.55,false
4790,2025-01-18,Store,Store 008,East,Spain,Product 054,Sports,Sports 3,2,39.98,24.21,false
4791,2023-09-05,Store,Store 031,North,France,Product 119,Clothing,Clothing 4,7,3086.93,1792.67,false
4792,2023-02-24,Online,Store 035,Central,United Kingdom,Product 075,Garden,Garden 4,6,1805.94,1068.37,false
4793,2025-06-09,Online,Store 006,North,Germany,Product 048,Sports,Sports 1,4,1175.96,850.35,false
4794,2023-08-20,Store,Store 019,West,France,Product 047,Clothing,Clothing 4,6,1541.94,1103.88,false
4795,2024-02-26,Store,Store 025,Central,France,Product 007,Electronics,Electronics 4,3,794.97,485.08,false
4796,2024-11-15,Store,Store 032,South,Spain,Product 015,Garden,Garden 4,7,454.93,316.98,false
4797,2024-04-30,Online,Store 006,North,Germany,Product 067,Electronics,Electronics 4,6,3005.94,1931.84,false
4798,2025-07-19,Store,Store 036,North,Germany,Product 044,Home,Home 1,3,437.97,241.17,false
4799,2025-12-12,Online,Store 018,East,Germany,Product 096,Sports,Sports 1,4,343.96,249.05,false
4800,2025-09-07,Store,Store 017,South,United Kingdom,Product 006,Sports,Sports 3,8,1823.92,1039.26,false
4801,2025-02-13,Store,Store 022,South,Netherlands,Product 051,Garden,Garden 4,4,1619.96,1139.84,false
4802,2024-08-03,Store,Store 037,South,France,Product 118,Toys,Toys 3,10,4039.90,2115.40,false
4803,2025-11-27,Store,Store 008,East,Spain,Product 117,Garden,Garden 2,9,3302.91,2427.77,false
4804,2023-10-05,Store,Store 010,Central,Netherlands,Product 112,Toys,Toys 1,2,363.98,217.44,false
4805,2023-03-05,Store,Store 012,South,Germany,Product 022,Toys,Toys 3,3,971.97,587.39,false
4806,2025-08-31,Store,Store 014,West,Spain,Product 044,Home,Home 1,1,145.99,98.73,false
4807,2025-05-16,Store,Store 038,East,Spain,Product 040,Toys,Toys 1,8,3951.92,1997.52,false
4808,2024-08-29,Online,Store 006,North,Germany,Product 116,Home,Home 1,3,989.97,722.29,false
4809,2023-08-30,Store,Store 017,South,United Kingdom,Product 014,Home,Home 3,6,167.94,98.98,false
4810,2025-11-03,Store,Store 001,North,France,Product 001,Electronics,Electronics 2,10,429.90,342.04,false
4811,2024-11-10,Store,Store 021,North,Italy,Product 080,Home,Home 1,8,3887.92,2844.11,false
4812,2025-03-10,Store,Store 013,East,France,Product 057,Garden,Garden 2,9,1178.91,919.69,false
4813,2024-06-10,Store,Store 009,West,Italy,Product 005,Clothing,Clothing 2,6,1145.94,845.07,false
4814,2024-09-13,Store,Store 024,West,Germany,Product 097,Electronics,Electronics 2,10,1229.90,868.04,false
4815,2025-03-02,Store,Store 001,North,France,Product 063,Garden,Garden 4,7,2470.93,1826.84,false
4816,2024-09-21,Online,Store 010,Central,Netherlands,Product 085,Electronics,Electronics 2,7,1224.93,685.25,false
4817,2025-04-21,Online,Store 011,North,United Kingdom,Product 003,Garden,Garden 4,3,350.97,265.95,false
4818,2024-06-05,Store,Store 026,North,Spain,Product 019,Electronics,Electronics 4,6,1277.94,962.42,false
4819,2024-05-08,Store,Store 039,West,Italy,Product 015,Garden,Garden 4,5,324.95,196.31,false
4820,2024-11-13,Store,Store 033,East,Italy,Product 065,Clothing,Clothing 2,4,1707.96,972.79,false
4821,2023-12-25,Store,Store 012,South,Germany,Product 089,Clothing,Clothing 2,10,3229.90,1942.32,false
4822,2024-11-21,Store,Store 007,South,France,Product 111,Garden,Garden 4,2,289.98,152.39,false
4823,2025-07-20,Store,Store 032,South,Spain,Product 088,Toys,Toys 1,10,2859.90,1584.33,false
4824,2025-12-24,Store,Store 007,South,France,Product 099,Garden,Garden 4,8,1575.92,1129.55,false
4825,2025-12-20,Store,Store 033,East,Italy,Product 055,Electronics,Electronics 4,6,341.94,262.96,false
4826,2024-03-05,Online,Store 025,Central,France,Product 003,Garden,Garden 4,4,467.96,327.74,false
4827,2024-11-02,Store,Store 008,East,Spain,Product 039,Garden,Garden 4,10,4569.90,3410.87,false
4828,2024-04-02,Store,Store 021,North,Italy,Product 100,Toys,Toys 1,6,1403.94,939.25,false
4829,2024-07-17,Store,Store 010,Central,Netherlands,Product 086,Home,Home 3,2,423.98,289.98,false
4830,2024-11-11,Online,Store 031,North,France,Product 120,Sports,Sports 1,6,2867.94,1778.08,false
4831,2025-02-22,Online,Store 024,West,Germany,Product 083,Clothing,Clothing 4,7,706.93,541.79,false
4832,2024-05-01,Online,Store 033,East,Italy,Product 097,Electronics,Electronics 2,1,122.99,64.28,false
4833,2025-03-14,Store,Store 019,West,France,Product 099,Garden,Garden 4,6,1181.94,595.30,false
4834,2024-08-24,Store,Store 023,East,United Kingdom,Product 021,Garden,Garden 2,9,2582.91,1806.48,false
4835,2025-04-01,Store,Store 004,West,Netherlands,Product 028,Toys,Toys 1,9,449.91,299.72,false
4836,2025-05-13,Store,Store 037,South,France,Product 022,Toys,Toys 3,6,1943.94,1161.11,false
4837,2024-12-06,Store,Store 010,Central,Netherlands,Product 114,Sports,Sports 3,7,1791.93,1299.50,false
4838,2024-05-14,Store,Store 029,West,United Kingdom,Product 049,Electronics,Electronics 2,1,330.99,246.40,false
4839,2023-11-26,Store,Store 008,East,Spain,Product 115,Electronics,Electronics 4,9,2636.91,1742.66,false
4840,2023-06-04,Online,Store 023,East,United Kingdom,Product 019,Electronics,Electronics 4,10,2129.90,1221.82,false
4841,2025-03-28,Store,Store 027,South,Italy,Product 101,Clothing,Clothing 2,1,270.99,150.10,false
4842,2025-07-20,Store,Store 011,North,United Kingdom,Product 003,Garden,Garden 4,6,701.94,503.39,false
4843,2025-04-09,Online,Store 024,West,Germany,Product 010,Toys,Toys 3,3,1127.97,726.12,false
4844,2023-11-12,Online,Store 008,East,Spain,Product 072,Sports,Sports 1,9,1709.91,1078.90,false
4845,2024-01-25,Online,Store 019,West,France,Product 047,Clothing,Clothing 4,9,2312.91,1815.90,false
4846,2023-10-19,Store,Store 013,East,France,Product 080,Home,Home 1,5,2429.95,1484.28,false
4847,2025-11-02,Store,Store 022,South,Netherlands,Product 101,Clothing,Clothing 2,2,541.98,370.74,false
4848,2025-03-14,Store,Store 011,North,United Kingdom,Product 024,Sports,Sports 1,5,1989.95,1112.24,false
4849,2024-10-18,Store,Store 001,North,France,Product 051,Garden,Garden 4,2,809.98,572.41,false
4850,2025-04-11,Store,Store 026,North,Spain,Product 011,Clothing,Clothing 4,3,1238.97,718.44,false
4851,2024-07-23,Online,Store 024,West,Germany,Product 014,Home,Home 3,5,139.95,77.60,false
4852,2024-12-05,Online,Store 008,East,Spain,Product 117,Garden,Garden 2,6,2201.94,1215.03,false
4853,2025-01-08,Store,Store 028,East,Netherlands,Product 103,Electronics,Electronics 4,9,3104.91,2424.82,false
4854,2023-04-15,Online,Store 004,West,Netherlands,Product 063,Garden,Garden 4,8,2823.92,1733.62,false
4855,2025-01-21,Store,Store 021,North,Italy,Product 011,Clothing,Clothing 4,4,1651.96,1209.39,false
4856,2025-08-13,Store,Store 008,East,Spain,Product 016,Toys,Toys 1,5,509.95,313.61,false
4857,2023-02-18,Online,Store 003,East,Italy,Product 115,Electronics,Electronics 4,4,1171.96,654.23,false
4858,2024-05-26,Online,Store 007,South,France,Product 066,Sports,Sports 3,4,1855.96,1432.74,false
4859,2024-10-20,Store,Store 025,Central,France,Product 007,Electronics,Electronics 4,6,1589.94,1060.28,false
4860,2023-02-26,Store,Store 013,East,France,Product 019,Electronics,Electronics 4,4,851.96,537.74,false
4861,2024-01-31,Store,Store 027,South,Italy,Product 004,Toys,Toys 1,9,1385.91,1072.10,false
4862,2025-11-03,Store,Store 004,West,Netherlands,Product 080,Home,Home 1,4,1943.96,1509.43,false
4863,2025-10-11,Online,Store 003,East,Italy,Product 099,Garden,Garden 4,8,1575.92,1058.91,false
4864,2024-04-10,Store,Store 012,South,Germany,Product 010,Toys,Toys 3,4,1503.96,837.69,false
4865,2023-05-24,Store,Store 005,Central,United Kingdom,Product 085,Electronics,Electronics 2,2,349.98,202.28,false
4866,2024-09-20,Store,Store 011,North,United Kingdom,Product 105,Garden,Garden 2,7,2932.93,2241.89,false
4867,2023-07-31,Online,Store 029,West,United Kingdom,Product 081,Garden,Garden 2,4,107.96,66.30,false
4868,2024-06-19,Store,Store 004,West,Netherlands,Product 083,Clothing,Clothing 4,6,605.94,316.69,false
4869,2025-03-04,Store,Store 008,East,Spain,Product 069,Garden,Garden 2,8,631.92,352.29,false
4870,2023-12-04,Store,Store 031,North,France,Product 013,Electronics,Electronics 2,7,3408.93,2635.58,false
4871,2025-07-02,Store,Store 017,South,United Kingdom,Product 038,Home,Home 3,10,4199.90,2397.41,false
4872,2024-12-22,Online,Store 010,Central,Netherlands,Product 094,Toys,Toys 3,2,23.98,14.83,false
4873,2024-07-22,Store,Store 013,East,France,Product 115,Electronics,Electronics 4,10,2929.90,1645.69,false
4874,2025-08-15,Store,Store 037,South,France,Product 102,Sports,Sports 3,5,1539.95,927.98,false
4875,2023-06-19,Online,Store 026,North,Spain,Product 079,Electronics,Electronics 4,2,897.98,634.52,false
4876,2025-12-27,Store,Store 040,Central,Netherlands,Product 019,Electronics,Electronics 4,9,1916.91,1466.38,false
4877,2024-09-30,Online,Store 013,East,France,Product 117,Garden,Garden 2,2,733.98,518.45,false
4878,2024-04-06,Store,Store 015,Central,Italy,Product 048,Sports,Sports 1,8,2351.92,1346.01,false
4879,2025-07-16,Store,Store 021,North,Italy,Product 052,Toys,Toys 1,7,3093.93,2108.95,false
4880,2025-12-01,Store,Store 008,East,Spain,Product 035,Clothing,Clothing 4,6,1853.94,1434.56,false
4881,2025-09-05,Store,Store 020,Central,Spain,Product 078,Sports,Sports 3,8,3295.92,2526.29,false
4882,2023-08-01,Store,Store 003,East,Italy,Product 104,Home,Home 1,2,763.98,415.56,false
4883,2023-01-30,Store,Store 034,West,Netherlands,Product 078,Sports,Sports 3,5,2059.95,1458.46,false
4884,2024-06-04,Online,Store 011,North,United Kingdom,Product 051,Garden,Garden 4,1,404.99,279.06,true
4885,2024-05-01,Store,Store 030,Central,Germany,Product 102,Sports,Sports 3,2,615.98,356.01,false
4886,2024-10-04,Online,Store 029,West,United Kingdom,Product 077,Clothing,Clothing 2,6,2249.94,1636.39,false
4887,2023-12-31,Online,Store 030,Central,Germany,Product 088,Toys,Toys 1,8,2287.92,1482.77,false
4888,2024-07-07,Store,Store 031,North,France,Product 114,Sports,Sports 3,4,1023.96,763.27,false
4889,2024-04-12,Store,Store 006,North,Germany,Product 036,Sports,Sports 1,7,2421.93,1340.12,false
4890,2025-04-28,Store,Store 024,West,Germany,Product 116,Home,Home 1,10,3299.90,1854.11,false
4891,2023-11-01,Online,Store 019,West,France,Product 110,Home,Home 3,4,431.96,225.61,false
4892,2024-09-17,Store,Store 029,West,United Kingdom,Product 108,Sports,Sports 1,3,101.97,67.71,false
4893,2023-06-26,Store,Store 031,North,France,Product 004,Toys,Toys 1,6,923.94,655.04,false
4894,2023-07-30,Store,Store 017,South,United Kingdom,Product 021,Garden,Garden 2,8,2295.92,1484.38,false
4895,2024-03-11,Store,Store 038,East,Spain,Product 005,Clothing,Clothing 2,8,1527.92,776.09,false
4896,2025-04-04,Store,Store 028,East,Netherlands,Product 040,Toys,Toys 1,3,1481.97,958.85,false
4897,2024-05-21,Online,Store 036,North,Germany,Product 058,Toys,Toys 3,3,503.97,332.37,false
4898,2024-05-14,Online,Store 004,West,Netherlands,Product 115,Electronics,Electronics 4,8,2343.92,1576.76,false
4899,2023-07-29,Online,Store 012,South,Germany,Product 016,Toys,Toys 1,1,101.99,65.86,false
4900,2024-10-11,Store,Store 037,South,France,Product 099,Garden,Garden 4,10,1969.90,1277.92,false
4901,2024-11-22,Store,Store 022,South,Netherlands,Product 098,Home,Home 3,5,799.95,416.44,false
4902,2024-08-16,Store,Store 013,East,France,Product 095,Clothing,Clothing 4,5,244.95,125.04,false
4903,2023-10-28,Store,Store 028,East,Netherlands,Product 080,Home,Home 1,7,3401.93,2491.48,false
4904,2023-08-12,Online,Store 014,West,Spain,Product 092,Home,Home 1,4,1735.96,1338.96,false
4905,2023-10-16,Store,Store 012,South,Germany,Product 005,Clothing,Clothing 2,5,954.95,606.57,true
4906,2025-09-29,Online,Store 031,North,France,Product 103,Electronics,Electronics 4,6,2069.94,1336.21,false
4907,2025-05-18,Store,Store 023,East,United Kingdom,Product 066,Sports,Sports 3,10,4639.90,2396.89,false
4908,2024-08-29,Online,Store 003,East,Italy,Product 091,Electronics,Electronics 4,3,1190.97,914.07,false
4909,2024-04-12,Online,Store 032,South,Spain,Product 104,Home,Home 1,2,763.98,448.03,false
4910,2025-04-11,Online,Store 021,North,Italy,Product 008,Home,Home 1,6,1811.94,1308.67,false
4911,2025-09-08,Store,Store 024,West,Germany,Product 018,Sports,Sports 3,2,351.98,277.06,false
4912,2024-02-17,Store,Store 014,West,Spain,Product 086,Home,Home 3,5,1059.95,704.60,false
4913,2024-11-07,Online,Store 002,South,Spain,Product 009,Garden,Garden 2,1,338.99,217.43,false
4914,2025-03-02,Online,Store 019,West,France,Product 028,Toys,Toys 1,9,449.91,263.83,false
4915,2025-01-07,Store,Store 020,Central,Spain,Product 040,Toys,Toys 1,9,4445.91,2477.76,false
4916,2023-11-10,Store,Store 035,Central,United Kingdom,Product 001,Electronics,Electronics 2,2,85.98,57.64,false
4917,2025-11-12,Online,Store 039,West,Italy,Product 088,Toys,Toys 1,9,2573.91,1999.10,false
4918,2023-12-21,Online,Store 020,Central,Spain,Product 101,Clothing,Clothing 2,5,1354.95,938.95,false
4919,2023-04-08,Store,Store 012,South,Germany,Product 094,Toys,Toys 3,3,35.97,27.10,false
4920,2025-04-02,Store,Store 001,North,France,Product 084,Sports,Sports 1,3,413.97,233.19,false
4921,2023-07-26,Online,Store 040,Central,Netherlands,Product 116,Home,Home 1,8,2639.92,1465.45,false
4922,2025-02-12,Online,Store 029,West,United Kingdom,Product 019,Electronics,Electronics 4,6,1277.94,995.00,false
4923,2023-11-20,Online,Store 035,Central,United Kingdom,Product 047,Clothing,Clothing 4,4,1027.96,712.64,false
4924,2025-09-23,Online,Store 005,Central,United Kingdom,Product 104,Home,Home 1,5,1909.95,1413.11,false
4925,2024-08-13,Store,Store 026,North,Spain,Product 004,Toys,Toys 1,8,1231.92,968.19,false
4926,2024-10-12,Store,Store 033,East,Italy,Product 069,Garden,Garden 2,3,236.97,187.61,false
4927,2025-01-12,Online,Store 017,South,United Kingdom,Product 012,Sports,Sports 1,7,3149.93,1952.80,false
4928,2023-08-13,Store,Store 020,Central,Spain,Product 076,Toys,Toys 1,6,2027.94,1128.25,false
4929,2025-03-31,Store,Store 030,Central,Germany,Product 095,Clothing,Clothing 4,6,293.94,155.68,false
4930,2025-11-14,Online,Store 040,Central,Netherlands,Product 071,Clothing,Clothing 4,6,917.94,715.34,false
4931,2025-10-12,Online,Store 029,West,United Kingdom,Product 031,Electronics,Electronics 4,6,965.94,627.16,false
4932,2025-04-30,Store,Store 003,East,Italy,Product 028,Toys,Toys 1,1,49.99,37.64,false
4933,2025-02-01,Online,Store 028,East,Netherlands,Product 082,Toys,Toys 3,8,511.92,348.94,false
4934,2024-05-14,Store,Store 003,East,Italy,Product 001,Electronics,Electronics 2,4,171.96,119.83,false
4935,2025-06-14,Online,Store 018,East,Germany,Product 039,Garden,Garden 4,2,913.98,554.15,false
4936,2023-08-05,Online,Store 011,North,United Kingdom,Product 094,Toys,Toys 3,8,95.92,49.93,true
4937,2024-04-14,Online,Store 005,Central,United Kingdom,Product 003,Garden,Garden 4,2,233.98,143.27,false
4938,2023-01-01,Online,Store 008,East,Spain,Product 013,Electronics,Electronics 2,10,4869.90,3796.30,false
4939,2024-04-08,Store,Store 015,Central,Italy,Product 053,Clothing,Clothing 2,9,4310.91,2608.39,false
4940,2023-10-07,Online,Store 032,South,Spain,Product 022,Toys,Toys 3,1,323.99,193.15,false
4941,2023-08-07,Online,Store 003,East,Italy,Product 088,Toys,Toys 1,7,2001.93,1553.10,false
4942,2024-08-14,Store,Store 003,East,Italy,Product 102,Sports,Sports 3,8,2463.92,1543.80,false
4943,2025-08-18,Store,Store 028,East,Netherlands,Product 029,Clothing,Clothing 2,6,521.94,344.74,false
4944,2025-03-24,Online,Store 029,West,United Kingdom,Product 118,Toys,Toys 3,7,2827.93,1736.79,false
4945,2024-12-08,Store,Store 030,Central,Germany,Product 111,Garden,Garden 4,8,1159.92,792.04,false
4946,2025-01-31,Store,Store 014,West,Spain,Product 010,Toys,Toys 3,5,1879.95,1361.81,false
4947,2023-12-05,Store,Store 010,Central,Netherlands,Product 062,Home,Home 3,2,631.98,378.34,true
4948,2025-09-16,Online,Store 018,East,Germany,Product 013,Electronics,Electronics 2,2,973.98,601.73,false
4949,2023-11-09,Online,Store 017,South,United Kingdom,Product 023,Clothing,Clothing 4,7,2526.93,1791.14,false
4950,2025-03-10,Online,Store 007,South,France,Product 110,Home,Home 3,1,107.99,70.88,false
4951,2023-01-08,Store,Store 029,West,United Kingdom,Product 013,Electronics,Electronics 2,7,3408.93,2158.78,false
4952,2025-08-27,Store,Store 020,Central,Spain,Product 054,Sports,Sports 3,4,79.96,55.32,false
4953,2023-11-16,Store,Store 025,Central,France,Product 050,Home,Home 3,9,3311.91,1882.12,false
4954,2024-05-04,Store,Store 036,North,Germany,Product 074,Home,Home 3,8,2111.92,1359.25,false
4955,2023-03-18,Online,Store 036,North,Germany,Product 050,Home,Home 3,3,1103.97,764.01,false
4956,2025-01-02,Online,Store 007,South,France,Product 055,Electronics,Electronics 4,8,455.92,355.23,false
4957,2024-02-13,Online,Store 009,West,Italy,Product 074,Home,Home 3,8,2111.92,1568.47,false
4958,2025-09-15,Online,Store 036,North,Germany,Product 022,Toys,Toys 3,7,2267.93,1802.19,false
4959,2025-02-22,Store,Store 006,North,Germany,Product 095,Clothing,Clothing 4,10,489.90,245.89,false
4960,2024-11-10,Online,Store 009,West,Italy,Product 010,Toys,Toys 3,2,751.98,442.83,false
4961,2023-03-14,Online,Store 039,West,Italy,Product 092,Home,Home 1,2,867.98,465.62,false
4962,2023-12-29,Store,Store 020,Central,Spain,Product 051,Garden,Garden 4,9,3644.91,2212.90,false
4963,2025-04-13,Online,Store 017,South,United Kingdom,Product 002,Home,Home 3,10,799.90,623.28,false
4964,2025-09-13,Online,Store 018,East,Germany,Product 063,Garden,Garden 4,9,3176.91,2364.27,false
4965,2024-08-28,Store,Store 028,East,Netherlands,Product 104,Home,Home 1,7,2673.93,1783.04,false
4966,2025-08-30,Store,Store 001,North,France,Product 101,Clothing,Clothing 2,6,1625.94,1026.65,false
4967,2025-02-06,Store,Store 031,North,France,Product 043,Electronics,Electronics 4,3,326.97,206.97,false
4968,2024-09-11,Online,Store 037,South,France,Product 035,Clothing,Clothing 4,1,308.99,180.94,false
4969,2025-09-19,Store,Store 029,West,United Kingdom,Product 105,Garden,Garden 2,6,2513.94,1348.43,false
4970,2023-12-29,Store,Store 020,Central,Spain,Product 116,Home,Home 1,5,1649.95,1001.66,false
4971,2025-04-22,Online,Store 004,West,Netherlands,Product 095,Clothing,Clothing 4,7,342.93,220.93,false
4972,2025-06-08,Store,Store 029,West,United Kingdom,Product 028,Toys,Toys 1,7,349.93,261.76,false
4973,2023-12-09,Store,Store 039,West,Italy,Product 110,Home,Home 3,4,431.96,319.33,false
4974,2025-10-26,Store,Store 015,Central,Italy,Product 002,Home,Home 3,9,719.91,508.30,false
4975,2023-12-26,Online,Store 014,West,Spain,Product 071,Clothing,Clothing 4,5,764.95,558.66,false
4976,2025-09-16,Store,Store 005,Central,United Kingdom,Product 052,Toys,Toys 1,8,3535.92,2554.46,false
4977,2024-10-25,Online,Store 021,North,Italy,Product 100,Toys,Toys 1,9,2105.91,1379.07,false
4978,2023-07-07,Online,Store 015,Central,Italy,Product 078,Sports,Sports 3,10,4119.90,2554.23,false
4979,2025-07-02,Online,Store 004,West,Netherlands,Product 031,Electronics,Electronics 4,6,965.94,733.45,false
4980,2025-08-16,Store,Store 021,North,Italy,Product 024,Sports,Sports 1,8,3183.92,1867.24,false
4981,2025-08-27,Store,Store 037,South,France,Product 066,Sports,Sports 3,5,2319.95,1226.36,false
4982,2023-04-07,Store,Store 013,East,France,Product 073,Electronics,Electronics 2,1,226.99,137.85,false
4983,2025-11-02,Store,Store 018,East,Germany,Product 012,Sports,Sports 1,8,3599.92,2200.28,false
4984,2025-12-17,Store,Store 014,West,Spain,Product 036,Sports,Sports 1,1,345.99,196.87,false
4985,2023-01-22,Store,Store 022,South,Netherlands,Product 060,Sports,Sports 1,8,1935.92,1029.20,false
4986,2024-10-05,Online,Store 008,East,Spain,Product 120,Sports,Sports 1,6,2867.94,1435.77,false
4987,2024-07-22,Online,Store 008,East,Spain,Product 080,Home,Home 1,4,1943.96,1164.37,false
4988,2023-12-01,Online,Store 009,West,Italy,Product 049,Electronics,Electronics 2,1,330.99,170.63,false
4989,2024-05-15,Online,Store 034,West,Netherlands,Product 014,Home,Home 3,4,111.96,71.48,false
4990,2023-12-10,Store,Store 036,North,Germany,Product 069,Garden,Garden 2,7,552.93,386.89,false
4991,2023-08-23,Store,Store 026,North,Spain,Product 007,Electronics,Electronics 4,4,1059.96,678.59,false
4992,2024-07-31,Store,Store 027,South,Italy,Product 102,Sports,Sports 3,10,3079.90,1995.51,false
4993,2024-06-13,Online,Store 032,South,Spain,Product 027,Garden,Garden 4,10,129.90,76.47,false
4994,2023-07-27,Store,Store 009,West,Italy,Product 071,Clothing,Clothing 4,8,1223.92,806.27,true
4995,2024-11-04,Online,Store 008,East,Spain,Product 055,Electronics,Electronics 4,10,569.90,411.85,false
4996,2023-11-20,Online,Store 028,East,Netherlands,Product 085,Electronics,Electronics 2,10,1749.90,943.70,false
4997,2023-03-16,Store,Store 029,West,United Kingdom,Product 020,Home,Home 1,6,1499.94,1128.36,false
4998,2025-05-10,Store,Store 016,North,Netherlands,Product 063,Garden,Garden 4,1,352.99,199.61,false
4999,2023-09-01,Store,Store 022,South,Netherlands,Product 107,Clothing,Clothing 4,5,2464.95,1743.26,false
5000,2023-08-14,Online,Store 035,Central,United Kingdom,Product 071,Clothing,Clothing 4,8,1223.92,729.97,false
